// AUTO-GENERATED by tools/generate_logos.py — do not edit by hand.
// Included by Logos.h AFTER the LogoAsset struct is defined.
#pragma once
#include <Arduino.h>

static const uint16_t L_NFL_ARI[256] PROGMEM = {
  0x0000, 0x0000, 0x0000, 0x0000, 0x0000, 0x0000, 0x0000, 0x0000, 0x0000, 0x0000, 0x0000, 0x0000,
  0x0000, 0x0000, 0x0000, 0x0000, 0x4208, 0x6B4D, 0x0000, 0x0000, 0x0000, 0x0000, 0x0000, 0x0000,
  0x0000, 0x0000, 0x0000, 0x0000, 0x0000, 0x0000, 0x0000, 0x0000, 0x18E3, 0x9CB2, 0x5AEB, 0x4AAA,
  0x0841, 0x0000, 0x0000, 0x0000, 0x0000, 0x0000, 0x0000, 0x0000, 0x0000, 0x0000, 0x0000, 0x0000,
  0x0020, 0x94D2, 0x2821, 0x79E9, 0x6B2C, 0x5B2C, 0x4269, 0x2965, 0x0861, 0x0000, 0x0000, 0x0000,
  0x0000, 0x0000, 0x0000, 0x0000, 0x0000, 0x73AE, 0x4A69, 0x5001, 0x9886, 0x8906, 0x79A8, 0x7229,
  0x6A6A, 0x5AAA, 0x3A48, 0x0020, 0x0000, 0x0000, 0x0000, 0x0000, 0x0000, 0x2945, 0x9CF3, 0x2000,
  0xA107, 0xB0E7, 0xB0A7, 0xA886, 0xA8A6, 0xA8C7, 0x8988, 0x62CB, 0x2986, 0x0000, 0x0000, 0x0000,
  0x0000, 0x0000, 0x6B8D, 0x4A28, 0x7023, 0xB108, 0xB0E7, 0xA0E7, 0x3062, 0x6084, 0xA8A6, 0xA0A6,
  0x728B, 0x2145, 0x0000, 0x0000, 0x0000, 0x0000, 0x0000, 0x8430, 0x3925, 0x8085, 0xB0E7, 0xB908,
  0x6064, 0x0061, 0x3904, 0xA0A6, 0xB0E7, 0x62AA, 0x0000, 0x0000, 0x0000, 0x0000, 0x0000, 0x2124,
  0x634D, 0x6002, 0xB928, 0xA8E7, 0xB8E7, 0x38A3, 0x9513, 0x2082, 0x7064, 0x5189, 0x0841, 0x0000,
  0x0000, 0x0000, 0x0000, 0x0000, 0x7C10, 0x4105, 0xA0A6, 0xB108, 0xB908, 0x7864, 0x39E7, 0x5AEB,
  0x2143, 0x7AE1, 0x4A69, 0x0000, 0x0000, 0x0000, 0x0000, 0x0000, 0x0861, 0x740F, 0x4022, 0xB8C7,
  0xB108, 0xA8E7, 0x0800, 0x0840, 0x7AC0, 0xDD00, 0x9BE5, 0x10C4, 0x0000, 0x0000, 0x0000, 0x0000,
  0x0000, 0x4228, 0x6B8E, 0x50E5, 0x9085, 0xB0E7, 0x1021, 0x0840, 0xCC80, 0xA401, 0x8B85, 0x4208,
  0x0000, 0x0000, 0x0000, 0x0000, 0x0000, 0x0000, 0x2945, 0x52EB, 0x62AB, 0x40A3, 0x0000, 0x0861,
  0x62E8, 0x4228, 0x2986, 0x18C3, 0x0000, 0x0000, 0x0000, 0x0000, 0x0000, 0x0000, 0x0000, 0x0000,
  0x18C3, 0x530B, 0x2945, 0x4A69, 0x1082, 0x0000, 0x0000, 0x0000, 0x0000, 0x0000, 0x0000, 0x0000,
  0x0000, 0x0000, 0x0000, 0x0000, 0x0000, 0x0000, 0x6B4D, 0x2124, 0x0000, 0x0000, 0x0000, 0x0000,
  0x0000, 0x0000, 0x0000, 0x0000, 0x0000, 0x0000, 0x0000, 0x0000, 0x0000, 0x0000, 0x0000, 0x0000,
  0x0000, 0x0000, 0x0000, 0x0000,
};

static const uint16_t L_NFL_ATL[256] PROGMEM = {
  0x0000, 0x0000, 0x0000, 0x0000, 0x0000, 0x0000, 0x0000, 0x0000, 0x0000, 0x0000, 0x0000, 0x0000,
  0x0000, 0x0000, 0x0000, 0x0000, 0x0000, 0x0000, 0x0000, 0x0020, 0x8C71, 0x94D3, 0x6B6D, 0x4208,
  0x10A2, 0x0000, 0x0000, 0x0000, 0x0000, 0x0000, 0x0000, 0x0000, 0x0000, 0x0000, 0x0000, 0x9D34,
  0xB5B6, 0x5A29, 0x736E, 0x8451, 0x8CD3, 0x8471, 0x636D, 0x31C7, 0x0000, 0x0000, 0x0000, 0x0000,
  0x0000, 0x0000, 0x8C72, 0xC638, 0x1020, 0x4800, 0x5000, 0x4800, 0x4801, 0x5105, 0x6269, 0x7B8E,
  0x7C10, 0x5AEB, 0x0861, 0x0000, 0x0841, 0x6B8E, 0xEF7D, 0xB5B6, 0x9CF3, 0x6B4D, 0x49E7, 0x4186,
  0x38E4, 0x2000, 0x1000, 0x1000, 0x0800, 0x4A89, 0x7BEF, 0x18E3, 0x0841, 0x2965, 0x18E3, 0x4228,
  0xE75D, 0x72CB, 0x61A7, 0x3145, 0x0020, 0x3A28, 0x7C10, 0x636D, 0x5B0C, 0x7BCF, 0xB596, 0x4208,
  0x0000, 0x0000, 0x0000, 0x6B6E, 0xBDD7, 0x59E7, 0x4166, 0x0861, 0x0020, 0x62EB, 0x4A6A, 0x8C92,
  0x39C7, 0x18C3, 0x4249, 0x0861, 0x0000, 0x0000, 0x0000, 0xA575, 0x6229, 0x5145, 0x41A7, 0x0000,
  0x4248, 0x7B2D, 0x3021, 0x2924, 0x73AE, 0x0861, 0x0000, 0x0000, 0x0000, 0x0000, 0x0000, 0xBDD7,
  0x9D54, 0x51E7, 0x30E4, 0x0882, 0x94B2, 0x634D, 0xA534, 0xA514, 0x39E7, 0x0841, 0x0000, 0x0000,
  0x0000, 0x0000, 0x0000, 0xADB6, 0x61A7, 0x50C3, 0x3186, 0x5249, 0x6B8E, 0x0000, 0x0882, 0x0000,
  0x0000, 0x0000, 0x0000, 0x0000, 0x0000, 0x0000, 0x0000, 0x9D14, 0x5229, 0x632D, 0x3842, 0x9492,
  0x1082, 0x0000, 0x0000, 0x0000, 0x0000, 0x0000, 0x0000, 0x0000, 0x0000, 0x0000, 0x0000, 0x73AE,
  0xC679, 0x48A3, 0x7A8B, 0x5B4C, 0x0000, 0x0000, 0x0000, 0x0000, 0x0000, 0x0000, 0x0000, 0x0000,
  0x0000, 0x0000, 0x0000, 0x2965, 0x9CF3, 0x3000, 0x8C51, 0x0861, 0x0000, 0x0000, 0x0000, 0x0000,
  0x0000, 0x0000, 0x0000, 0x0000, 0x0000, 0x0000, 0x0000, 0x0000, 0x632C, 0x8451, 0x5B0C, 0x0000,
  0x0000, 0x0000, 0x0000, 0x0000, 0x0000, 0x0000, 0x0000, 0x0000, 0x0000, 0x0000, 0x0000, 0x0000,
  0x0000, 0x5AEB, 0x5B0C, 0x0000, 0x0000, 0x0000, 0x0000, 0x0000, 0x0000, 0x0000, 0x0000, 0x0000,
  0x0000, 0x0000, 0x0000, 0x0000, 0x0000, 0x0000, 0x0000, 0x0000, 0x0000, 0x0000, 0x0000, 0x0000,
  0x0000, 0x0000, 0x0000, 0x0000,
};

static const uint16_t L_NFL_BAL[256] PROGMEM = {
  0x0000, 0x0000, 0x0000, 0x0000, 0x0000, 0x0000, 0x0000, 0x0000, 0x0000, 0x0000, 0x0000, 0x0000,
  0x0000, 0x0000, 0x0000, 0x0000, 0x0000, 0x0000, 0x0000, 0x0000, 0x0000, 0x0000, 0x0000, 0x0000,
  0x0000, 0x0000, 0x0000, 0x0000, 0x0000, 0x0000, 0x0000, 0x0000, 0x0000, 0x0000, 0x0000, 0x0000,
  0x0000, 0x0000, 0x0000, 0x0000, 0x0000, 0x0000, 0x0000, 0x0000, 0x0000, 0x0000, 0x0000, 0x0000,
  0x0000, 0x0000, 0x0000, 0x0000, 0x0000, 0x0000, 0x0000, 0x0000, 0x0000, 0x0000, 0x0000, 0x0000,
  0x0000, 0x0000, 0x0000, 0x0000, 0x0000, 0x0000, 0x0000, 0x0000, 0x0841, 0x39A4, 0x4A06, 0x4A06,
  0x4A06, 0x39A4, 0x0000, 0x0000, 0x0000, 0x0000, 0x0000, 0x0000, 0x0000, 0x0000, 0x0000, 0x5267,
  0x730A, 0x732B, 0x8BAD, 0x8BAB, 0x72CA, 0x4189, 0x7B6B, 0x4A48, 0x0000, 0x0000, 0x0000, 0x0000,
  0x0000, 0x0000, 0x7B47, 0x5A24, 0x20C6, 0x49CD, 0xB48B, 0xA48D, 0x624A, 0x0006, 0x1802, 0x5A87,
  0x4A26, 0x2923, 0x0000, 0x0000, 0x0821, 0x83AB, 0x93A6, 0x62A6, 0x6263, 0x6247, 0x9BCA, 0x624B,
  0x418C, 0x524D, 0x7B4E, 0x4A4A, 0xA4F2, 0xACEF, 0x5267, 0x0000, 0x1082, 0x3185, 0x0000, 0x62E9,
  0x8367, 0x7B25, 0x5205, 0x3107, 0x20AB, 0x390F, 0x83F3, 0xC638, 0xC639, 0xBE18, 0x9C8E, 0x3163,
  0x0000, 0x0000, 0x0841, 0x41E6, 0x39E7, 0x8BEA, 0x4A04, 0x83C9, 0x3944, 0x3107, 0x5227, 0x7349,
  0x734A, 0x6B29, 0x6AE8, 0x3984, 0x0000, 0x0000, 0x0000, 0x0000, 0x0020, 0x0000, 0x0000, 0x18C3,
  0x9409, 0x5246, 0x0861, 0x0000, 0x0000, 0x0000, 0x0000, 0x0000, 0x0000, 0x0000, 0x0000, 0x0000,
  0x0000, 0x0000, 0x0000, 0x0000, 0x2945, 0x0000, 0x0000, 0x0000, 0x0000, 0x0000, 0x0000, 0x0000,
  0x0000, 0x0000, 0x0000, 0x0000, 0x0000, 0x0000, 0x0000, 0x0000, 0x0000, 0x0000, 0x0000, 0x0000,
  0x0000, 0x0000, 0x0000, 0x0000, 0x0000, 0x0000, 0x0000, 0x0000, 0x0000, 0x0000, 0x0000, 0x0000,
  0x0000, 0x0000, 0x0000, 0x0000, 0x0000, 0x0000, 0x0000, 0x0000, 0x0000, 0x0000, 0x0000, 0x0000,
  0x0000, 0x0000, 0x0000, 0x0000, 0x0000, 0x0000, 0x0000, 0x0000, 0x0000, 0x0000, 0x0000, 0x0000,
  0x0000, 0x0000, 0x0000, 0x0000, 0x0000, 0x0000, 0x0000, 0x0000, 0x0000, 0x0000, 0x0000, 0x0000,
  0x0000, 0x0000, 0x0000, 0x0000,
};

static const uint16_t L_NFL_BUF[256] PROGMEM = {
  0x0000, 0x0000, 0x0000, 0x0000, 0x0000, 0x0000, 0x0000, 0x0000, 0x0000, 0x0000, 0x0000, 0x0000,
  0x0000, 0x0000, 0x0000, 0x0000, 0x0000, 0x0000, 0x0000, 0x0000, 0x0000, 0x0000, 0x0000, 0x0000,
  0x0000, 0x0000, 0x0000, 0x0000, 0x0000, 0x0000, 0x0000, 0x0000, 0x0000, 0x0000, 0x0000, 0x0000,
  0x0000, 0x0000, 0x0000, 0x0000, 0x0000, 0x0000, 0x0000, 0x0000, 0x0000, 0x0000, 0x0000, 0x0000,
  0x0000, 0x0000, 0x0000, 0x0000, 0x0000, 0x0000, 0x0000, 0x0000, 0x0020, 0x31C8, 0x4AF0, 0x4291,
  0x4AD0, 0x10A2, 0x0000, 0x0000, 0x0000, 0x0000, 0x0000, 0x0000, 0x0000, 0x0000, 0x0000, 0x4209,
  0x3AB2, 0x1A14, 0x0192, 0x0152, 0x0193, 0x3AB2, 0x3A0A, 0x1082, 0x0000, 0x0000, 0x0000, 0x0000,
  0x0000, 0x1925, 0x32D0, 0x1275, 0x0173, 0x0192, 0x01D3, 0x01F3, 0x01D2, 0x11D3, 0x2AD6, 0x3A0A,
  0x0000, 0x0000, 0x2945, 0x3965, 0x6A8B, 0x8353, 0x6A11, 0x79AE, 0x99CD, 0xA9AC, 0xC18B, 0xD1AB,
  0xE18A, 0xDCF6, 0x3336, 0x2988, 0x0000, 0x69A8, 0xF94A, 0xF8A7, 0xF8C7, 0xF866, 0xF0A6, 0xE908,
  0xD129, 0xB9AC, 0x99EE, 0x69CF, 0x49D0, 0x3AD5, 0x3AD3, 0x1082, 0x18E3, 0xCACD, 0xC127, 0xB28D,
  0x7210, 0x5A92, 0x4AF5, 0x2AB5, 0x1AB4, 0x01F3, 0x0172, 0x1254, 0x01B3, 0x1A74, 0x39E8, 0x0000,
  0x0861, 0x0861, 0x2165, 0x3334, 0x2AF7, 0x5BF6, 0x31E9, 0x3A09, 0x7437, 0x19F3, 0x2A95, 0x6BF5,
  0x8454, 0x39E8, 0x0000, 0x0000, 0x0000, 0x18E4, 0x4B55, 0x5397, 0x4AF1, 0x18E3, 0x0000, 0x18E3,
  0x52AC, 0x63D4, 0x4B12, 0x31E9, 0x0861, 0x0000, 0x0000, 0x0000, 0x0000, 0x5332, 0x6C16, 0x5B93,
  0x0020, 0x0000, 0x0000, 0x0000, 0x0000, 0x1082, 0x0000, 0x0000, 0x0000, 0x0000, 0x0000, 0x0000,
  0x0000, 0x424A, 0x2966, 0x2945, 0x0000, 0x0000, 0x0000, 0x0000, 0x0000, 0x0000, 0x0000, 0x0000,
  0x0000, 0x0000, 0x0000, 0x0000, 0x0000, 0x0000, 0x0000, 0x0000, 0x0000, 0x0000, 0x0000, 0x0000,
  0x0000, 0x0000, 0x0000, 0x0000, 0x0000, 0x0000, 0x0000, 0x0000, 0x0000, 0x0000, 0x0000, 0x0000,
  0x0000, 0x0000, 0x0000, 0x0000, 0x0000, 0x0000, 0x0000, 0x0000, 0x0000, 0x0000, 0x0000, 0x0000,
  0x0000, 0x0000, 0x0000, 0x0000, 0x0000, 0x0000, 0x0000, 0x0000, 0x0000, 0x0000, 0x0000, 0x0000,
  0x0000, 0x0000, 0x0000, 0x0000,
};

static const uint16_t L_NFL_CAR[256] PROGMEM = {
  0x0000, 0x0000, 0x0000, 0x0000, 0x0000, 0x0000, 0x0000, 0x0000, 0x0000, 0x0000, 0x0000, 0x0000,
  0x0000, 0x0000, 0x0000, 0x0000, 0x0000, 0x0000, 0x0000, 0x0000, 0x0000, 0x0000, 0x0000, 0x0000,
  0x0000, 0x0000, 0x0000, 0x0000, 0x0000, 0x0000, 0x0000, 0x0000, 0x0000, 0x0000, 0x0000, 0x0000,
  0x0000, 0x0000, 0x0000, 0x0000, 0x0000, 0x0000, 0x0000, 0x0000, 0x0000, 0x0000, 0x0000, 0x0000,
  0x0000, 0x0000, 0x0000, 0x0000, 0x0000, 0x0000, 0x0000, 0x0000, 0x0000, 0x0020, 0x0021, 0x0000,
  0x0000, 0x0000, 0x0000, 0x0000, 0x0000, 0x0000, 0x0000, 0x0000, 0x0000, 0x0000, 0x00C4, 0x0169,
  0x00A4, 0x08E4, 0x11A9, 0x00E6, 0x020C, 0x0126, 0x0000, 0x0000, 0x0000, 0x0000, 0x0000, 0x0000,
  0x0000, 0x0041, 0x0127, 0x0041, 0x0083, 0x0968, 0x18C3, 0x0083, 0x09EB, 0x02D1, 0x0041, 0x0000,
  0x0000, 0x0000, 0x0000, 0x0000, 0x0127, 0x0148, 0x0041, 0x0000, 0x00E5, 0x0106, 0x0841, 0x29C8,
  0x1105, 0x01CC, 0x00C4, 0x0020, 0x0000, 0x0000, 0x0000, 0x01EB, 0x0127, 0x0000, 0x0020, 0x00C4,
  0x0000, 0x0000, 0x2125, 0x31C8, 0x2166, 0x0021, 0x0000, 0x0000, 0x0000, 0x0000, 0x026F, 0x0106,
  0x0000, 0x0148, 0x0042, 0x0106, 0x00E5, 0x0020, 0x0041, 0x0041, 0x00C5, 0x0000, 0x0000, 0x0000,
  0x0021, 0x02D1, 0x0189, 0x0000, 0x01AA, 0x01CB, 0x0000, 0x0000, 0x0042, 0x0000, 0x0988, 0x3330,
  0x00E5, 0x0000, 0x0000, 0x0000, 0x0042, 0x00E5, 0x0000, 0x0000, 0x0083, 0x0020, 0x0000, 0x0000,
  0x0000, 0x0000, 0x0062, 0x01AB, 0x0000, 0x0000, 0x0000, 0x0000, 0x0000, 0x0000, 0x0000, 0x0000,
  0x0000, 0x0000, 0x0000, 0x0000, 0x0000, 0x0000, 0x0000, 0x00A4, 0x0000, 0x0000, 0x0000, 0x0000,
  0x0000, 0x0000, 0x0000, 0x0000, 0x0000, 0x0000, 0x0000, 0x0000, 0x0000, 0x0000, 0x0000, 0x0000,
  0x0000, 0x0000, 0x0000, 0x0000, 0x0000, 0x0000, 0x0000, 0x0000, 0x0000, 0x0000, 0x0000, 0x0000,
  0x0000, 0x0000, 0x0000, 0x0000, 0x0000, 0x0000, 0x0000, 0x0000, 0x0000, 0x0000, 0x0000, 0x0000,
  0x0000, 0x0000, 0x0000, 0x0000, 0x0000, 0x0000, 0x0000, 0x0000, 0x0000, 0x0000, 0x0000, 0x0000,
  0x0000, 0x0000, 0x0000, 0x0000, 0x0000, 0x0000, 0x0000, 0x0000, 0x0000, 0x0000, 0x0000, 0x0000,
  0x0000, 0x0000, 0x0000, 0x0000,
};

static const uint16_t L_NFL_CHI[256] PROGMEM = {
  0x0000, 0x0000, 0x0000, 0x0000, 0x10A2, 0x2186, 0x1104, 0x0000, 0x0020, 0x2166, 0x1966, 0x0861,
  0x0000, 0x0000, 0x0000, 0x0000, 0x0000, 0x18E3, 0x4208, 0x52CC, 0x72EB, 0x79E5, 0xBAA6, 0x9AC9,
  0x422A, 0x7A07, 0x9A25, 0x5A8B, 0x3A8B, 0x0020, 0x0000, 0x0000, 0x2166, 0xBB09, 0xA1C4, 0xA1A2,
  0xF9A0, 0xF9C0, 0xF9C0, 0xB960, 0x60E2, 0x7901, 0x9121, 0xC960, 0x79C5, 0xB2E8, 0x82CA, 0x2945,
  0x39E7, 0x6A07, 0x2042, 0xD1A0, 0xA181, 0x48E3, 0xC1A1, 0x7922, 0xB181, 0x7122, 0xA981, 0xA982,
  0xB980, 0x4861, 0x7A07, 0x41E7, 0x0000, 0x3A8B, 0x7164, 0xB161, 0x40E3, 0x0045, 0x30C3, 0x7922,
  0x48E3, 0x2084, 0x9142, 0x40C3, 0x2083, 0x89C5, 0x3AAC, 0x0000, 0x0000, 0x3A4A, 0x7123, 0x30C3,
  0x0064, 0x48E3, 0x7122, 0xE1C0, 0x9142, 0x7922, 0x8942, 0x28A4, 0x0064, 0xFA21, 0x5A48, 0x0000,
  0x0000, 0x3A2A, 0x7943, 0x50E3, 0x30C3, 0x38C3, 0xC9A1, 0xE9E0, 0xE9E0, 0xFA00, 0xC9A1, 0x50E3,
  0x28A3, 0xF1E0, 0x5A69, 0x0000, 0x0000, 0x5A49, 0xC1C2, 0x58E2, 0xC9A1, 0x5903, 0x50E3, 0x9142,
  0xA961, 0xB981, 0xFA00, 0x7922, 0x30C3, 0x8962, 0x5A6A, 0x0000, 0x0000, 0x4A49, 0xDA23, 0x48C3,
  0x30C4, 0x8942, 0x30C3, 0x20A4, 0x28A4, 0xA961, 0x5103, 0x0045, 0x0084, 0x9942, 0x6269, 0x0000,
  0x0000, 0x1104, 0x7A48, 0xB920, 0x0085, 0x30C3, 0x8942, 0x5903, 0x50E3, 0xC1A1, 0x7122, 0x6103,
  0xB100, 0xAA46, 0x41E7, 0x0000, 0x0000, 0x0000, 0x428B, 0x8227, 0x9100, 0x1884, 0x38C3, 0x7922,
  0x7922, 0x38C3, 0x7102, 0xB181, 0x6A08, 0x4AED, 0x0020, 0x0000, 0x0000, 0x0000, 0x0000, 0x3A6A,
  0x7A48, 0x6902, 0x0044, 0xFA00, 0xE9E0, 0x1883, 0x8983, 0x428B, 0x29A7, 0x0020, 0x0000, 0x0000,
  0x0000, 0x0000, 0x0000, 0x0000, 0x29A7, 0x428B, 0x2905, 0xC9A0, 0xF1E0, 0x5903, 0x52AB, 0x0020,
  0x0000, 0x0000, 0x0000, 0x0000, 0x0000, 0x0000, 0x0000, 0x0000, 0x0000, 0x0000, 0x628A, 0x68C1,
  0x88E0, 0x5A29, 0x2124, 0x0000, 0x0020, 0x0000, 0x0000, 0x0000, 0x0000, 0x0000, 0x0000, 0x0000,
  0x0000, 0x0000, 0x3A09, 0x5A29, 0x61A7, 0x528B, 0x0000, 0x0000, 0x0000, 0x0000, 0x0000, 0x0000,
  0x0000, 0x0000, 0x0000, 0x0000, 0x0000, 0x0000, 0x0000, 0x2965, 0x39A6, 0x0020, 0x0000, 0x0000,
  0x0000, 0x0000, 0x0000, 0x0000,
};

static const uint16_t L_NFL_CIN[256] PROGMEM = {
  0x0000, 0x0000, 0x0000, 0x0000, 0x0000, 0x0000, 0x0000, 0x0000, 0x0000, 0x0000, 0x0000, 0x0000,
  0x0000, 0x0000, 0x0000, 0x0000, 0x0000, 0x0000, 0x0000, 0x0000, 0x0000, 0x0000, 0x0000, 0x0000,
  0x0000, 0x0000, 0x0000, 0x0000, 0x0000, 0x0000, 0x0000, 0x0000, 0x0000, 0x0000, 0x1082, 0x3186,
  0x3186, 0x3186, 0x3186, 0x3186, 0x3186, 0x3186, 0x3186, 0x2965, 0x10A2, 0x0000, 0x0000, 0x0000,
  0x0000, 0x0000, 0xB596, 0x5AEC, 0xAB6A, 0xFC6A, 0xE3EA, 0x52AA, 0x52AA, 0x832A, 0xFC4A, 0xFC4B,
  0xBC6F, 0x94B3, 0x1082, 0x0000, 0x0000, 0x52AA, 0x7BCF, 0x0000, 0xA140, 0xFA60, 0xA140, 0x0000,
  0x0000, 0x80C0, 0xFA40, 0xEA00, 0x1000, 0x4A8A, 0xA514, 0x0000, 0x1082, 0xCE59, 0x528A, 0x0020,
  0xB1C0, 0xFAC0, 0x7920, 0x18C3, 0x4A49, 0xDB05, 0xFAA0, 0x8960, 0x0000, 0x0000, 0xB555, 0x0841,
  0x0861, 0x2124, 0xAD55, 0x1925, 0xA160, 0xFAE1, 0x5860, 0x636E, 0xFFFF, 0xFED9, 0xFA20, 0x2860,
  0x0000, 0x99A1, 0xC553, 0x0000, 0x0000, 0x0000, 0x8C71, 0x1925, 0x9120, 0xFAC0, 0x7100, 0x10A2,
  0x7247, 0xFB43, 0xC9E0, 0x0000, 0x7121, 0xF634, 0x2945, 0x0000, 0x0000, 0x0000, 0x9471, 0x1105,
  0x68C0, 0xFAE0, 0x8940, 0x10A2, 0x8266, 0xFB43, 0x8120, 0x1840, 0xFA60, 0xFC2A, 0x9C71, 0x0000,
  0x1082, 0x2104, 0xAD55, 0x59C5, 0x2020, 0xFAE1, 0xA120, 0x6B6E, 0xFFFF, 0xFEF9, 0x58A0, 0x9980,
  0xFAA0, 0xF9A0, 0xFD91, 0x4A49, 0x18E3, 0xE6DA, 0xFC4A, 0xF261, 0x3080, 0xD200, 0xEA40, 0x18E3,
  0x9B29, 0xFB85, 0x7920, 0xEA40, 0xFAA1, 0xF9C0, 0xFD50, 0x5AEB, 0x0000, 0x6B6D, 0xFD4F, 0xF9A0,
  0xD9E0, 0xA940, 0xFA60, 0x2000, 0x4800, 0xFA20, 0xC9A0, 0xFA20, 0xF9E0, 0xFB65, 0xE699, 0x10A2,
  0x0000, 0x0020, 0xD658, 0xFC8C, 0xFC2A, 0xFC4A, 0xFC6A, 0xB38A, 0x830A, 0xFC6A, 0xFC4A, 0xFC2A,
  0xF4AE, 0xC5B5, 0x3186, 0x0000, 0x0000, 0x0000, 0x10A2, 0x3186, 0x3186, 0x3186, 0x3186, 0x3186,
  0x3186, 0x3186, 0x3186, 0x3186, 0x18E3, 0x0000, 0x0000, 0x0000, 0x0000, 0x0000, 0x0000, 0x0000,
  0x0000, 0x0000, 0x0000, 0x0000, 0x0000, 0x0000, 0x0000, 0x0000, 0x0000, 0x0000, 0x0000, 0x0000,
  0x0000, 0x0000, 0x0000, 0x0000, 0x0000, 0x0000, 0x0000, 0x0000, 0x0000, 0x0000, 0x0000, 0x0000,
  0x0000, 0x0000, 0x0000, 0x0000,
};

static const uint16_t L_NFL_CLE[256] PROGMEM = {
  0x0000, 0x0000, 0x0000, 0x0000, 0x0000, 0x0000, 0x0000, 0x0000, 0x0000, 0x0000, 0x0000, 0x0000,
  0x0000, 0x0000, 0x0000, 0x0000, 0x0000, 0x0000, 0x0000, 0x0000, 0x0000, 0x0000, 0x0000, 0x0000,
  0x0000, 0x0000, 0x0000, 0x0000, 0x0000, 0x0000, 0x0000, 0x0000, 0x0000, 0x0000, 0x0000, 0x0000,
  0x3A08, 0x6AEB, 0x734C, 0x636D, 0x4A49, 0x0000, 0x0000, 0x0000, 0x0000, 0x0000, 0x0000, 0x0000,
  0x0000, 0x0000, 0x2145, 0xB3CD, 0xFB07, 0xFA43, 0xF222, 0xD265, 0xA3CD, 0x9D34, 0x2945, 0x0000,
  0x0000, 0x0000, 0x0000, 0x0000, 0x0000, 0x2124, 0xD3EC, 0xF9A0, 0xF960, 0xF9A0, 0xF9A0, 0xF980,
  0xE120, 0x8A25, 0xAD95, 0x2945, 0x0000, 0x0000, 0x0000, 0x0000, 0x0000, 0xA3CD, 0xF9C0, 0xF9A0,
  0xF9C0, 0xF9C0, 0xF9C0, 0xF9C0, 0xF9C0, 0xE120, 0x838C, 0xBDF7, 0x31A6, 0x0000, 0x0000, 0x0000,
  0x2965, 0xE368, 0xF960, 0xF9E0, 0xF9C0, 0xF9C0, 0xF9C0, 0xF980, 0xF243, 0xE328, 0xB4B1, 0xBD95,
  0x8C30, 0x0000, 0x0000, 0x0000, 0x528A, 0xFAE5, 0xF980, 0xF9C0, 0xF9C0, 0xF9C0, 0xF980, 0xEB07,
  0xA3CD, 0x48E2, 0x72C9, 0xBDB6, 0x2104, 0x0000, 0x0000, 0x0000, 0x52AA, 0xFAE5, 0xF980, 0xF9C0,
  0xF9C0, 0xF9A0, 0xF202, 0xCBCC, 0x82E9, 0x28A1, 0x83AD, 0xCE79, 0x18C3, 0x1082, 0x0020, 0x0000,
  0x31A6, 0xEB48, 0xF960, 0xF9E0, 0xD9A0, 0xD160, 0xCBEC, 0xBBAB, 0x7B0A, 0xCE17, 0xBDB6, 0xC617,
  0xBDB6, 0xC5F7, 0x8C71, 0x0000, 0x0020, 0xBBCC, 0xF980, 0xF9E0, 0xA920, 0x6A05, 0xB533, 0xBB49,
  0x8A67, 0xB5D6, 0xCE38, 0xBDB6, 0xC5F7, 0xCE38, 0xC5F7, 0x18C3, 0x0000, 0x738E, 0xF284, 0xF920,
  0xE180, 0xE1C1, 0xD2A6, 0xCAA6, 0xBBEC, 0xCE99, 0xBDB6, 0xDEBA, 0xCE58, 0xC5F7, 0xDEBA, 0x4228,
  0x0000, 0x39E7, 0xD594, 0xB3AC, 0xD40C, 0xF1E1, 0xF180, 0xE1E2, 0xC4D1, 0xAD75, 0xD679, 0xFFBE,
  0xF7BE, 0xD679, 0xDEBA, 0x528A, 0x0000, 0x0000, 0x52CB, 0x4249, 0x4208, 0x8BCE, 0xA3CE, 0x8BEE,
  0x2124, 0x0000, 0x39C7, 0x8C51, 0x9CB2, 0x8430, 0x528A, 0x0020, 0x0000, 0x0000, 0x0000, 0x0000,
  0x0000, 0x0000, 0x0000, 0x0000, 0x0000, 0x0000, 0x0000, 0x0000, 0x0000, 0x0000, 0x0000, 0x0000,
  0x0000, 0x0000, 0x0020, 0x0000, 0x0000, 0x0000, 0x0000, 0x0000, 0x0000, 0x0000, 0x0000, 0x0000,
  0x0000, 0x0000, 0x0020, 0x0000,
};

static const uint16_t L_NFL_DAL[256] PROGMEM = {
  0x0000, 0x0000, 0x0000, 0x0000, 0x0000, 0x0000, 0x0000, 0x0000, 0x0000, 0x0000, 0x0000, 0x0000,
  0x0000, 0x0000, 0x0000, 0x0000, 0x0000, 0x0000, 0x0000, 0x0000, 0x0000, 0x0000, 0x0000, 0x0001,
  0x0001, 0x0000, 0x0000, 0x0000, 0x0000, 0x0000, 0x0000, 0x0000, 0x0000, 0x0000, 0x0000, 0x0000,
  0x0000, 0x0000, 0x0000, 0x08C5, 0x08C5, 0x0000, 0x0000, 0x0000, 0x0000, 0x0000, 0x0000, 0x0000,
  0x0000, 0x0000, 0x0000, 0x0000, 0x0000, 0x0000, 0x0000, 0x636F, 0x636F, 0x0000, 0x0000, 0x0000,
  0x0000, 0x0000, 0x0000, 0x0000, 0x0000, 0x0000, 0x0000, 0x0000, 0x0000, 0x0000, 0x0021, 0x7412,
  0x7412, 0x0021, 0x0000, 0x0000, 0x0000, 0x0000, 0x0000, 0x0000, 0x0000, 0x0000, 0x0000, 0x0000,
  0x0000, 0x0000, 0x1946, 0x4B0F, 0x4B0F, 0x1946, 0x0000, 0x0000, 0x0000, 0x0000, 0x0000, 0x0000,
  0x0000, 0x0064, 0x29C9, 0x31E9, 0x31C9, 0x3A09, 0x73F1, 0x21EB, 0x21CB, 0x73F1, 0x3A09, 0x31C9,
  0x31E9, 0x29C9, 0x0064, 0x0000, 0x0000, 0x0000, 0x3A4B, 0xADD9, 0x5B70, 0x2A0C, 0x324D, 0x00E8,
  0x00E8, 0x324D, 0x2A0C, 0x5B70, 0xADD9, 0x3A4B, 0x0000, 0x0000, 0x0000, 0x0000, 0x0000, 0x10A4,
  0x6BD2, 0x428D, 0x0066, 0x0108, 0x0108, 0x0066, 0x428D, 0x6BD2, 0x10A4, 0x0000, 0x0000, 0x0000,
  0x0000, 0x0000, 0x0000, 0x0000, 0x0000, 0x7432, 0x324D, 0x0066, 0x0066, 0x324D, 0x7432, 0x0000,
  0x0000, 0x0000, 0x0000, 0x0000, 0x0000, 0x0000, 0x0000, 0x0000, 0x0000, 0x5B50, 0x00C8, 0x2A0C,
  0x322C, 0x00C8, 0x5B50, 0x0000, 0x0000, 0x0000, 0x0000, 0x0000, 0x0000, 0x0000, 0x0000, 0x0000,
  0x10E5, 0x5B70, 0x530F, 0x73F2, 0x73F1, 0x530F, 0x5B70, 0x10E5, 0x0000, 0x0000, 0x0000, 0x0000,
  0x0000, 0x0000, 0x0000, 0x0000, 0x4ACD, 0xADD9, 0x4A8C, 0x0000, 0x0000, 0x428C, 0xADD9, 0x4ACD,
  0x0000, 0x0000, 0x0000, 0x0000, 0x0000, 0x0000, 0x0000, 0x0001, 0x42CE, 0x2187, 0x0000, 0x0000,
  0x0000, 0x0000, 0x2167, 0x42CE, 0x0021, 0x0000, 0x0000, 0x0000, 0x0000, 0x0000, 0x0000, 0x0042,
  0x0001, 0x0000, 0x0000, 0x0000, 0x0000, 0x0000, 0x0000, 0x0001, 0x0042, 0x0000, 0x0000, 0x0000,
  0x0000, 0x0000, 0x0000, 0x0000, 0x0000, 0x0000, 0x0000, 0x0000, 0x0000, 0x0000, 0x0000, 0x0000,
  0x0000, 0x0000, 0x0000, 0x0000,
};

static const uint16_t L_NFL_DEN[256] PROGMEM = {
  0x0000, 0x0000, 0x0000, 0x0000, 0x0000, 0x0000, 0x0000, 0x0000, 0x0000, 0x0000, 0x0000, 0x0000,
  0x0000, 0x0000, 0x0000, 0x0000, 0x0000, 0x0000, 0x0000, 0x0000, 0x0000, 0x0000, 0x0000, 0x0000,
  0x0000, 0x0000, 0x0000, 0x0000, 0x0000, 0x0000, 0x0000, 0x0000, 0x0000, 0x0000, 0x0000, 0x0000,
  0x0000, 0x0000, 0x0000, 0x0000, 0x0000, 0x0000, 0x0000, 0x0000, 0x0000, 0x0000, 0x0000, 0x0000,
  0x0000, 0x0000, 0x0000, 0x0000, 0x0000, 0x0001, 0x1861, 0x0021, 0x0000, 0x0000, 0x0000, 0x0000,
  0x0000, 0x0000, 0x0000, 0x0000, 0x0000, 0x0000, 0x0883, 0x1083, 0x5923, 0xA1E2, 0xCA22, 0xD200,
  0x50E1, 0x0000, 0x0000, 0x0000, 0x0000, 0x0000, 0x0000, 0x0000, 0x0000, 0x0000, 0x5943, 0x6963,
  0xB9C1, 0xA980, 0x5145, 0x9205, 0xCA84, 0x18C4, 0x0042, 0x0000, 0x0000, 0x0000, 0x0000, 0x0000,
  0x0021, 0x38E3, 0x8121, 0x91A2, 0x9B4B, 0xBDB6, 0xEF5D, 0xDF5E, 0xD6DC, 0xE73D, 0xC67A, 0x4ACC,
  0x0021, 0x0000, 0x0000, 0x0000, 0x0000, 0x40E3, 0x9B6C, 0xCEFD, 0xFFFF, 0xE73D, 0x9D16, 0x9D36,
  0x73F2, 0x9D56, 0xFFDF, 0xFFBE, 0x94B4, 0x10E5, 0x0000, 0x0000, 0x0000, 0x0000, 0x21C9, 0x9CF4,
  0x73D1, 0x29CB, 0xB5D8, 0xDEFC, 0xF79E, 0xADB8, 0xC65A, 0xF7BE, 0xFFFF, 0xEF7E, 0x5B0D, 0x0000,
  0x0000, 0x0000, 0x0000, 0x0000, 0x0000, 0x10E4, 0x7C31, 0xA577, 0xD6DB, 0x5B2D, 0x426C, 0x4A8C,
  0x94F5, 0xA536, 0x8CD4, 0x10A3, 0x0000, 0x0000, 0x0000, 0x0000, 0x0000, 0x0000, 0x0000, 0x7412,
  0x424A, 0x0000, 0x0000, 0x0000, 0x0021, 0x29A8, 0x0021, 0x0041, 0x0000, 0x0000, 0x0000, 0x0000,
  0x0000, 0x0000, 0x0000, 0x0042, 0x0021, 0x0000, 0x0000, 0x0000, 0x0000, 0x0000, 0x0000, 0x0000,
  0x0000, 0x0000, 0x0000, 0x0000, 0x0000, 0x0000, 0x0000, 0x0000, 0x0000, 0x0000, 0x0000, 0x0000,
  0x0000, 0x0000, 0x0000, 0x0000, 0x0000, 0x0000, 0x0000, 0x0000, 0x0000, 0x0000, 0x0000, 0x0000,
  0x0000, 0x0000, 0x0000, 0x0000, 0x0000, 0x0000, 0x0000, 0x0000, 0x0000, 0x0000, 0x0000, 0x0000,
  0x0000, 0x0000, 0x0000, 0x0000, 0x0000, 0x0000, 0x0000, 0x0000, 0x0000, 0x0000, 0x0000, 0x0000,
  0x0000, 0x0000, 0x0000, 0x0000, 0x0000, 0x0000, 0x0000, 0x0000, 0x0000, 0x0000, 0x0000, 0x0000,
  0x0000, 0x0000, 0x0000, 0x0000,
};

static const uint16_t L_NFL_DET[256] PROGMEM = {
  0x0000, 0x0000, 0x0000, 0x0000, 0x0000, 0x0000, 0x0000, 0x0000, 0x0000, 0x0000, 0x0000, 0x0000,
  0x0000, 0x0000, 0x0000, 0x0000, 0x0000, 0x0000, 0x0000, 0x0000, 0x0000, 0x0000, 0x0000, 0x0000,
  0x0000, 0x0000, 0x0000, 0x0000, 0x0000, 0x0000, 0x0000, 0x0000, 0x0000, 0x0000, 0x0000, 0x0000,
  0x0000, 0x0000, 0x0000, 0x0000, 0x0000, 0x0840, 0x4A48, 0x0841, 0x0000, 0x0000, 0x0000, 0x0000,
  0x0000, 0x0000, 0x0000, 0x0000, 0x0000, 0x0000, 0x0000, 0x0000, 0x3A08, 0x74D5, 0x655A, 0x5496,
  0x52AA, 0x0000, 0x0000, 0x0000, 0x0000, 0x0000, 0x0000, 0x0000, 0x0000, 0x0000, 0x0000, 0x5AAA,
  0x555A, 0x03B8, 0x0376, 0x03B7, 0x4CFA, 0x534F, 0x0841, 0x0000, 0x0000, 0x0841, 0x0820, 0x0000,
  0x0000, 0x0000, 0x0861, 0x74B5, 0x0C18, 0x3C78, 0x3498, 0x0376, 0x2438, 0x9E1B, 0x3165, 0x0000,
  0x1082, 0x7CB4, 0x8579, 0x20E3, 0x0020, 0x0000, 0x39A6, 0x553A, 0x2C38, 0x2C78, 0x2438, 0x4CD9,
  0x4CF9, 0x4CB9, 0x6D9B, 0x3A08, 0x0000, 0x18C3, 0x6C32, 0x8516, 0x0000, 0x0020, 0x63D0, 0x1C58,
  0x0396, 0x0396, 0x0376, 0x0BD7, 0x2438, 0x7495, 0x534E, 0x1082, 0x0000, 0x0000, 0x0020, 0x85BA,
  0x5B8F, 0x5C54, 0x2459, 0x0396, 0x03B7, 0x2C99, 0x5D3A, 0x3CDA, 0x4D3B, 0x4C97, 0x534E, 0x18C3,
  0x0000, 0x0000, 0x0000, 0x3A08, 0x757A, 0x03D8, 0x0BD7, 0x2438, 0x2458, 0x6BF1, 0x39C6, 0x4A8A,
  0x534E, 0x4C56, 0x75BB, 0x39A6, 0x0000, 0x0000, 0x0000, 0x0000, 0x53D2, 0x0419, 0x759B, 0x2C99,
  0x95FA, 0x20E3, 0x0000, 0x0000, 0x0000, 0x0841, 0x18C2, 0x0000, 0x0000, 0x0000, 0x0000, 0x3165,
  0x5519, 0x5434, 0x84B3, 0x64B6, 0x7D17, 0x2104, 0x0000, 0x0020, 0x0000, 0x0000, 0x0000, 0x0000,
  0x0000, 0x0000, 0x0000, 0x2966, 0x865E, 0x4A69, 0x0000, 0x0841, 0x0020, 0x0000, 0x0000, 0x0000,
  0x0000, 0x0000, 0x0000, 0x0000, 0x0000, 0x0000, 0x0000, 0x0861, 0x5B6E, 0x1904, 0x0000, 0x0000,
  0x0000, 0x0000, 0x0000, 0x0000, 0x0000, 0x0000, 0x0000, 0x0000, 0x0000, 0x0000, 0x0000, 0x0000,
  0x0000, 0x0000, 0x0000, 0x0000, 0x0000, 0x0000, 0x0000, 0x0000, 0x0000, 0x0000, 0x0000, 0x0000,
  0x0000, 0x0000, 0x0000, 0x0000, 0x0020, 0x0000, 0x0000, 0x0000, 0x0000, 0x0000, 0x0000, 0x0000,
  0x0000, 0x0000, 0x0000, 0x0000,
};

static const uint16_t L_NFL_GB[256] PROGMEM = {
  0x0000, 0x0000, 0x0000, 0x0000, 0x0000, 0x0000, 0x0000, 0x0000, 0x0000, 0x0000, 0x0000, 0x0000,
  0x0000, 0x0000, 0x0000, 0x0000, 0x0000, 0x0000, 0x0000, 0x0000, 0x0000, 0x0000, 0x0000, 0x0000,
  0x0000, 0x0000, 0x0000, 0x0000, 0x0000, 0x0000, 0x0000, 0x0000, 0x0000, 0x0000, 0x0000, 0x0000,
  0x0000, 0x0000, 0x0000, 0x0000, 0x0000, 0x0000, 0x0000, 0x0000, 0x0000, 0x0000, 0x0000, 0x0000,
  0x0000, 0x0000, 0x0000, 0x0000, 0x20C0, 0x2920, 0x2980, 0x31E2, 0x31E2, 0x2981, 0x2940, 0x20C0,
  0x0000, 0x0000, 0x0000, 0x0000, 0x0000, 0x0000, 0x28E0, 0x39E1, 0x5349, 0x9533, 0xCEBA, 0xDF3D,
  0xDF5D, 0xCEBA, 0x9533, 0x536A, 0x31E1, 0x28E0, 0x0000, 0x0000, 0x0000, 0x2900, 0x42A4, 0x9575,
  0xFFFF, 0xEF9E, 0x9D54, 0x7450, 0x7470, 0xADF7, 0xFFDF, 0xFFFF, 0xAE18, 0x4B07, 0x3120, 0x0000,
  0x0860, 0x3A43, 0xAE18, 0xFFDF, 0xC679, 0x09C6, 0x0103, 0x00C2, 0x00C2, 0x0081, 0x2269, 0xADD6,
  0xBE58, 0x5C10, 0x2A02, 0x10A0, 0x2100, 0x5BAC, 0xFFFF, 0xFFFF, 0x3B0B, 0x0123, 0x1227, 0x4B6D,
  0x4B8D, 0x538D, 0x434C, 0x3B0B, 0x3AEB, 0x432C, 0x2A87, 0x3140, 0x2100, 0x5BCD, 0xFFFF, 0xFFFF,
  0x53AE, 0x00C2, 0x2AA9, 0xE75C, 0xE73C, 0xDEFB, 0xD6FB, 0xFFFF, 0xFFFF, 0xFFFF, 0x4B6B, 0x2900,
  0x18A0, 0x3244, 0xBE9B, 0xFFDF, 0xDF1C, 0x32CA, 0x0144, 0x0123, 0x0123, 0x0985, 0x7CD2, 0xFFDF,
  0xFFDF, 0xAE18, 0x3222, 0x0860, 0x0000, 0x3140, 0x3AC6, 0xA5F8, 0xFFFF, 0xFFDF, 0xD6FB, 0xBE18,
  0xC659, 0xF7BE, 0xFFDF, 0xF7DF, 0x9DB6, 0x4284, 0x20E0, 0x0000, 0x0000, 0x0000, 0x3120, 0x3202,
  0x5B6B, 0x9533, 0xC69A, 0xDF3C, 0xD71C, 0xBE59, 0x8CF2, 0x5349, 0x31C1, 0x20A0, 0x0000, 0x0000,
  0x0000, 0x0000, 0x0000, 0x0000, 0x20E0, 0x2940, 0x29A1, 0x29E2, 0x29C2, 0x2981, 0x2920, 0x18A0,
  0x0000, 0x0000, 0x0000, 0x0000, 0x0000, 0x0000, 0x0000, 0x0000, 0x0000, 0x0000, 0x0000, 0x0000,
  0x0000, 0x0000, 0x0000, 0x0000, 0x0000, 0x0000, 0x0000, 0x0000, 0x0000, 0x0000, 0x0000, 0x0000,
  0x0000, 0x0000, 0x0000, 0x0000, 0x0000, 0x0000, 0x0000, 0x0000, 0x0000, 0x0000, 0x0000, 0x0000,
  0x0000, 0x0000, 0x0000, 0x0000, 0x0000, 0x0000, 0x0000, 0x0000, 0x0000, 0x0000, 0x0000, 0x0000,
  0x0000, 0x0000, 0x0000, 0x0000,
};

static const uint16_t L_NFL_HOU[256] PROGMEM = {
  0x0000, 0x0000, 0x0000, 0x0000, 0x0000, 0x0000, 0x0000, 0x0000, 0x0000, 0x0000, 0x0000, 0x0000,
  0x0000, 0x0000, 0x0000, 0x0000, 0x0000, 0x0000, 0x4A69, 0x52CB, 0x4A49, 0x5ACB, 0x4A69, 0x0841,
  0x0000, 0x0000, 0x0000, 0x0000, 0x0000, 0x0000, 0x0000, 0x0000, 0x0020, 0x7BCF, 0x3A08, 0x0882,
  0x3A08, 0x528A, 0x39C7, 0x0841, 0x0000, 0x0000, 0x0000, 0x0000, 0x0000, 0x0000, 0x0000, 0x0000,
  0x4A49, 0x5AEC, 0x0000, 0x10C4, 0x632C, 0x0000, 0x0000, 0x0000, 0x0000, 0x0000, 0x0000, 0x10A2,
  0x4A08, 0x0020, 0x0000, 0x0000, 0x5ACB, 0x52CC, 0x0000, 0x0021, 0x4229, 0x528A, 0x0000, 0x0000,
  0x0000, 0x0020, 0x0020, 0x0841, 0x8B4D, 0xD390, 0x3986, 0x0000, 0x1082, 0xA534, 0x0041, 0x0001,
  0x0001, 0x31C7, 0x6B4D, 0x4208, 0x0000, 0x0000, 0x0000, 0x0000, 0x10A2, 0xFA2C, 0xEA0B, 0x18E3,
  0x0000, 0x4208, 0x8C72, 0x1082, 0x0042, 0x0000, 0x0042, 0x3A08, 0x632D, 0x632C, 0x6ACB, 0x9B0C,
  0xE2AD, 0xF844, 0xF886, 0x626A, 0x0000, 0x0841, 0xAD75, 0x5AEC, 0x0000, 0x0883, 0x0022, 0x0001,
  0x0000, 0xADF7, 0xFD77, 0xF843, 0xF803, 0xF802, 0xFA2B, 0x2965, 0x0000, 0x39E7, 0xBDF7, 0x10A3,
  0x0000, 0x2987, 0xCE59, 0x52CC, 0x0020, 0x7C92, 0xFCF5, 0xF001, 0xF948, 0xE2CD, 0x5249, 0x0000,
  0x0000, 0x0000, 0x2104, 0x9D14, 0x10A3, 0x10C3, 0xC639, 0xB5B7, 0x0861, 0x9DB6, 0xFAEE, 0xF907,
  0x630B, 0x0861, 0x0000, 0x0000, 0x0000, 0x0000, 0x0000, 0x2124, 0x73CF, 0x0000, 0x0021, 0x2125,
  0x08A3, 0xE639, 0xF8E7, 0x9ACC, 0x0000, 0x0000, 0x0000, 0x0000, 0x0000, 0x0000, 0x0000, 0x0000,
  0x73AF, 0x0883, 0x0042, 0x0000, 0x6C10, 0xFB90, 0xB24A, 0x0020, 0x0000, 0x0000, 0x0000, 0x0000,
  0x0000, 0x0000, 0x0000, 0x2945, 0x73CF, 0x0000, 0x0000, 0x1966, 0xFC33, 0xBA8C, 0x0020, 0x0000,
  0x0000, 0x0000, 0x0000, 0x0000, 0x0000, 0x0000, 0x0000, 0x4208, 0x8410, 0x4249, 0x2146, 0xD4D4,
  0xCB2E, 0x1904, 0x0000, 0x0000, 0x0000, 0x0000, 0x0000, 0x0000, 0x0000, 0x0000, 0x0000, 0x0000,
  0x0000, 0x31A6, 0x73AE, 0x4A28, 0x0000, 0x0000, 0x0000, 0x0000, 0x0000, 0x0000, 0x0000, 0x0000,
  0x0000, 0x0000, 0x0000, 0x0000, 0x0000, 0x0000, 0x0000, 0x0000, 0x0000, 0x0000, 0x0000, 0x0000,
  0x0000, 0x0000, 0x0000, 0x0000,
};

static const uint16_t L_NFL_IND[256] PROGMEM = {
  0x0000, 0x0000, 0x18C3, 0x52AB, 0x4A49, 0x0861, 0x0000, 0x0000, 0x0000, 0x0000, 0x0861, 0x4A49,
  0x52AB, 0x18C3, 0x0000, 0x0000, 0x0000, 0x0000, 0x5B2E, 0x2271, 0x2270, 0x5B70, 0x0000, 0x0000,
  0x0000, 0x0000, 0x5B70, 0x2270, 0x2271, 0x5B0D, 0x0000, 0x0000, 0x0000, 0x0000, 0x5AEC, 0x4B52,
  0x00EB, 0x4B51, 0x0020, 0x0000, 0x0000, 0x0020, 0x4B51, 0x00EB, 0x4B52, 0x5AEC, 0x0000, 0x0000,
  0x0000, 0x0000, 0x4A49, 0x3B11, 0x11EF, 0x636F, 0x0000, 0x0000, 0x0000, 0x0000, 0x636F, 0x11EF,
  0x3B11, 0x4A49, 0x0000, 0x0000, 0x0000, 0x0841, 0x5B92, 0x00EC, 0x4B72, 0x18C3, 0x0000, 0x0000,
  0x0000, 0x0000, 0x18C3, 0x4B72, 0x00EC, 0x5BB2, 0x0841, 0x0000, 0x0000, 0x4A6A, 0x1A50, 0x09CE,
  0x5B0D, 0x0000, 0x0000, 0x0000, 0x0000, 0x0000, 0x0000, 0x5B2D, 0x09CE, 0x1A50, 0x4A6A, 0x0000,
  0x0000, 0x5B4F, 0x012D, 0x4311, 0x2124, 0x0000, 0x0000, 0x0000, 0x0000, 0x0000, 0x0000, 0x2124,
  0x4311, 0x012D, 0x5B4F, 0x0000, 0x0020, 0x4B50, 0x11AE, 0x5350, 0x0000, 0x0000, 0x0000, 0x0000,
  0x0000, 0x0000, 0x0000, 0x0000, 0x5350, 0x11AE, 0x4B50, 0x0020, 0x0861, 0x4B51, 0x014D, 0x5350,
  0x0000, 0x0000, 0x0000, 0x0000, 0x0000, 0x0000, 0x0000, 0x0000, 0x5350, 0x014D, 0x4B31, 0x0861,
  0x0000, 0x5350, 0x010C, 0x4B51, 0x1082, 0x0000, 0x0000, 0x0000, 0x0000, 0x0000, 0x0000, 0x1082,
  0x4B52, 0x010C, 0x5350, 0x0000, 0x0000, 0x5B2E, 0x018E, 0x11CE, 0x636F, 0x0000, 0x0000, 0x0000,
  0x0000, 0x0000, 0x0000, 0x636F, 0x11EE, 0x018E, 0x5B2E, 0x0000, 0x0000, 0x39C7, 0x3B12, 0x094C,
  0x2AB1, 0x634E, 0x1082, 0x0000, 0x0000, 0x1082, 0x5B0D, 0x2A90, 0x096C, 0x3B12, 0x39C7, 0x0000,
  0x0000, 0x0000, 0x634F, 0x1A50, 0x00CB, 0x1A2F, 0x4B51, 0x532F, 0x532F, 0x4311, 0x120F, 0x00EB,
  0x1A50, 0x634E, 0x0000, 0x0000, 0x0000, 0x0000, 0x0020, 0x6390, 0x2A91, 0x010C, 0x00EB, 0x018D,
  0x018D, 0x00EB, 0x012C, 0x2A91, 0x6390, 0x0020, 0x0000, 0x0000, 0x0000, 0x0000, 0x0000, 0x0000,
  0x52CB, 0x5B71, 0x3AD0, 0x2270, 0x2270, 0x3AB1, 0x5B71, 0x52CB, 0x0000, 0x0000, 0x0000, 0x0000,
  0x0000, 0x0000, 0x0000, 0x0000, 0x0000, 0x0841, 0x39E7, 0x4A6A, 0x4A6A, 0x39C7, 0x0841, 0x0000,
  0x0000, 0x0000, 0x0000, 0x0000,
};

static const uint16_t L_NFL_JAX[256] PROGMEM = {
  0x0000, 0x0000, 0x0000, 0x0000, 0x0000, 0x0000, 0x0000, 0x0000, 0x0000, 0x0000, 0x0000, 0x0000,
  0x0000, 0x0000, 0x0000, 0x0000, 0x0000, 0x0000, 0x0000, 0x0000, 0x0000, 0x0000, 0x0000, 0x0000,
  0x0000, 0x0000, 0x0000, 0x0000, 0x0000, 0x0000, 0x0000, 0x0000, 0x0000, 0x0000, 0x0000, 0x0000,
  0x0000, 0x0020, 0x0020, 0x18A0, 0x0840, 0x18A0, 0x1060, 0x0000, 0x0000, 0x0000, 0x0000, 0x0000,
  0x0000, 0x18C3, 0x31A5, 0x5A00, 0x7AA0, 0x82E0, 0xABA1, 0xBC01, 0xABA0, 0x9B60, 0x9340, 0x5A00,
  0x0840, 0x0000, 0x0000, 0x0000, 0x0020, 0x9CD3, 0xAD33, 0x82E2, 0xABC2, 0x9B82, 0x8B22, 0x8B02,
  0x9BC8, 0x8BA9, 0xBC01, 0xCC81, 0xB3E1, 0x3120, 0x0000, 0x0000, 0x0000, 0x18C3, 0x94B2, 0x940C,
  0x72A3, 0x6A61, 0x7A81, 0x9B21, 0xACAA, 0x42AA, 0x8344, 0x9322, 0xDCC1, 0xA3A1, 0x0000, 0x0000,
  0x0000, 0x0000, 0x20A0, 0x7261, 0x7261, 0x8B88, 0xC592, 0xCDB1, 0xBCCB, 0xBCA7, 0x8B00, 0x8AE2,
  0x8323, 0xC440, 0x3940, 0x0020, 0x0000, 0x0000, 0x0020, 0x72A4, 0x83AC, 0xA535, 0xE71C, 0x8472,
  0x2187, 0x5AAA, 0x9CD1, 0xCD8F, 0xC638, 0x4AEC, 0xAD34, 0x10A2, 0x0000, 0x0000, 0x0000, 0x3985,
  0x7BF0, 0x9492, 0xA514, 0x2965, 0x0166, 0x0125, 0x4A69, 0xB5B7, 0x738E, 0x94B2, 0x4208, 0x0000,
  0x0000, 0x0000, 0x0000, 0x0000, 0x31A6, 0x630C, 0xC638, 0x5A89, 0x0166, 0x02AC, 0x0000, 0x3186,
  0x0020, 0x18C3, 0x0000, 0x0000, 0x0000, 0x0000, 0x0000, 0x0000, 0x0000, 0x0000, 0x52AA, 0xBD96,
  0x00A3, 0x030E, 0x29C7, 0x10A2, 0x0020, 0x0000, 0x0000, 0x0000, 0x0000, 0x0000, 0x0000, 0x0000,
  0x0000, 0x0000, 0x0000, 0x7BCF, 0x8C92, 0x42AB, 0xC618, 0x8430, 0x0000, 0x0000, 0x0000, 0x0000,
  0x0000, 0x0000, 0x0000, 0x0000, 0x0000, 0x0000, 0x0000, 0x0000, 0x738E, 0xCE38, 0xBDF7, 0x3186,
  0x0000, 0x0000, 0x0000, 0x0000, 0x0000, 0x0000, 0x0000, 0x0000, 0x0000, 0x0000, 0x0000, 0x0000,
  0x0000, 0x0000, 0x0000, 0x0000, 0x0000, 0x0000, 0x0000, 0x0000, 0x0000, 0x0000, 0x0000, 0x0000,
  0x0000, 0x0000, 0x0000, 0x0000, 0x0000, 0x0000, 0x0000, 0x0000, 0x0000, 0x0000, 0x0000, 0x0000,
  0x0000, 0x0000, 0x0000, 0x0000, 0x0000, 0x0000, 0x0000, 0x0000, 0x0000, 0x0000, 0x0000, 0x0000,
  0x0000, 0x0000, 0x0000, 0x0000,
};

static const uint16_t L_NFL_KC[256] PROGMEM = {
  0x0000, 0x0000, 0x0000, 0x0000, 0x0000, 0x0000, 0x0000, 0x0000, 0x0000, 0x0000, 0x0000, 0x0000,
  0x0000, 0x0000, 0x0000, 0x0000, 0x0000, 0x0000, 0x0000, 0x0000, 0x0000, 0x0000, 0x0000, 0x0000,
  0x0000, 0x0000, 0x0000, 0x0000, 0x0000, 0x0000, 0x0000, 0x0000, 0x0000, 0x0000, 0x0000, 0x0000,
  0x0000, 0x0000, 0x0000, 0x0000, 0x0000, 0x0000, 0x0000, 0x0000, 0x0000, 0x0000, 0x0000, 0x0000,
  0x0000, 0x0000, 0x0861, 0x630C, 0x5ACB, 0x5269, 0x39E7, 0x2945, 0x0861, 0x0000, 0x0000, 0x0000,
  0x0000, 0x0000, 0x0000, 0x0000, 0x0000, 0x0000, 0x10A2, 0x8410, 0xEFBE, 0xDF7D, 0xBDD7, 0xAD96,
  0x7C30, 0x5AEB, 0x39A6, 0x10A2, 0x0000, 0x0000, 0x0000, 0x0000, 0x0020, 0x630C, 0x73AE, 0x8471,
  0xCCD4, 0xE452, 0xFFDF, 0xEEFB, 0xD3D0, 0xBD76, 0xADD6, 0x636D, 0x4A49, 0x0020, 0x0000, 0x0000,
  0x0020, 0x738E, 0xF77D, 0xF7BE, 0xB2AC, 0xD845, 0xD4B3, 0xE0E7, 0xB1A8, 0xCB8F, 0xF597, 0xDE18,
  0xAD55, 0x5AEB, 0x18C3, 0x0000, 0x2945, 0x9CF3, 0xFFFF, 0xFFFF, 0xC36F, 0xF025, 0xB1C9, 0xC024,
  0xE025, 0xCBB0, 0xC20A, 0xCA8C, 0xFFDF, 0xE6FC, 0x8410, 0x2945, 0x31A6, 0xBDD7, 0xFFDF, 0xF7FF,
  0x9ACC, 0xA9EA, 0xB9A9, 0xB1A9, 0xB22A, 0xD596, 0xE7BE, 0xC4D4, 0xFFFF, 0xD6BA, 0x8C51, 0x2124,
  0x2124, 0x9CF3, 0xF7BE, 0xF7BE, 0xF7DF, 0xF7FF, 0xCC11, 0xC885, 0xC36F, 0xD3B0, 0xCA2A, 0xD4F4,
  0xADB6, 0x5ACB, 0x1082, 0x0000, 0x2104, 0x738E, 0x6B6D, 0x9CF3, 0xFFFF, 0xFFDF, 0xFFDF, 0xDE59,
  0xCC11, 0xB36F, 0x93EF, 0x73CF, 0x31A6, 0x0000, 0x0000, 0x0000, 0x0000, 0x0020, 0x31A6, 0xA514,
  0xEF5D, 0xE71C, 0xCE59, 0xB5D7, 0x8491, 0x5B4D, 0x31E7, 0x0000, 0x0000, 0x0000, 0x0000, 0x0000,
  0x0000, 0x0000, 0x2945, 0x632C, 0x5ACB, 0x52AA, 0x4208, 0x2945, 0x0841, 0x0000, 0x0000, 0x0000,
  0x0000, 0x0000, 0x0000, 0x0000, 0x0000, 0x0000, 0x0000, 0x0000, 0x0000, 0x0000, 0x0000, 0x0000,
  0x0000, 0x0000, 0x0000, 0x0000, 0x0000, 0x0000, 0x0000, 0x0000, 0x0000, 0x0000, 0x0000, 0x0000,
  0x0000, 0x0000, 0x0000, 0x0000, 0x0000, 0x0000, 0x0000, 0x0000, 0x0000, 0x0000, 0x0000, 0x0000,
  0x0000, 0x0000, 0x0000, 0x0000, 0x0000, 0x0000, 0x0000, 0x0000, 0x0000, 0x0000, 0x0000, 0x0000,
  0x0000, 0x0000, 0x0000, 0x0000,
};

static const uint16_t L_NFL_LV[256] PROGMEM = {
  0x0000, 0x0000, 0x0000, 0x0000, 0x0000, 0x0000, 0x0000, 0x18C3, 0x18E3, 0x0000, 0x0000, 0x0000,
  0x0000, 0x0000, 0x0000, 0x0000, 0x0000, 0x0841, 0x0000, 0x0000, 0x0020, 0x18E3, 0x5ACB, 0x738E,
  0x7BEF, 0x630C, 0x2124, 0x0020, 0x0000, 0x0000, 0x0020, 0x0000, 0x0020, 0x8430, 0x6B6D, 0x6B6D,
  0x630C, 0x5ACB, 0x39C7, 0x0000, 0x0000, 0x4208, 0x632C, 0x6B4D, 0x738E, 0x6B6D, 0x8430, 0x0020,
  0x0841, 0x6B4D, 0x0861, 0xBDD7, 0x5ACB, 0x8C71, 0x4A69, 0x9CF3, 0x9492, 0x7BEF, 0x8C51, 0x7BCF,
  0x94B2, 0x1082, 0x6B4D, 0x0841, 0x0841, 0x6B6D, 0x0841, 0x528A, 0x3186, 0x528A, 0x2945, 0x4A49,
  0x39E7, 0x39C7, 0x4228, 0x39C7, 0x4A69, 0x0841, 0x6B6D, 0x0841, 0x0000, 0x738E, 0x0000, 0x3A08,
  0x528A, 0x0000, 0x632D, 0x4229, 0x52AB, 0x4AAA, 0x0000, 0x632C, 0x2945, 0x0000, 0x73AE, 0x0000,
  0x0000, 0x738E, 0x0020, 0x5ACB, 0xA514, 0x6B6D, 0xADB7, 0x4AAA, 0x6B6E, 0xA576, 0x7BCF, 0x9CF3,
  0x4228, 0x0000, 0x73AE, 0x0000, 0x0000, 0x6B4D, 0x18C3, 0x1082, 0x2965, 0x7C10, 0xBE39, 0x6B8E,
  0x634D, 0xA596, 0x73AE, 0x3186, 0x0841, 0x18E3, 0x6B6D, 0x0000, 0x0000, 0x4A69, 0x4208, 0x0000,
  0x0000, 0x6B6E, 0x632C, 0x8430, 0xBDD7, 0xB5B6, 0x2986, 0x0000, 0x0000, 0x4228, 0x528A, 0x0000,
  0x0000, 0x18C3, 0x6B6D, 0x0000, 0x0020, 0x4229, 0x94B2, 0x9CF3, 0xF7BE, 0xCE79, 0x2986, 0x0020,
  0x0000, 0x73AE, 0x18C3, 0x0000, 0x0000, 0x0000, 0x7BCF, 0x18C3, 0x0000, 0x0000, 0xB5D7, 0xFFDF,
  0xFFBE, 0x9CF3, 0x0000, 0x0000, 0x18E3, 0x7BEF, 0x0000, 0x0000, 0x0000, 0x0000, 0x2965, 0x738E,
  0x18C3, 0x8C71, 0x632C, 0xA514, 0xA534, 0x7C10, 0x9492, 0x10A2, 0x7BEF, 0x2965, 0x0000, 0x0000,
  0x0000, 0x0000, 0x0000, 0x630C, 0x6B6D, 0x10A2, 0x0882, 0x2124, 0x52CB, 0x2124, 0x0861, 0x738E,
  0x632C, 0x0000, 0x0000, 0x0000, 0x0000, 0x0000, 0x0000, 0x0000, 0x6B6D, 0x5ACB, 0x0000, 0x0000,
  0x0000, 0x0000, 0x632C, 0x73AE, 0x0000, 0x0000, 0x0000, 0x0000, 0x0000, 0x0000, 0x0000, 0x0000,
  0x0000, 0x528A, 0x8410, 0x4A69, 0x528A, 0x8430, 0x528A, 0x0000, 0x0000, 0x0000, 0x0000, 0x0000,
  0x0000, 0x0000, 0x0000, 0x0000, 0x0000, 0x0000, 0x0020, 0x4208, 0x4208, 0x0020, 0x0000, 0x0000,
  0x0000, 0x0000, 0x0000, 0x0000,
};

static const uint16_t L_NFL_LAC[256] PROGMEM = {
  0x0000, 0x0000, 0x0000, 0x0000, 0x0000, 0x0000, 0x0000, 0x0000, 0x0000, 0x0000, 0x0000, 0x0000,
  0x0000, 0x0000, 0x0000, 0x0000, 0x0000, 0x0000, 0x0000, 0x0000, 0x0000, 0x0000, 0x0000, 0x0000,
  0x0000, 0x0000, 0x0000, 0x0000, 0x0000, 0x0000, 0x0000, 0x0000, 0x0000, 0x0000, 0x0000, 0x0000,
  0x0000, 0x0000, 0x0000, 0x0000, 0x0000, 0x0000, 0x0000, 0x0000, 0x0000, 0x0000, 0x0000, 0x0000,
  0x0000, 0x0000, 0x0000, 0x0000, 0x0000, 0x0000, 0x0000, 0x0000, 0x0000, 0x0000, 0x0000, 0x0000,
  0x0000, 0x0000, 0x0000, 0x0000, 0x0000, 0x0000, 0x0000, 0x0000, 0x0000, 0x0000, 0x0000, 0x0020,
  0x2145, 0x08C3, 0x0000, 0x0000, 0x0000, 0x0000, 0x0000, 0x0000, 0x0000, 0x0000, 0x0000, 0x0020,
  0x2A4B, 0x53EF, 0x7CAE, 0x84CD, 0x7533, 0x7D10, 0x6C6F, 0x224C, 0x0000, 0x0000, 0x0000, 0x0000,
  0x0000, 0x0000, 0x0000, 0x2A8D, 0x8DB2, 0xFE20, 0xEE01, 0xFE41, 0xFE20, 0xFE20, 0xFE20, 0xCE07,
  0x6451, 0x08C3, 0x0000, 0x0000, 0x0000, 0x0000, 0x3AAC, 0xA5AC, 0xDE04, 0xA58C, 0x5CF8, 0x53D0,
  0x5C10, 0x8D0E, 0x7551, 0x9D8E, 0xDE26, 0x7CD0, 0x0882, 0x0000, 0x0000, 0x2A09, 0x95F2, 0x952D,
  0x3B2F, 0x19A8, 0x1904, 0x0000, 0x0000, 0x0861, 0x220A, 0x430E, 0x4B4E, 0x9E0F, 0x4B8E, 0x0000,
  0x0862, 0x4CD8, 0x436F, 0x0882, 0x0000, 0x0000, 0x0000, 0x0000, 0x0000, 0x0000, 0x0000, 0x0000,
  0x0000, 0x2A4B, 0x5538, 0x1905, 0x3A29, 0x42ED, 0x0000, 0x0000, 0x0000, 0x0000, 0x0000, 0x0000,
  0x0000, 0x0000, 0x0000, 0x0000, 0x0000, 0x0000, 0x3A8C, 0x428B, 0x0861, 0x0000, 0x0000, 0x0000,
  0x0000, 0x0000, 0x0000, 0x0000, 0x0000, 0x0000, 0x0000, 0x0000, 0x0000, 0x0000, 0x0000, 0x0841,
  0x0000, 0x0000, 0x0000, 0x0000, 0x0000, 0x0000, 0x0000, 0x0000, 0x0000, 0x0000, 0x0000, 0x0000,
  0x0000, 0x0000, 0x0000, 0x0000, 0x0000, 0x0000, 0x0000, 0x0000, 0x0000, 0x0000, 0x0000, 0x0000,
  0x0000, 0x0000, 0x0000, 0x0000, 0x0000, 0x0000, 0x0000, 0x0000, 0x0000, 0x0000, 0x0000, 0x0000,
  0x0000, 0x0000, 0x0000, 0x0000, 0x0000, 0x0000, 0x0000, 0x0000, 0x0000, 0x0000, 0x0000, 0x0000,
  0x0000, 0x0000, 0x0000, 0x0000, 0x0000, 0x0000, 0x0000, 0x0000, 0x0000, 0x0000, 0x0000, 0x0000,
  0x0000, 0x0000, 0x0000, 0x0000,
};

static const uint16_t L_NFL_LAR[256] PROGMEM = {
  0x0000, 0x0000, 0x0000, 0x0000, 0x0000, 0x0000, 0x0000, 0x0000, 0x0000, 0x0000, 0x0000, 0x0000,
  0x0000, 0x0000, 0x0000, 0x0000, 0x0000, 0x0000, 0x0000, 0x0000, 0x0000, 0x0000, 0x0000, 0x0000,
  0x0000, 0x0000, 0x0000, 0x0000, 0x0000, 0x0000, 0x0000, 0x0000, 0x0000, 0x0000, 0x0000, 0x0000,
  0x0000, 0x0000, 0x0000, 0x0021, 0x0065, 0x0086, 0x0064, 0x0000, 0x0000, 0x0000, 0x0000, 0x0000,
  0x0000, 0x0000, 0x0000, 0x0000, 0x0000, 0x0000, 0x0086, 0x010C, 0x012D, 0x012D, 0x0170, 0x0170,
  0x00A7, 0x0000, 0x0000, 0x0000, 0x0000, 0x0000, 0x0000, 0x0000, 0x0021, 0x012D, 0x01B3, 0x01D4,
  0x01B2, 0x0191, 0x012D, 0x014E, 0x01D4, 0x00EA, 0x0000, 0x0000, 0x0000, 0x0000, 0x0042, 0x010B,
  0x00C9, 0x014E, 0x01D3, 0x00E9, 0x0043, 0x0022, 0x00A8, 0x00C9, 0x014E, 0x01F4, 0x0086, 0x0000,
  0x0000, 0x0000, 0x010B, 0x01F5, 0x010C, 0x0191, 0x00A7, 0x0000, 0x0000, 0x0000, 0x0170, 0x014E,
  0x00A7, 0x01D3, 0x016F, 0x0000, 0x0000, 0x0021, 0x01B2, 0x0170, 0x012D, 0x0170, 0x0000, 0x0000,
  0x0000, 0x010C, 0x01D4, 0x010C, 0x0000, 0x0191, 0x01B3, 0x0064, 0x0000, 0x00C8, 0x01D4, 0x010B,
  0x010C, 0x00C8, 0x0000, 0x0000, 0x0086, 0x01D3, 0x01D3, 0x014E, 0x010C, 0x0191, 0x01B3, 0x00A7,
  0x0021, 0x0191, 0x01D4, 0x01B2, 0x0170, 0x0170, 0x0191, 0x010B, 0x01B2, 0x01D3, 0x012D, 0x014E,
  0x0170, 0x01D4, 0x01D4, 0x0086, 0x0022, 0x00C9, 0x00C8, 0x00EA, 0x012D, 0x012D, 0x00C8, 0x0064,
  0x00EA, 0x00A7, 0x0000, 0x0000, 0x0021, 0x00C9, 0x00C8, 0x0022, 0x0000, 0x0000, 0x0000, 0x0000,
  0x012C, 0x01D3, 0x014E, 0x0043, 0x0000, 0x0000, 0x0000, 0x0000, 0x0000, 0x0000, 0x0000, 0x0000,
  0x0000, 0x0000, 0x0000, 0x0000, 0x0001, 0x010B, 0x01B2, 0x01D3, 0x014F, 0x010C, 0x00A7, 0x0001,
  0x0000, 0x0000, 0x0000, 0x0000, 0x0000, 0x0000, 0x0000, 0x0000, 0x0000, 0x0000, 0x0021, 0x0065,
  0x0086, 0x0043, 0x0000, 0x0000, 0x0000, 0x0000, 0x0000, 0x0000, 0x0000, 0x0000, 0x0000, 0x0000,
  0x0000, 0x0000, 0x0000, 0x0000, 0x0000, 0x0000, 0x0000, 0x0000, 0x0000, 0x0000, 0x0000, 0x0000,
  0x0000, 0x0000, 0x0000, 0x0000, 0x0000, 0x0000, 0x0000, 0x0000, 0x0000, 0x0000, 0x0000, 0x0000,
  0x0000, 0x0000, 0x0000, 0x0000,
};

static const uint16_t L_NFL_MIA[256] PROGMEM = {
  0x0000, 0x0000, 0x0000, 0x0000, 0x0000, 0x0000, 0x0000, 0x0000, 0x0000, 0x0000, 0x0000, 0x0000,
  0x0000, 0x0000, 0x0000, 0x0000, 0x0000, 0x0000, 0x0000, 0x0000, 0x0000, 0x0000, 0x0000, 0x0000,
  0x0000, 0x0000, 0x0000, 0x0000, 0x0000, 0x0000, 0x0000, 0x0000, 0x0000, 0x0000, 0x0000, 0x0000,
  0x0000, 0x0000, 0x0000, 0x0841, 0x0000, 0x0000, 0x18C3, 0x0000, 0x0000, 0x0000, 0x0000, 0x0000,
  0x0000, 0x0000, 0x0000, 0x0000, 0x0000, 0x3145, 0x18E3, 0x59C5, 0x8266, 0x7A46, 0x8288, 0x0861,
  0x0000, 0x0000, 0x0000, 0x0000, 0x0000, 0x0000, 0x0000, 0x0000, 0x0000, 0x18E3, 0xD368, 0xECAE,
  0xFE35, 0xFE97, 0xFD50, 0x93CD, 0x1A29, 0x19C7, 0x32AB, 0x1904, 0x0000, 0x0000, 0x0000, 0x0861,
  0x49E7, 0x9287, 0xFDF4, 0xFFFF, 0xFFFF, 0xD7BF, 0x4DB7, 0x0C93, 0x5DD8, 0x6598, 0x4C32, 0x1904,
  0x0000, 0x0000, 0x0000, 0x0000, 0x3986, 0xFCEF, 0xE79E, 0xBEBB, 0x9639, 0x1493, 0x0411, 0x8E19,
  0x7537, 0x1A4C, 0x0000, 0x0000, 0x0000, 0x0000, 0x0000, 0x1904, 0x8A67, 0xF5D4, 0xC73D, 0x2CB3,
  0x0411, 0x0472, 0x6556, 0x5C95, 0x73F0, 0x7AA7, 0x18E3, 0x0000, 0x10A2, 0x0882, 0x0000, 0x0000,
  0x61C4, 0xFDD2, 0xC75D, 0x1493, 0x0C93, 0x03D1, 0x1B30, 0x0C13, 0xFE14, 0x9AC7, 0x0861, 0x0000,
  0x1924, 0x3C31, 0x2BD0, 0x336E, 0x4228, 0x8CF2, 0x1CD5, 0x5D16, 0x2473, 0x4C54, 0xAE5A, 0xAF1D,
  0xFD0F, 0x7A88, 0x0861, 0x0000, 0x0000, 0x10C3, 0x226A, 0x334E, 0x4C73, 0x4CB5, 0x8CF4, 0x9577,
  0xB6FD, 0xFFFF, 0xFFFF, 0xFDF4, 0x92C8, 0x3144, 0x18C3, 0x0000, 0x0000, 0x0000, 0x0000, 0x0000,
  0x0020, 0x3965, 0x8AA8, 0xEC6C, 0xFDF3, 0xFE14, 0xF48D, 0xCB48, 0x3124, 0x0000, 0x0000, 0x0000,
  0x0000, 0x0000, 0x0000, 0x0000, 0x0000, 0x0000, 0x0000, 0x61C5, 0x9A66, 0x6206, 0x6206, 0x10A2,
  0x3144, 0x0000, 0x0000, 0x0000, 0x0000, 0x0000, 0x0000, 0x0000, 0x0000, 0x0000, 0x0000, 0x2104,
  0x0841, 0x0000, 0x0020, 0x0000, 0x0000, 0x0000, 0x0000, 0x0000, 0x0000, 0x0000, 0x0000, 0x0000,
  0x0000, 0x0000, 0x0000, 0x0000, 0x0000, 0x0000, 0x0000, 0x0000, 0x0000, 0x0000, 0x0000, 0x0000,
  0x0000, 0x0000, 0x0000, 0x0000, 0x0000, 0x0000, 0x0000, 0x0000, 0x0000, 0x0000, 0x0000, 0x0000,
  0x0000, 0x0000, 0x0000, 0x0000,
};

static const uint16_t L_NFL_MIN[256] PROGMEM = {
  0x0000, 0x0000, 0x0000, 0x0000, 0x10A2, 0x0861, 0x0841, 0x0000, 0x0000, 0x0000, 0x0000, 0x0000,
  0x0000, 0x0000, 0x0000, 0x0000, 0x0000, 0x0000, 0x0000, 0x0000, 0x31A6, 0x39C7, 0x4A49, 0x0861,
  0x0000, 0x0000, 0x0000, 0x0000, 0x0000, 0x0000, 0x0000, 0x0000, 0x0000, 0x0000, 0x0000, 0x0000,
  0x39E7, 0x39C7, 0x4A49, 0x39E7, 0x0000, 0x0000, 0x0000, 0x0000, 0x0000, 0x0000, 0x0000, 0x0000,
  0x0000, 0x0000, 0x0000, 0x0000, 0x738E, 0x7BCF, 0x4A28, 0xAD76, 0x93C7, 0x8BA8, 0x2965, 0x0000,
  0x0000, 0x0000, 0x0000, 0x0000, 0x0000, 0x0000, 0x0000, 0x0000, 0x4A69, 0xE73C, 0x73AE, 0x946F,
  0xD546, 0xF605, 0xEDE7, 0x62E8, 0x0000, 0x0000, 0x0000, 0x0000, 0x0000, 0x0000, 0x0000, 0x0000,
  0x0020, 0xB596, 0xFFFF, 0xF79D, 0xEF9E, 0xCE37, 0xEDC4, 0xFE46, 0x4A26, 0x0000, 0x0000, 0x0000,
  0x0000, 0x0000, 0x0000, 0x0000, 0x0000, 0x0861, 0x7BAE, 0xA4B5, 0xE73D, 0xE75C, 0x414A, 0x518B,
  0x5A4B, 0x2944, 0x0000, 0x0000, 0x0000, 0x0000, 0x0000, 0x0000, 0x0000, 0x0000, 0x39A8, 0x30A7,
  0x520B, 0x49CD, 0x7287, 0x830C, 0x8B8A, 0x5268, 0x0000, 0x0000, 0x0000, 0x0000, 0x0000, 0x0000,
  0x2125, 0x8387, 0x8B64, 0xAC43, 0x9BC3, 0xA3A4, 0xAC49, 0xC491, 0xB46C, 0x62A8, 0x0000, 0x0000,
  0x0000, 0x0000, 0x0000, 0x4206, 0xB487, 0xEDC5, 0xBC84, 0xDD65, 0xEDC5, 0x93A5, 0xBC71, 0xAC28,
  0xC4A4, 0x732A, 0x0000, 0x0000, 0x0000, 0x0000, 0x4208, 0x7349, 0x5A86, 0x4206, 0x4207, 0xBCA7,
  0xCCE3, 0xB449, 0xAC0E, 0x8342, 0x9BCD, 0x7B6D, 0x0000, 0x0000, 0x0000, 0x0000, 0x2945, 0x0000,
  0x0000, 0x0000, 0x0000, 0x5AA7, 0xB462, 0xAC29, 0x8BAC, 0x7306, 0x2145, 0x10A2, 0x0000, 0x0000,
  0x0000, 0x0000, 0x0000, 0x0000, 0x0000, 0x0020, 0x0000, 0x2944, 0xA426, 0x7326, 0x4249, 0x4206,
  0x0000, 0x0000, 0x0000, 0x0000, 0x0000, 0x0000, 0x0000, 0x0000, 0x0000, 0x0000, 0x0000, 0x0000,
  0x7B46, 0x7B68, 0x39E8, 0x0841, 0x0000, 0x0000, 0x0000, 0x0000, 0x0000, 0x0000, 0x0000, 0x0000,
  0x0000, 0x0000, 0x0000, 0x0020, 0x7B8A, 0x2944, 0x0000, 0x0000, 0x0000, 0x0000, 0x0000, 0x0000,
  0x0000, 0x0000, 0x0000, 0x0000, 0x0000, 0x0000, 0x0000, 0x0000, 0x18E4, 0x0000, 0x0000, 0x0000,
  0x0000, 0x0000, 0x0000, 0x0000,
};

static const uint16_t L_NFL_NE[256] PROGMEM = {
  0x0000, 0x0000, 0x0000, 0x0000, 0x0000, 0x0000, 0x0000, 0x0000, 0x0000, 0x0000, 0x0000, 0x0000,
  0x0000, 0x0000, 0x0000, 0x0000, 0x0000, 0x0000, 0x0000, 0x0000, 0x0000, 0x0000, 0x0000, 0x0000,
  0x0000, 0x0000, 0x0000, 0x0000, 0x0000, 0x0000, 0x0000, 0x0000, 0x0000, 0x0000, 0x0000, 0x0000,
  0x0000, 0x0000, 0x0000, 0x0000, 0x0000, 0x0000, 0x0000, 0x0000, 0x0000, 0x0000, 0x0000, 0x0000,
  0x0000, 0x0000, 0x0000, 0x0000, 0x0000, 0x0000, 0x0000, 0x0000, 0x0000, 0x0000, 0x0000, 0x0000,
  0x0000, 0x0000, 0x0000, 0x0000, 0x0000, 0x0000, 0x0000, 0x0000, 0x0000, 0x0861, 0x3125, 0x51C8,
  0x3A2A, 0x4A6B, 0x4A6A, 0x4229, 0x2124, 0x0000, 0x0000, 0x0000, 0x0841, 0x20E3, 0x3966, 0x7209,
  0xA22A, 0xD28C, 0xF2CE, 0xEB70, 0x3AAE, 0x0909, 0x0929, 0x19AB, 0x324D, 0x426C, 0x5B0D, 0x31A7,
  0x2945, 0xA431, 0xC3AF, 0xD390, 0xFD36, 0xFCF5, 0xFC33, 0xF3B1, 0x73B1, 0x322C, 0x00E8, 0x0046,
  0x532F, 0x7433, 0x3A8D, 0x18E3, 0x0000, 0x0000, 0x0000, 0x0000, 0x3186, 0x41A7, 0x6249, 0xAD56,
  0x63B1, 0x21CB, 0x00C7, 0x0909, 0x21CB, 0x4AEF, 0x52CC, 0x0000, 0x0000, 0x0000, 0x0000, 0x0000,
  0x0000, 0x0000, 0x0000, 0x0020, 0x31C7, 0x4ACD, 0x21CB, 0x63B1, 0x530F, 0x532F, 0x2965, 0x0000,
  0x0000, 0x0000, 0x0000, 0x0000, 0x0000, 0x0000, 0x0000, 0x0000, 0x0000, 0x0000, 0x632D, 0x8CB4,
  0x9D36, 0x6B8F, 0x0000, 0x0000, 0x0000, 0x0000, 0x0000, 0x0000, 0x0000, 0x0000, 0x0000, 0x0000,
  0x0000, 0x0000, 0x0000, 0x5B0D, 0x9516, 0x31A6, 0x0000, 0x0000, 0x0000, 0x0000, 0x0000, 0x0000,
  0x0000, 0x0000, 0x0000, 0x0000, 0x0000, 0x0000, 0x0000, 0x0000, 0x4A6A, 0x0020, 0x0000, 0x0000,
  0x0000, 0x0000, 0x0000, 0x0000, 0x0000, 0x0000, 0x0000, 0x0000, 0x0000, 0x0000, 0x0000, 0x0000,
  0x0000, 0x0000, 0x0000, 0x0000, 0x0000, 0x0000, 0x0000, 0x0000, 0x0000, 0x0000, 0x0000, 0x0000,
  0x0000, 0x0000, 0x0000, 0x0000, 0x0000, 0x0000, 0x0000, 0x0000, 0x0000, 0x0000, 0x0000, 0x0000,
  0x0000, 0x0000, 0x0000, 0x0000, 0x0000, 0x0000, 0x0000, 0x0000, 0x0000, 0x0000, 0x0000, 0x0000,
  0x0000, 0x0000, 0x0000, 0x0000, 0x0000, 0x0000, 0x0000, 0x0000, 0x0000, 0x0000, 0x0000, 0x0000,
  0x0000, 0x0000, 0x0000, 0x0000,
};

static const uint16_t L_NFL_NO[256] PROGMEM = {
  0x0000, 0x0000, 0x0000, 0x0000, 0x0000, 0x0000, 0x0000, 0x0000, 0x0000, 0x0000, 0x0000, 0x0000,
  0x0000, 0x0000, 0x0000, 0x0000, 0x0000, 0x0000, 0x0000, 0x0000, 0x0000, 0x0000, 0x0000, 0x0000,
  0x0000, 0x0000, 0x0000, 0x0000, 0x0000, 0x0000, 0x0000, 0x0000, 0x0000, 0x0000, 0x0000, 0x0000,
  0x0000, 0x0000, 0x0000, 0x2945, 0x2945, 0x0000, 0x0000, 0x0000, 0x0000, 0x0000, 0x0000, 0x0000,
  0x0000, 0x0000, 0x0000, 0x0000, 0x0000, 0x0000, 0x0000, 0x4208, 0x4207, 0x0000, 0x0000, 0x0000,
  0x0000, 0x0000, 0x0000, 0x0000, 0x0000, 0x0000, 0x0000, 0x0000, 0x0000, 0x0000, 0x0000, 0x6B2A,
  0x6B2A, 0x0000, 0x0000, 0x0000, 0x0000, 0x0000, 0x0000, 0x0000, 0x0000, 0x0000, 0x0000, 0x0000,
  0x0000, 0x0000, 0x1082, 0xACCE, 0xACAE, 0x1082, 0x0000, 0x0000, 0x0000, 0x0000, 0x0000, 0x0000,
  0x0000, 0x0000, 0x0000, 0x18E3, 0x4207, 0x3186, 0x39C7, 0xCD90, 0xCD90, 0x39C7, 0x3186, 0x4207,
  0x18E3, 0x0000, 0x0000, 0x0000, 0x0000, 0x0000, 0x2104, 0x9C4E, 0xDDF1, 0xD5B1, 0x7B6B, 0xBD0E,
  0xBD0E, 0x7B6B, 0xD5D1, 0xDDF1, 0x9C4E, 0x2104, 0x0000, 0x0000, 0x0000, 0x0000, 0x4A48, 0xD5B0,
  0x9C4D, 0x8BEC, 0xBD0E, 0xCD90, 0xD590, 0xBD0E, 0x8BCC, 0x9C4D, 0xD5B0, 0x4A48, 0x0000, 0x0000,
  0x0000, 0x0000, 0x2945, 0x7B8C, 0x18E4, 0x0001, 0x4A48, 0xD5B0, 0xD5B0, 0x4A28, 0x0000, 0x18E3,
  0x7B8C, 0x2945, 0x0000, 0x0000, 0x0000, 0x0000, 0x0000, 0x10A2, 0x0000, 0x0000, 0x2125, 0xC52F,
  0xC550, 0x2125, 0x0020, 0x0000, 0x10A2, 0x0000, 0x0000, 0x0000, 0x0000, 0x0000, 0x0000, 0x0000,
  0x0000, 0x5ACA, 0x734B, 0xC54F, 0xC54F, 0x734B, 0x62CA, 0x0020, 0x0000, 0x0000, 0x0000, 0x0000,
  0x0000, 0x0000, 0x0000, 0x0000, 0x0020, 0x7B6C, 0xA48E, 0xA46D, 0xA46D, 0xA48E, 0x7B8C, 0x0021,
  0x0000, 0x0000, 0x0000, 0x0000, 0x0000, 0x0000, 0x0000, 0x0000, 0x0000, 0x0862, 0x10C3, 0x6B2B,
  0x734B, 0x10C3, 0x0862, 0x0000, 0x0000, 0x0000, 0x0000, 0x0000, 0x0000, 0x0000, 0x0000, 0x0000,
  0x0000, 0x0000, 0x0000, 0x2145, 0x2945, 0x0000, 0x0000, 0x0000, 0x0000, 0x0000, 0x0000, 0x0000,
  0x0000, 0x0000, 0x0000, 0x0000, 0x0000, 0x0000, 0x0000, 0x0000, 0x0000, 0x0000, 0x0000, 0x0000,
  0x0000, 0x0000, 0x0000, 0x0000,
};

static const uint16_t L_NFL_NYG[256] PROGMEM = {
  0x0000, 0x0000, 0x0000, 0x0000, 0x0000, 0x0000, 0x0000, 0x0000, 0x0000, 0x0000, 0x0000, 0x0000,
  0x0000, 0x0000, 0x0000, 0x0000, 0x0000, 0x0000, 0x0000, 0x0000, 0x0000, 0x0000, 0x0000, 0x0000,
  0x0000, 0x0000, 0x0000, 0x0000, 0x0000, 0x0000, 0x0000, 0x0000, 0x0023, 0x0088, 0x0088, 0x0087,
  0x0066, 0x00A9, 0x0087, 0x0001, 0x0065, 0x0088, 0x0088, 0x0044, 0x0000, 0x0088, 0x0088, 0x0023,
  0x0065, 0x010F, 0x00ED, 0x00ED, 0x010E, 0x010D, 0x010E, 0x0088, 0x00AA, 0x010E, 0x010E, 0x0088,
  0x0001, 0x00ED, 0x010E, 0x0065, 0x0021, 0x0087, 0x00ED, 0x00EC, 0x0087, 0x00AA, 0x00ED, 0x00AA,
  0x0043, 0x00CB, 0x00ED, 0x0087, 0x0001, 0x00EC, 0x00ED, 0x0044, 0x0000, 0x0022, 0x00ED, 0x00ED,
  0x0000, 0x0066, 0x010E, 0x00AA, 0x0000, 0x00AA, 0x010E, 0x0087, 0x0001, 0x00EC, 0x00ED, 0x0044,
  0x0000, 0x0023, 0x00ED, 0x00ED, 0x0021, 0x0087, 0x010E, 0x00AA, 0x0000, 0x00AA, 0x010E, 0x0087,
  0x0001, 0x00EC, 0x00ED, 0x0044, 0x0000, 0x0023, 0x00ED, 0x00ED, 0x0021, 0x0067, 0x010E, 0x00A9,
  0x0000, 0x00AA, 0x010E, 0x0087, 0x0000, 0x00ED, 0x00ED, 0x0044, 0x0000, 0x0023, 0x00ED, 0x00EC,
  0x0021, 0x0067, 0x00ED, 0x00CB, 0x0044, 0x00AA, 0x00ED, 0x00CB, 0x00A9, 0x00ED, 0x00ED, 0x0045,
  0x0000, 0x0043, 0x010E, 0x010E, 0x0021, 0x0087, 0x010E, 0x010F, 0x00A9, 0x0066, 0x010E, 0x010E,
  0x010E, 0x00EC, 0x00ED, 0x0045, 0x0000, 0x0001, 0x0065, 0x0065, 0x0000, 0x0000, 0x0044, 0x0065,
  0x0022, 0x0000, 0x0044, 0x0087, 0x0066, 0x00CC, 0x00ED, 0x0044, 0x0000, 0x0021, 0x0087, 0x0066,
  0x0087, 0x0087, 0x0066, 0x0066, 0x0087, 0x0087, 0x0087, 0x0086, 0x0088, 0x00EC, 0x00ED, 0x0045,
  0x0000, 0x0043, 0x010F, 0x010E, 0x010E, 0x010E, 0x010E, 0x010E, 0x010E, 0x010E, 0x010E, 0x010E,
  0x010E, 0x00ED, 0x00ED, 0x0043, 0x0000, 0x0022, 0x00A9, 0x00A9, 0x00A9, 0x00A9, 0x00A9, 0x00A9,
  0x00A9, 0x00A9, 0x00A9, 0x00A9, 0x00A9, 0x00A9, 0x0045, 0x0000, 0x0000, 0x0000, 0x0000, 0x0000,
  0x0000, 0x0000, 0x0000, 0x0000, 0x0000, 0x0000, 0x0000, 0x0000, 0x0000, 0x0000, 0x0000, 0x0000,
  0x0000, 0x0000, 0x0000, 0x0000, 0x0000, 0x0000, 0x0000, 0x0000, 0x0000, 0x0000, 0x0000, 0x0000,
  0x0000, 0x0000, 0x0000, 0x0000,
};

static const uint16_t L_NFL_NYJ[256] PROGMEM = {
  0x0000, 0x0000, 0x0000, 0x0000, 0x0000, 0x0000, 0x0000, 0x0000, 0x0000, 0x0000, 0x0000, 0x0000,
  0x0000, 0x0000, 0x0000, 0x0000, 0x0000, 0x0000, 0x0000, 0x0000, 0x0000, 0x0000, 0x0000, 0x0000,
  0x0000, 0x0000, 0x0000, 0x0000, 0x0000, 0x0000, 0x0000, 0x0000, 0x0000, 0x0000, 0x0000, 0x0000,
  0x0000, 0x0000, 0x0000, 0x0000, 0x0000, 0x0000, 0x0000, 0x0000, 0x0000, 0x0000, 0x0000, 0x0000,
  0x0000, 0x0000, 0x0000, 0x0000, 0x0000, 0x0000, 0x0000, 0x0000, 0x0000, 0x0000, 0x0000, 0x0000,
  0x0000, 0x0000, 0x0000, 0x0000, 0x0000, 0x0000, 0x0000, 0x0000, 0x0000, 0x0000, 0x0000, 0x0000,
  0x0000, 0x0000, 0x0000, 0x0000, 0x0000, 0x0000, 0x0000, 0x0000, 0x0000, 0x0000, 0x0000, 0x0000,
  0x0000, 0x0000, 0x0000, 0x0000, 0x0020, 0x0000, 0x0000, 0x0000, 0x0000, 0x0000, 0x0000, 0x0000,
  0x0000, 0x0000, 0x0000, 0x0000, 0x0000, 0x0000, 0x0000, 0x0020, 0x01A4, 0x0184, 0x00A2, 0x0061,
  0x0040, 0x0020, 0x0000, 0x0000, 0x0000, 0x0000, 0x0000, 0x0061, 0x0226, 0x0123, 0x0103, 0x0123,
  0x0143, 0x01E5, 0x01C5, 0x01A4, 0x0143, 0x0143, 0x0123, 0x0020, 0x0000, 0x0000, 0x0000, 0x0205,
  0x0246, 0x01A4, 0x02A7, 0x0123, 0x0061, 0x0266, 0x01C5, 0x0081, 0x0246, 0x0225, 0x0103, 0x0000,
  0x0020, 0x00E2, 0x0164, 0x02E8, 0x0164, 0x02C7, 0x0266, 0x0102, 0x0103, 0x02E8, 0x0102, 0x0123,
  0x0287, 0x02E8, 0x0061, 0x0000, 0x0040, 0x0102, 0x0102, 0x00A1, 0x0081, 0x00E2, 0x00E2, 0x00A1,
  0x00C2, 0x00A1, 0x0081, 0x0102, 0x00C2, 0x00A2, 0x0000, 0x0000, 0x0000, 0x0000, 0x0000, 0x0000,
  0x0000, 0x0000, 0x0000, 0x0000, 0x0000, 0x0000, 0x0000, 0x0000, 0x0000, 0x0000, 0x0000, 0x0000,
  0x0000, 0x0000, 0x0000, 0x0000, 0x0000, 0x0000, 0x0000, 0x0000, 0x0000, 0x0000, 0x0000, 0x0000,
  0x0000, 0x0000, 0x0000, 0x0000, 0x0000, 0x0000, 0x0000, 0x0000, 0x0000, 0x0000, 0x0000, 0x0000,
  0x0000, 0x0000, 0x0000, 0x0000, 0x0000, 0x0000, 0x0000, 0x0000, 0x0000, 0x0000, 0x0000, 0x0000,
  0x0000, 0x0000, 0x0000, 0x0000, 0x0000, 0x0000, 0x0000, 0x0000, 0x0000, 0x0000, 0x0000, 0x0000,
  0x0000, 0x0000, 0x0000, 0x0000, 0x0000, 0x0000, 0x0000, 0x0000, 0x0000, 0x0000, 0x0000, 0x0000,
  0x0000, 0x0000, 0x0000, 0x0000,
};

static const uint16_t L_NFL_PHI[256] PROGMEM = {
  0x0000, 0x0000, 0x0000, 0x0000, 0x0000, 0x0000, 0x0000, 0x0000, 0x0000, 0x0000, 0x0000, 0x0000,
  0x0000, 0x0000, 0x0000, 0x0000, 0x0000, 0x0000, 0x0000, 0x0000, 0x0000, 0x0000, 0x0000, 0x0000,
  0x0000, 0x0000, 0x0000, 0x0000, 0x0000, 0x0000, 0x0000, 0x0000, 0x0000, 0x0000, 0x0000, 0x0000,
  0x0000, 0x0000, 0x0000, 0x0000, 0x0000, 0x0000, 0x0000, 0x0000, 0x0000, 0x0000, 0x0000, 0x0841,
  0x0000, 0x0000, 0x0000, 0x0000, 0x0000, 0x0000, 0x0000, 0x0000, 0x0020, 0x0861, 0x29A7, 0x634D,
  0x2986, 0x3208, 0x536E, 0x2124, 0x0000, 0x0000, 0x0000, 0x0000, 0x0000, 0x0000, 0x0882, 0x3229,
  0x8CB2, 0x4AEB, 0x536E, 0x7C72, 0x6BCF, 0x2166, 0x3A49, 0x0000, 0x0000, 0x0000, 0x0000, 0x0000,
  0x0000, 0x3A08, 0x63AF, 0x9D76, 0xD6FB, 0xCE59, 0xB5D7, 0x9D14, 0x634D, 0x1925, 0x63CF, 0x0861,
  0x0000, 0x0000, 0x0000, 0x0841, 0x5B2D, 0xC67A, 0xE71C, 0xFFDF, 0xF79E, 0xCE79, 0xA555, 0x94F4,
  0x5B0C, 0x1925, 0x2986, 0x0000, 0x0000, 0x0000, 0x10C3, 0x5B4D, 0xAD75, 0x8430, 0xEF9E, 0xF7BE,
  0xCE79, 0x8CB2, 0x6B8E, 0x6B8E, 0x29A7, 0x534D, 0x0000, 0x0000, 0x0000, 0x2986, 0x3A8A, 0x9492,
  0x52AA, 0xAD76, 0xFFFF, 0xCE79, 0x8CB2, 0x94F4, 0xA596, 0x3A08, 0x1145, 0x31E8, 0x0000, 0x0000,
  0x0841, 0x4ACB, 0x7410, 0x6B6E, 0x5B0C, 0x9D14, 0x6B6E, 0x4AAA, 0x5AEC, 0x2966, 0x52CB, 0x3A49,
  0x3208, 0x0000, 0x0000, 0x0000, 0x2966, 0x6BF0, 0x7C31, 0x532C, 0x2986, 0x4249, 0x3208, 0x3A29,
  0x29A6, 0x31E8, 0x29E7, 0x29A6, 0x0000, 0x0000, 0x0000, 0x0000, 0x18C3, 0x5B6D, 0x4AEB, 0x9D76,
  0x4AAB, 0x530C, 0x0000, 0x2965, 0x3A28, 0x2945, 0x0000, 0x0000, 0x0000, 0x0000, 0x0000, 0x0000,
  0x0000, 0x10C3, 0x29A6, 0x2145, 0x534D, 0x2124, 0x0000, 0x0000, 0x0000, 0x0000, 0x0000, 0x0000,
  0x0000, 0x0000, 0x0000, 0x0000, 0x0000, 0x0000, 0x0000, 0x0000, 0x0000, 0x0000, 0x0000, 0x0000,
  0x0000, 0x0000, 0x0000, 0x0000, 0x0000, 0x0000, 0x0000, 0x0000, 0x0000, 0x0000, 0x0000, 0x0000,
  0x0000, 0x0000, 0x0000, 0x0000, 0x0000, 0x0000, 0x0000, 0x0000, 0x0000, 0x0000, 0x0000, 0x0000,
  0x0000, 0x0000, 0x0000, 0x0000, 0x0000, 0x0000, 0x0000, 0x0000, 0x0000, 0x0000, 0x0000, 0x0000,
  0x0000, 0x0000, 0x0000, 0x0000,
};

static const uint16_t L_NFL_PIT[256] PROGMEM = {
  0x0000, 0x0000, 0x0000, 0x0000, 0x0000, 0x0000, 0x1082, 0x2104, 0x2104, 0x1082, 0x0000, 0x0000,
  0x0000, 0x0000, 0x0000, 0x0000, 0x0000, 0x0000, 0x0000, 0x0000, 0x2986, 0x6B8E, 0x8CB2, 0x9D34,
  0x9D34, 0x8CB2, 0x6B8E, 0x2986, 0x0000, 0x0000, 0x0000, 0x0000, 0x0000, 0x0000, 0x0000, 0x5AEB,
  0xA575, 0xCE9A, 0xEF5D, 0xF79D, 0xF79D, 0xEF5D, 0xCE9A, 0xA575, 0x5AEB, 0x0000, 0x0000, 0x0000,
  0x0000, 0x0000, 0x5AEB, 0xB5D7, 0xE75D, 0xFFFF, 0xFFFF, 0xFF55, 0xFF12, 0xFFFF, 0xFFFF, 0xE73D,
  0xB5D7, 0x5AEB, 0x0000, 0x0000, 0x0000, 0x2965, 0xA575, 0xEF5D, 0xFFFF, 0xFFBD, 0xFF13, 0xFDE2,
  0xFDC1, 0xFF12, 0xFFDD, 0xFFFF, 0xEF5D, 0xA575, 0x2965, 0x0000, 0x0000, 0x6B8E, 0xCEBA, 0xFFFF,
  0xFFDF, 0xFFBD, 0xFED1, 0xFDA1, 0xFD80, 0xFEAE, 0xFF7C, 0xFF9E, 0xFFFF, 0xCE9A, 0x6B8E, 0x0000,
  0x1082, 0x8CB2, 0xEF7D, 0xFFFF, 0xFFFF, 0xFFFF, 0xFFFF, 0xFF33, 0xFECE, 0xFFFF, 0xF4F6, 0xF4D5,
  0xFFFF, 0xEF7D, 0x8CB2, 0x1082, 0x1904, 0xA575, 0xD6BA, 0x73AE, 0x9CD3, 0x8430, 0x9CB2, 0xD6B9,
  0xFF5C, 0xF4B4, 0xE886, 0xE886, 0xF515, 0xF75D, 0xA555, 0x2104, 0x1904, 0xA555, 0xE75D, 0xAD75,
  0xAD55, 0xA535, 0xAD75, 0xD6BB, 0xF73D, 0xF453, 0xE045, 0xE004, 0xF3B1, 0xF73D, 0xA555, 0x2104,
  0x1082, 0x8CB2, 0xF79E, 0xFFFF, 0xFFFF, 0xFFFF, 0xFFFF, 0xAE3B, 0x8DBA, 0xFFFF, 0xF473, 0xF3B1,
  0xFFFF, 0xEF9E, 0x8CB2, 0x1082, 0x0000, 0x6B8E, 0xD6BA, 0xFFFF, 0xFFDF, 0xEF7E, 0x9DBA, 0x12D3,
  0x0AB3, 0x95BA, 0xEF3D, 0xFF5D, 0xFFFF, 0xD69A, 0x6B8E, 0x0000, 0x0000, 0x2965, 0xA575, 0xEF7D,
  0xFFFF, 0xEF7E, 0x95BA, 0x0AD3, 0x0252, 0x6CD8, 0xE77E, 0xFFFF, 0xEF7D, 0xA575, 0x2965, 0x0000,
  0x0000, 0x0000, 0x5AEB, 0xB5D7, 0xEF5D, 0xFFFF, 0xFFFF, 0xA5FB, 0x7519, 0xFFFF, 0xFFFF, 0xEF5D,
  0xB5F7, 0x5AEB, 0x0000, 0x0000, 0x0000, 0x0000, 0x0000, 0x5AEB, 0xA575, 0xD6BA, 0xEF7D, 0xEF7E,
  0xE77E, 0xEF7D, 0xD6BA, 0xA575, 0x5AEB, 0x0000, 0x0000, 0x0000, 0x0000, 0x0000, 0x0000, 0x0000,
  0x2986, 0x6B8E, 0x94D3, 0xA555, 0xA555, 0x94D3, 0x6B8E, 0x2986, 0x0000, 0x0000, 0x0000, 0x0000,
  0x0000, 0x0000, 0x0000, 0x0000, 0x0000, 0x0000, 0x1082, 0x1904, 0x1904, 0x1082, 0x0000, 0x0000,
  0x0000, 0x0000, 0x0000, 0x0000,
};

static const uint16_t L_NFL_SF[256] PROGMEM = {
  0x0000, 0x0000, 0x0000, 0x0000, 0x0000, 0x0000, 0x0000, 0x0000, 0x0000, 0x0000, 0x0000, 0x0000,
  0x0000, 0x0000, 0x0000, 0x0000, 0x0000, 0x0000, 0x0000, 0x0000, 0x0000, 0x0000, 0x0000, 0x0000,
  0x0000, 0x0000, 0x0000, 0x0000, 0x0000, 0x0000, 0x0000, 0x0000, 0x0000, 0x0000, 0x0000, 0x0000,
  0x0000, 0x0000, 0x0000, 0x0000, 0x0000, 0x0000, 0x0000, 0x0000, 0x0000, 0x0000, 0x0000, 0x0000,
  0x0000, 0x0000, 0x0000, 0x0000, 0x0000, 0x10E3, 0x2186, 0x29A6, 0x29A6, 0x2186, 0x1104, 0x0000,
  0x0000, 0x0000, 0x0000, 0x0000, 0x0000, 0x0000, 0x0841, 0x31E7, 0x4A68, 0x71A5, 0x8985, 0x99C6,
  0x9964, 0x89A5, 0x7A06, 0x5268, 0x31E7, 0x0841, 0x0000, 0x0000, 0x0000, 0x2104, 0x4248, 0x71E5,
  0xB081, 0xD36D, 0xBC51, 0x9269, 0xB36D, 0xBCD3, 0xB000, 0xC081, 0x71E5, 0x4248, 0x2124, 0x0000,
  0x0861, 0x31E7, 0x69C3, 0xD860, 0xB800, 0xDEBA, 0xEFBE, 0xD5D7, 0xCDD7, 0xA430, 0xB000, 0xC800,
  0xD800, 0x79C3, 0x3A08, 0x0861, 0x3186, 0x31A4, 0xC1A3, 0xC800, 0xC041, 0xB32C, 0x9AAA, 0xB596,
  0xCE9A, 0xDEDB, 0x8A28, 0xBB6D, 0xB186, 0xC901, 0x39E5, 0x3186, 0x3186, 0x31A5, 0xC1A3, 0xC800,
  0xB882, 0xBDB6, 0xA34D, 0x8BEF, 0xA534, 0x8B2C, 0x932C, 0x9A49, 0x9A29, 0xC0E1, 0x3A05, 0x2966,
  0x0841, 0x39E7, 0x69E4, 0xD080, 0xC000, 0xA000, 0xB800, 0xBA8A, 0xBE18, 0x9A28, 0xBD55, 0xA800,
  0xC800, 0x79E4, 0x3A08, 0x0861, 0x0000, 0x2104, 0x4248, 0x7205, 0xB8C1, 0xD000, 0xB0E3, 0xCCB2,
  0xD679, 0xA124, 0xA820, 0xB0C1, 0x79E5, 0x4269, 0x2104, 0x0000, 0x0000, 0x0000, 0x0020, 0x31E7,
  0x4A68, 0x7A27, 0x8206, 0x81C6, 0x81A5, 0x7A27, 0x7A06, 0x5268, 0x31E7, 0x0841, 0x0000, 0x0000,
  0x0000, 0x0000, 0x0000, 0x0000, 0x0000, 0x10E3, 0x2165, 0x3186, 0x31A6, 0x2965, 0x1104, 0x0000,
  0x0000, 0x0000, 0x0000, 0x0000, 0x0000, 0x0000, 0x0000, 0x0000, 0x0000, 0x0000, 0x0000, 0x0000,
  0x0000, 0x0000, 0x0000, 0x0000, 0x0000, 0x0000, 0x0000, 0x0000, 0x0000, 0x0000, 0x0000, 0x0000,
  0x0000, 0x0000, 0x0000, 0x0000, 0x0000, 0x0000, 0x0000, 0x0000, 0x0000, 0x0000, 0x0000, 0x0000,
  0x0000, 0x0000, 0x0000, 0x0000, 0x0000, 0x0000, 0x0000, 0x0000, 0x0000, 0x0000, 0x0000, 0x0000,
  0x0000, 0x0000, 0x0000, 0x0000,
};

static const uint16_t L_NFL_SEA[256] PROGMEM = {
  0x0000, 0x0000, 0x0000, 0x0000, 0x0000, 0x0000, 0x0000, 0x0000, 0x0000, 0x0000, 0x0000, 0x0000,
  0x0000, 0x0000, 0x0000, 0x0000, 0x0000, 0x0000, 0x0000, 0x0000, 0x0000, 0x0000, 0x0000, 0x0000,
  0x0000, 0x0000, 0x0000, 0x0000, 0x0000, 0x0000, 0x0000, 0x0000, 0x0000, 0x0000, 0x0000, 0x0000,
  0x0000, 0x0000, 0x0000, 0x0000, 0x0000, 0x0000, 0x0000, 0x0000, 0x0000, 0x0000, 0x0000, 0x0000,
  0x0000, 0x0000, 0x0000, 0x0000, 0x0000, 0x0000, 0x0000, 0x0000, 0x0000, 0x0000, 0x0000, 0x0000,
  0x0000, 0x0000, 0x0000, 0x0000, 0x0000, 0x0000, 0x0841, 0x0000, 0x0000, 0x0000, 0x0000, 0x0000,
  0x0000, 0x0000, 0x0000, 0x0000, 0x0000, 0x0000, 0x0000, 0x0000, 0x0000, 0x0000, 0x530D, 0x428D,
  0x426C, 0x3A6C, 0x322B, 0x428C, 0x4AAD, 0x424C, 0x424B, 0x39E8, 0x0020, 0x0000, 0x0000, 0x0000,
  0x0000, 0x2965, 0x118A, 0x0026, 0x0087, 0x0087, 0x3A8E, 0x63B2, 0x530F, 0x328C, 0x218B, 0x2A0C,
  0x52EE, 0x3A2A, 0x3186, 0x0000, 0x0000, 0x9493, 0x8CD5, 0x8CD4, 0x8C94, 0xB5F8, 0x63B1, 0x5B30,
  0x8CD4, 0x2AC8, 0x532F, 0xADB8, 0xE75D, 0x9D37, 0x42CE, 0x2966, 0x4228, 0xBE39, 0xB5D7, 0xB5F7,
  0xB5D7, 0xBE18, 0xADB8, 0x2A0C, 0x8C94, 0x8454, 0x8494, 0xCE7B, 0xEF9E, 0xFFDF, 0x6391, 0x2987,
  0x3186, 0xA535, 0x9D35, 0xA555, 0x9D35, 0xAD96, 0x94D4, 0x6390, 0x6BD1, 0x4AEE, 0x4ACD, 0x4ACE,
  0x5B70, 0x6BD2, 0x530E, 0x0861, 0x0000, 0x0000, 0x0020, 0x0020, 0x0020, 0x0020, 0x0020, 0x0020,
  0x0020, 0x0020, 0x0020, 0x0841, 0x18E3, 0x73D0, 0x2125, 0x0000, 0x0000, 0x0000, 0x0000, 0x0000,
  0x0000, 0x0000, 0x0000, 0x0000, 0x0000, 0x0000, 0x0000, 0x0000, 0x0020, 0x1082, 0x0000, 0x0000,
  0x0000, 0x0000, 0x0000, 0x0000, 0x0000, 0x0000, 0x0000, 0x0000, 0x0000, 0x0000, 0x0000, 0x0000,
  0x0000, 0x0000, 0x0000, 0x0000, 0x0000, 0x0000, 0x0000, 0x0000, 0x0000, 0x0000, 0x0000, 0x0000,
  0x0000, 0x0000, 0x0000, 0x0000, 0x0000, 0x0000, 0x0000, 0x0000, 0x0000, 0x0000, 0x0000, 0x0000,
  0x0000, 0x0000, 0x0000, 0x0000, 0x0000, 0x0000, 0x0000, 0x0000, 0x0000, 0x0000, 0x0000, 0x0000,
  0x0000, 0x0000, 0x0000, 0x0000, 0x0000, 0x0000, 0x0000, 0x0000, 0x0000, 0x0000, 0x0000, 0x0000,
  0x0000, 0x0000, 0x0000, 0x0000,
};

static const uint16_t L_NFL_TB[256] PROGMEM = {
  0x0000, 0x0000, 0x0000, 0x0000, 0x0000, 0x0000, 0x0000, 0x0000, 0x0000, 0x0000, 0x0000, 0x0000,
  0x0000, 0x0000, 0x0000, 0x0000, 0x0000, 0x0000, 0x0000, 0x0000, 0x0000, 0x0000, 0x0000, 0x0000,
  0x0000, 0x0000, 0x0000, 0x0000, 0x0000, 0x0000, 0x0861, 0x0841, 0x0000, 0x0000, 0x0000, 0x0000,
  0x0000, 0x10C3, 0x20E4, 0x2904, 0x18C3, 0x0041, 0x0000, 0x0000, 0x0000, 0x0000, 0x2145, 0x2145,
  0x0000, 0x0000, 0x0020, 0x2124, 0x5966, 0xA0C5, 0xB8A6, 0xB8A5, 0x9147, 0x61C8, 0x38E4, 0x18E4,
  0x08C3, 0x10E3, 0x4987, 0x2925, 0x0000, 0x0000, 0x0000, 0x534D, 0x7126, 0x9884, 0xB0A5, 0xA844,
  0xC5B7, 0xFFBE, 0xAB2E, 0xA865, 0xA127, 0xA8E6, 0xB0E6, 0x2904, 0x0000, 0x0020, 0x4A8A, 0x6925,
  0xB824, 0x91C9, 0x99C9, 0xA0C5, 0x94F3, 0xC69A, 0x9B8F, 0xC003, 0xC865, 0xC845, 0x9906, 0x08A2,
  0x0000, 0x0000, 0x19A6, 0x8147, 0xC865, 0xB8A5, 0x8ACC, 0x7947, 0x8CB3, 0x7BF0, 0xA064, 0xB885,
  0x90E5, 0xC865, 0x6146, 0x0000, 0x0000, 0x0882, 0x5926, 0xA885, 0xD065, 0xA885, 0x6209, 0x7A67,
  0x936C, 0x79E8, 0x99E9, 0x7ACC, 0xA0C5, 0xB8C6, 0x2124, 0x0000, 0x0000, 0x5146, 0xA0E6, 0x8106,
  0x8126, 0x7926, 0x68E5, 0xD162, 0xEA63, 0x6247, 0x820A, 0xC0A5, 0xD045, 0x71A8, 0x0020, 0x0000,
  0x18E4, 0x41A7, 0x10C3, 0x0041, 0x0061, 0x10C3, 0x4925, 0x78C5, 0xA063, 0x7126, 0x80E5, 0xB023,
  0x8147, 0x1904, 0x0000, 0x0000, 0x2124, 0x10A3, 0x0000, 0x0000, 0x0000, 0x0000, 0x0000, 0x10C3,
  0x3125, 0x4925, 0x51C7, 0x6B6D, 0x29C7, 0x0000, 0x0000, 0x0000, 0x0000, 0x0000, 0x0000, 0x0000,
  0x0000, 0x0000, 0x0000, 0x0000, 0x0000, 0x2165, 0x5B0C, 0x5B0C, 0x0020, 0x0000, 0x0000, 0x0000,
  0x0000, 0x0000, 0x0000, 0x0000, 0x0000, 0x0000, 0x0000, 0x0000, 0x0000, 0x528A, 0x632C, 0x2145,
  0x0000, 0x0000, 0x0000, 0x0000, 0x0000, 0x0000, 0x0000, 0x0000, 0x0000, 0x0000, 0x0000, 0x0000,
  0x10A2, 0x5B0C, 0x4269, 0x2145, 0x0000, 0x0000, 0x0000, 0x0000, 0x0000, 0x0000, 0x0000, 0x0000,
  0x0000, 0x0000, 0x0000, 0x0000, 0x0841, 0x2945, 0x1082, 0x0000, 0x0000, 0x0000, 0x0000, 0x0000,
  0x0000, 0x0000, 0x0000, 0x0000, 0x0000, 0x0000, 0x0000, 0x0000, 0x0000, 0x0000, 0x0000, 0x0000,
  0x0000, 0x0000, 0x0000, 0x0000,
};

static const uint16_t L_NFL_TEN[256] PROGMEM = {
  0x0000, 0x0000, 0x0000, 0x0000, 0x0000, 0x0000, 0x2800, 0x5000, 0x5000, 0x2800, 0x0000, 0x0000,
  0x0000, 0x0000, 0x0000, 0x0000, 0x0000, 0x0000, 0x0000, 0x0000, 0x6020, 0xD2EB, 0xF514, 0xF5F8,
  0xF5F8, 0xF514, 0xD2EB, 0x6020, 0x0000, 0x0000, 0x0000, 0x0000, 0x0000, 0x0000, 0x0800, 0xA986,
  0xFE79, 0xB6FF, 0x6DDD, 0x4D3C, 0x4D3C, 0x6DDD, 0xB6FF, 0xFE79, 0xA985, 0x0800, 0x0000, 0x0000,
  0x0000, 0x0000, 0xA986, 0xFF5D, 0x65BC, 0x3459, 0x3C79, 0x9E3C, 0xA63C, 0x3C79, 0x3459, 0x65BC,
  0xF75E, 0xA986, 0x0000, 0x0000, 0x0000, 0x6041, 0xFE9A, 0x5DBC, 0x3439, 0x44BA, 0x3C79, 0xAE7D,
  0xAE9D, 0x3C79, 0x44BA, 0x3439, 0x5D9C, 0xFE9A, 0x6041, 0x0000, 0x0000, 0xD2EB, 0xB6FF, 0x4499,
  0x5D3B, 0x5D3B, 0x5D3B, 0x5D1A, 0x5D1A, 0x5D3B, 0x5D1B, 0x5D3B, 0x4499, 0xB6FF, 0xD2EB, 0x0000,
  0x2800, 0xFD54, 0x5D9D, 0x961C, 0xFFFF, 0xF7DF, 0xF7DF, 0xFFFF, 0xFFFF, 0xF7DF, 0xF7DF, 0xFFFF,
  0x961C, 0x5D9D, 0xFD54, 0x2800, 0x5000, 0xF618, 0x4D3B, 0x5D1A, 0xBEDE, 0x54FA, 0x85BC, 0xFFFF,
  0xFFFF, 0x85BC, 0x54FA, 0xBEDE, 0x5D1A, 0x4D3B, 0xF618, 0x5000, 0x5000, 0xF5F8, 0x555C, 0x3C79,
  0x3459, 0x3479, 0x54FA, 0xFFFF, 0xFFFF, 0x54FA, 0x3479, 0x3459, 0x3C79, 0x555C, 0xF5F8, 0x5000,
  0x2800, 0xF534, 0x6DDD, 0x3C79, 0x8DFC, 0x85BC, 0x3C9A, 0xEF9F, 0xEFBF, 0x3C9A, 0x7DBC, 0x8DFC,
  0x3C79, 0x6DDD, 0xF554, 0x2800, 0x0000, 0xD2EB, 0xB71F, 0x2C38, 0xD75E, 0xBEDD, 0x3459, 0xD73E,
  0xD73E, 0x3459, 0xBEDD, 0xD75E, 0x2C38, 0xB71F, 0xD2EB, 0x0000, 0x0000, 0x6041, 0xFE9A, 0x65BC,
  0x3C79, 0x5D1A, 0x3459, 0xB6BD, 0xB6BD, 0x3459, 0x5D1A, 0x3C79, 0x65BC, 0xFE9A, 0x6041, 0x0000,
  0x0000, 0x0000, 0xA986, 0xF75E, 0x5D9C, 0x3459, 0x2C39, 0x8DDC, 0x8DDC, 0x2C39, 0x3459, 0x5D9C,
  0xF75E, 0xB186, 0x0000, 0x0000, 0x0000, 0x0000, 0x0800, 0xB186, 0xFE79, 0xB6FF, 0x6DDD, 0x557C,
  0x557C, 0x6DDD, 0xB6FF, 0xFE79, 0xB186, 0x0800, 0x0000, 0x0000, 0x0000, 0x0000, 0x0000, 0x0000,
  0x6020, 0xD2EB, 0xF514, 0xF5F8, 0xF5F8, 0xF514, 0xD2EB, 0x6020, 0x0000, 0x0000, 0x0000, 0x0000,
  0x0000, 0x0000, 0x0000, 0x0000, 0x0000, 0x0000, 0x2800, 0x5000, 0x5000, 0x3000, 0x0000, 0x0000,
  0x0000, 0x0000, 0x0000, 0x0000,
};

static const uint16_t L_NFL_WSH[256] PROGMEM = {
  0x0000, 0x0000, 0x0000, 0x0000, 0x0000, 0x0000, 0x0000, 0x0000, 0x0000, 0x0000, 0x0000, 0x0000,
  0x0000, 0x0000, 0x0000, 0x0000, 0x0000, 0x0000, 0x0000, 0x0000, 0x0000, 0x0000, 0x0000, 0x0000,
  0x0000, 0x0000, 0x0000, 0x0000, 0x0000, 0x0000, 0x0000, 0x0000, 0x0000, 0x0000, 0x0000, 0x0000,
  0x0000, 0x0000, 0x0000, 0x0000, 0x0000, 0x0000, 0x0000, 0x0000, 0x0000, 0x0000, 0x0000, 0x0000,
  0x0840, 0x20E0, 0x2100, 0x2100, 0x18E0, 0x0000, 0x1060, 0x2100, 0x2100, 0x18E0, 0x0820, 0x20E0,
  0x2100, 0x2100, 0x20E0, 0x0840, 0x18A0, 0xCC60, 0xAAA0, 0xA280, 0xC3A0, 0x3140, 0xBC40, 0xB360,
  0x9A80, 0xBB80, 0x5240, 0xC3C0, 0xA2A0, 0xA280, 0xCC00, 0x3160, 0x0000, 0x6240, 0x91A1, 0x4801,
  0x78E1, 0xB400, 0xC3E0, 0x91C1, 0x4801, 0x8121, 0x8340, 0x9280, 0x6001, 0x6001, 0x9AE0, 0x0000,
  0x0000, 0x0000, 0xAB40, 0x6861, 0x6021, 0xCC00, 0x89A1, 0xB300, 0x6841, 0x6021, 0xCC40, 0xA2A0,
  0x5801, 0x8961, 0x7AC0, 0x0000, 0x0000, 0x0000, 0x82C0, 0x8121, 0x6041, 0xB320, 0x6021, 0xB320,
  0x7921, 0x5801, 0xB320, 0x8161, 0x5001, 0xA261, 0x39A0, 0x0000, 0x0000, 0x0000, 0x41C0, 0x9A01,
  0x7941, 0xAAE0, 0x5001, 0x9A21, 0x9201, 0x6041, 0xB340, 0x6041, 0x6841, 0xAB20, 0x0020, 0x0000,
  0x0000, 0x0000, 0x0840, 0x9AC0, 0xAA80, 0x89A1, 0x5801, 0x9A41, 0xC380, 0x7941, 0xAAC0, 0x5801,
  0x8121, 0x8AE0, 0x0000, 0x0000, 0x0000, 0x0000, 0x0000, 0x8B20, 0xCBC0, 0x5801, 0x6001, 0xA2E0,
  0xA360, 0xBB20, 0x7901, 0x4801, 0xA241, 0x41C0, 0x0000, 0x0000, 0x0000, 0x0000, 0x0000, 0x49E0,
  0xDC80, 0x9A40, 0xB320, 0x82A0, 0x3980, 0xED20, 0xA280, 0xA280, 0xBBA0, 0x0840, 0x0000, 0x0000,
  0x0000, 0x0000, 0x0000, 0x0000, 0x20C0, 0x2100, 0x2100, 0x0840, 0x0000, 0x20C0, 0x2100, 0x2100,
  0x10A0, 0x0000, 0x0000, 0x0000, 0x0000, 0x0000, 0x0000, 0x0000, 0x0000, 0x0000, 0x0000, 0x0000,
  0x0000, 0x0000, 0x0000, 0x0000, 0x0000, 0x0000, 0x0000, 0x0000, 0x0000, 0x0000, 0x0000, 0x0000,
  0x0000, 0x0000, 0x0000, 0x0000, 0x0000, 0x0000, 0x0000, 0x0000, 0x0000, 0x0000, 0x0000, 0x0000,
  0x0000, 0x0000, 0x0000, 0x0000, 0x0000, 0x0000, 0x0000, 0x0000, 0x0000, 0x0000, 0x0000, 0x0000,
  0x0000, 0x0000, 0x0000, 0x0000,
};

static const uint16_t L_NBA_ATL[256] PROGMEM = {
  0x0000, 0x0000, 0x0000, 0x0000, 0x0000, 0x0841, 0x39C7, 0x5AEB, 0x5AEB, 0x39C7, 0x0841, 0x0000,
  0x0000, 0x0000, 0x0000, 0x0000, 0x0000, 0x0000, 0x0000, 0x0020, 0x73AE, 0xD432, 0xF2AD, 0xF1CA,
  0xF1CB, 0xF2CD, 0xD452, 0x73AE, 0x0020, 0x0000, 0x0000, 0x0000, 0x0000, 0x0000, 0x10A2, 0xC4F4,
  0xFA6C, 0xF045, 0xE928, 0xEA2C, 0xE9EB, 0xE8A6, 0xE803, 0xFA2B, 0xC4F4, 0x10A2, 0x0000, 0x0000,
  0x0000, 0x0020, 0xC4F4, 0xF8E8, 0xE000, 0xE8A6, 0xF4D4, 0xFF9E, 0xFFFF, 0xFFFF, 0xF556, 0xE085,
  0xF8E7, 0xC4D4, 0x0020, 0x0000, 0x0000, 0x738E, 0xFFBF, 0xF5D7, 0xF3F2, 0xE9CA, 0xE845, 0xE803,
  0xEA2B, 0xFEDC, 0xFFFF, 0xFF1C, 0xE0A5, 0xF9EB, 0x73AE, 0x0000, 0x0841, 0xDEFB, 0xFFFF, 0xFFFF,
  0xFFFF, 0xFF9E, 0xF515, 0xF473, 0xE886, 0xE885, 0xFDD8, 0xFFFF, 0xF5B8, 0xE802, 0xD411, 0x0841,
  0x39C7, 0xFFFF, 0xFFFF, 0xFFDF, 0xFFDF, 0xFF9E, 0xE928, 0xF350, 0xFF5D, 0xE9A9, 0xE002, 0xF516,
  0xFFFF, 0xE8C7, 0xF28D, 0x39E7, 0x5AEB, 0xFFFF, 0xFFFF, 0xFFFF, 0xFFDF, 0xFFFF, 0xFF3C, 0xFEBB,
  0xFFFF, 0xFFBE, 0xEA6C, 0xE865, 0xFFDF, 0xEA6D, 0xF189, 0x5AEB, 0x5AEB, 0xFFFF, 0xFFDF, 0xFFFF,
  0xFFFF, 0xFFFF, 0xFFFF, 0xFFFF, 0xFFFF, 0xFFFF, 0xFE9B, 0xE003, 0xFF3D, 0xEACE, 0xF169, 0x5AEB,
  0x39C7, 0xFFFF, 0xFFFF, 0xFF5D, 0xFD77, 0xFE39, 0xF494, 0xEA4C, 0xE989, 0xF34F, 0xF30E, 0xE886,
  0xFFFF, 0xE928, 0xF24C, 0x39E7, 0x0841, 0xDE79, 0xF390, 0xE8C7, 0xE804, 0xE865, 0xE8A6, 0xE9AA,
  0xE8E7, 0xE001, 0xE003, 0xFDF8, 0xFE7A, 0xE802, 0xD3D1, 0x0841, 0x0000, 0x732D, 0xF969, 0xE002,
  0xF2CE, 0xFE7A, 0xFFDF, 0xFFFF, 0xF4F5, 0xEACD, 0xFEFC, 0xFFBF, 0xE0E6, 0xF98A, 0x738E, 0x0000,
  0x0000, 0x0020, 0xC4B3, 0xF8E6, 0xE188, 0xFE5A, 0xFFFF, 0xFFFF, 0xFFFF, 0xFFFF, 0xFE59, 0xE0E7,
  0xF8A6, 0xC492, 0x0020, 0x0000, 0x0000, 0x0000, 0x10A2, 0xC472, 0xF989, 0xE803, 0xE928, 0xEAAD,
  0xEAAD, 0xE928, 0xE803, 0xF989, 0xC472, 0x10A2, 0x0000, 0x0000, 0x0000, 0x0000, 0x0000, 0x0020,
  0x738E, 0xD3D0, 0xEA2B, 0xF149, 0xF149, 0xEA2B, 0xD3D0, 0x738E, 0x0020, 0x0000, 0x0000, 0x0000,
  0x0000, 0x0000, 0x0000, 0x0000, 0x0000, 0x0841, 0x39C7, 0x5AEB, 0x5AEB, 0x39E7, 0x0841, 0x0000,
  0x0000, 0x0000, 0x0000, 0x0000,
};

static const uint16_t L_NBA_BOS[256] PROGMEM = {
  0x0000, 0x0000, 0x0000, 0x0000, 0x0000, 0x0020, 0x0102, 0x0142, 0x0141, 0x0102, 0x0000, 0x0000,
  0x0000, 0x0000, 0x0000, 0x0000, 0x0000, 0x0000, 0x0000, 0x0000, 0x01E4, 0x0387, 0x0407, 0x3D2D,
  0x4D6F, 0x0428, 0x03A7, 0x01E4, 0x0000, 0x0000, 0x0000, 0x0000, 0x0000, 0x0000, 0x0040, 0x0305,
  0x0C89, 0x5DB0, 0x03E6, 0x452E, 0x6591, 0x0C49, 0x5D90, 0x0447, 0x0325, 0x0040, 0x0000, 0x0000,
  0x0000, 0x0000, 0x0B47, 0x55B0, 0x03C6, 0x3D0D, 0x34ED, 0x2CAB, 0x34ED, 0x3CED, 0x248B, 0x34AC,
  0x65F1, 0x0326, 0x0000, 0x0000, 0x0000, 0x01C3, 0x0C89, 0x7DD3, 0x4D0E, 0x24AB, 0x6590, 0x1469,
  0x1C8A, 0x3CEC, 0x450E, 0x5570, 0x246A, 0x0468, 0x01C3, 0x0000, 0x0000, 0x1BE9, 0x350C, 0x03A5,
  0x75D2, 0x3CED, 0x6DB2, 0x9655, 0xBEF9, 0x6DB1, 0x34EC, 0x34CC, 0x1449, 0x6DD2, 0x13C8, 0x0000,
  0x00C1, 0x248A, 0x6DB1, 0x5D70, 0x3D0D, 0x1469, 0xFFFF, 0xFFFF, 0xFFFF, 0xFFFF, 0x0428, 0x4D2E,
  0x7DF3, 0x4D2F, 0x146A, 0x00E1, 0x0183, 0x0428, 0x0428, 0x2CCC, 0x0428, 0x03C6, 0xBEF9, 0xFFFF,
  0xFFFF, 0xBEF9, 0x03C5, 0x0428, 0x1C8A, 0x03E7, 0x0448, 0x0183, 0x0183, 0x0448, 0x0407, 0x0407,
  0x7E13, 0x9E55, 0x9E76, 0xFFFF, 0xFFFF, 0x9655, 0x9E55, 0x6DB2, 0x03E7, 0x0428, 0x0448, 0x0183,
  0x00E1, 0x0428, 0x03C6, 0x65B1, 0xFFFF, 0xFFFF, 0xFFFF, 0xFFFF, 0xFFFF, 0xFFFF, 0xFFFF, 0xFFFF,
  0x452E, 0x03E6, 0x0428, 0x00E2, 0x0020, 0x0387, 0x0427, 0x2CAB, 0xEFBE, 0xFFDF, 0xFFFF, 0xF7DE,
  0xF7DE, 0xFFFF, 0xF7DF, 0xEF9D, 0x1C8A, 0x0427, 0x0387, 0x0020, 0x0000, 0x01E3, 0x0489, 0x03C6,
  0xC71A, 0xFFFF, 0xB6D8, 0x75D2, 0x6DB1, 0xB6D9, 0xFFFF, 0xB6D8, 0x03C6, 0x0489, 0x01E3, 0x0000,
  0x0000, 0x0000, 0x0326, 0x0468, 0x1449, 0x3D0D, 0x0407, 0x2CAB, 0x9655, 0x0408, 0x4D2E, 0x146A,
  0x0468, 0x0346, 0x0000, 0x0000, 0x0000, 0x0000, 0x0040, 0x0346, 0x0468, 0x0407, 0x0428, 0x03E7,
  0x75D2, 0x2CCC, 0x03E6, 0x0468, 0x0346, 0x0040, 0x0000, 0x0000, 0x0000, 0x0000, 0x0000, 0x0000,
  0x01E4, 0x03A7, 0x0428, 0x0448, 0x0427, 0x0428, 0x03A7, 0x01E4, 0x0000, 0x0000, 0x0000, 0x0000,
  0x0000, 0x0000, 0x0000, 0x0000, 0x0000, 0x0020, 0x0102, 0x0183, 0x0183, 0x0102, 0x0020, 0x0000,
  0x0000, 0x0000, 0x0000, 0x0000,
};

static const uint16_t L_NBA_BKN[256] PROGMEM = {
  0x0000, 0x0000, 0x0000, 0x0000, 0x0000, 0x0000, 0x0000, 0x0000, 0x0000, 0x0000, 0x0000, 0x0000,
  0x0000, 0x0000, 0x0000, 0x0000, 0x0000, 0x0000, 0x0000, 0x0000, 0x0000, 0x4A49, 0x8410, 0x7BCF,
  0x6B6D, 0x632C, 0x528A, 0x0000, 0x0000, 0x0000, 0x0000, 0x0000, 0x0000, 0x0000, 0x0000, 0x2945,
  0xC618, 0xFFFF, 0xFFFF, 0xFFFF, 0xFFFF, 0xD69A, 0xB596, 0xC618, 0x2124, 0x0000, 0x0000, 0x0000,
  0x0000, 0x0000, 0x10A2, 0xD69A, 0xFFDF, 0xFFFF, 0x52AA, 0x2945, 0x3186, 0xAD75, 0xD69A, 0xA514,
  0xEF7D, 0x2104, 0x0000, 0x0000, 0x0000, 0x0000, 0x8C71, 0x9CF3, 0x8430, 0xD69A, 0x2104, 0x8C71,
  0x8C71, 0x1082, 0xFFFF, 0xC618, 0xBDD7, 0xCE79, 0x0000, 0x0000, 0x0000, 0x4228, 0xFFFF, 0xFFFF,
  0xEF7D, 0xDEFB, 0x2124, 0xC638, 0xEF5D, 0x18C3, 0xF7BE, 0xFFFF, 0x94B2, 0xE73C, 0x2945, 0x0000,
  0x0000, 0x94B2, 0xFFDF, 0xFFDF, 0xFFFF, 0xFFFF, 0x2104, 0xC638, 0xC638, 0x18C3, 0xFFFF, 0xFFFF,
  0xF79E, 0x9CD3, 0x4228, 0x0000, 0x0000, 0xBDF7, 0xFFFF, 0xFFDF, 0xFFFF, 0xFFFF, 0x2965, 0x2124,
  0x0841, 0x5ACB, 0xBDD7, 0x94B2, 0xA514, 0x528A, 0xA514, 0x0000, 0x0000, 0x9CD3, 0xFFFF, 0xFFFF,
  0xFFFF, 0xFFFF, 0x2124, 0x8410, 0xA534, 0x10A2, 0xC618, 0xC618, 0xBDF7, 0x9CF3, 0x7BCF, 0x0000,
  0x0000, 0x738E, 0xA514, 0xC638, 0xFFFF, 0xFFFF, 0x2104, 0xB5B6, 0xFFFF, 0x18E3, 0xB5B6, 0xFFFF,
  0xD6BA, 0x73AE, 0x528A, 0x0000, 0x0000, 0x4A69, 0xEF5D, 0x8C51, 0x6B6D, 0xBDD7, 0x2965, 0xAD75,
  0xFFFF, 0x2945, 0x9CD3, 0x9CD3, 0xAD75, 0x9CD3, 0x4208, 0x0000, 0x0000, 0x0000, 0xCE59, 0xFFDF,
  0xEF7D, 0xE73C, 0x2104, 0x9CD3, 0xD6BA, 0x0020, 0xCE79, 0xF7BE, 0xBDF7, 0x5ACB, 0x0000, 0x0000,
  0x0000, 0x0000, 0x2104, 0xE71C, 0xFFDF, 0xFFFF, 0x4208, 0x2104, 0x2945, 0x630C, 0xAD75, 0x94B2,
  0x8C71, 0x10A2, 0x0000, 0x0000, 0x0000, 0x0000, 0x0000, 0x2104, 0xBDD7, 0xF7BE, 0xF7BE, 0xDEFB,
  0xB5B6, 0xA514, 0xB596, 0xBDF7, 0x2124, 0x0000, 0x0000, 0x0000, 0x0000, 0x0000, 0x0000, 0x0000,
  0x0000, 0x18E3, 0x52AA, 0x738E, 0x8410, 0x8430, 0x52AA, 0x0000, 0x0000, 0x0000, 0x0000, 0x0000,
  0x0000, 0x0000, 0x0000, 0x0000, 0x0000, 0x0000, 0x0000, 0x0000, 0x0000, 0x0000, 0x0000, 0x0000,
  0x0000, 0x0000, 0x0000, 0x0000,
};

static const uint16_t L_NBA_CHA[256] PROGMEM = {
  0x0862, 0x0000, 0x0000, 0x0000, 0x0000, 0x0000, 0x0000, 0x0000, 0x0000, 0x0000, 0x0000, 0x0000,
  0x0000, 0x0000, 0x0000, 0x0862, 0x2105, 0x296B, 0x0821, 0x0000, 0x0000, 0x0000, 0x0000, 0x0000,
  0x0000, 0x0000, 0x0000, 0x0000, 0x0000, 0x0841, 0x296A, 0x2105, 0x2906, 0x4271, 0x3B11, 0x1084,
  0x0000, 0x0000, 0x0000, 0x0000, 0x0000, 0x0000, 0x0000, 0x0000, 0x1084, 0x3B11, 0x4271, 0x2906,
  0x0001, 0x8C14, 0xE7BF, 0x6C96, 0x2189, 0x1061, 0x2966, 0x1061, 0x1041, 0x2966, 0x1061, 0x2189,
  0x6C96, 0xE7BF, 0x8C15, 0x0001, 0x0000, 0x420B, 0xFFFF, 0xF77E, 0x8D38, 0x42CE, 0x396B, 0x1A2F,
  0x1A4F, 0x396B, 0x42CE, 0x8D38, 0xF77E, 0xFFFF, 0x420B, 0x0000, 0x0000, 0x0021, 0x6B11, 0xCE1B,
  0xCDDA, 0x7BF5, 0x49D0, 0x0A90, 0x124F, 0x49D0, 0x7BF5, 0xCDDA, 0xCE1B, 0x6B11, 0x0021, 0x0000,
  0x0000, 0x0000, 0x0000, 0x20E9, 0x19EF, 0x210D, 0x206C, 0x19AE, 0x18ED, 0x206C, 0x210D, 0x19CF,
  0x18E9, 0x0020, 0x0000, 0x0000, 0x0000, 0x0000, 0x0861, 0x524E, 0x39CF, 0x4A50, 0x5A71, 0x5231,
  0x5231, 0x49F0, 0x4A50, 0x4A91, 0x5ACF, 0x0841, 0x0000, 0x0000, 0x0000, 0x0000, 0x2927, 0xA518,
  0xB579, 0x9CB7, 0xBDB9, 0xA4F8, 0xA4F8, 0xA518, 0x7BB4, 0x9C76, 0x83D5, 0x2107, 0x0000, 0x0000,
  0x0000, 0x0000, 0x2105, 0x7B74, 0x7374, 0x7394, 0x62B2, 0x5291, 0x5291, 0x7353, 0x41F0, 0x5272,
  0x8C16, 0x18C5, 0x0000, 0x0000, 0x0000, 0x0000, 0x0840, 0x28E9, 0x20CA, 0x190D, 0x08AD, 0x024F,
  0x026F, 0x08AD, 0x190D, 0x290B, 0x2909, 0x0840, 0x0000, 0x0000, 0x0000, 0x0000, 0x0000, 0x0000,
  0x0000, 0x18C4, 0x290A, 0x1A2F, 0x1A2F, 0x290B, 0x18C4, 0x0000, 0x0000, 0x0000, 0x0000, 0x0000,
  0x0000, 0x0000, 0x0000, 0x0000, 0x0000, 0x0000, 0x0000, 0x524D, 0x524D, 0x0000, 0x0000, 0x0000,
  0x0000, 0x0000, 0x0000, 0x0000, 0x0000, 0x0000, 0x0000, 0x0000, 0x0000, 0x0000, 0x0000, 0x2927,
  0x2927, 0x0000, 0x0000, 0x0000, 0x0000, 0x0000, 0x0000, 0x0000, 0x0000, 0x0000, 0x0000, 0x0000,
  0x0000, 0x0000, 0x0000, 0x18E4, 0x18E4, 0x0000, 0x0000, 0x0000, 0x0000, 0x0000, 0x0000, 0x0000,
  0x0000, 0x0000, 0x0000, 0x0000, 0x0000, 0x0000, 0x0000, 0x0000, 0x0000, 0x0000, 0x0000, 0x0000,
  0x0000, 0x0000, 0x0000, 0x0000,
};

static const uint16_t L_NBA_CHI[256] PROGMEM = {
  0x0000, 0x0000, 0x0000, 0x0000, 0x0000, 0x0000, 0x0000, 0x0000, 0x0000, 0x0000, 0x0000, 0x0000,
  0x0000, 0x0000, 0x0000, 0x0000, 0x0000, 0x0000, 0x0000, 0x0000, 0x0000, 0x0000, 0x0000, 0x0000,
  0x0000, 0x0000, 0x0000, 0x0000, 0x0000, 0x0000, 0x0000, 0x0000, 0x0800, 0x2801, 0x0000, 0x0000,
  0x0000, 0x0000, 0x0000, 0x0000, 0x0000, 0x0000, 0x0000, 0x0000, 0x0000, 0x0000, 0x2800, 0x0800,
  0x2882, 0x60E5, 0x0000, 0x0000, 0x0000, 0x0000, 0x0000, 0x0000, 0x0000, 0x0000, 0x0000, 0x0000,
  0x0000, 0x0000, 0x6106, 0x30A3, 0x4A69, 0xDEFB, 0x2104, 0x0020, 0x0841, 0x1000, 0x2001, 0x2801,
  0x2801, 0x2001, 0x1801, 0x1082, 0x1082, 0x39C7, 0xE77D, 0x4A49, 0x18C3, 0xF7BE, 0xFFFF, 0xEF5D,
  0xCCB4, 0xD806, 0xF068, 0xF048, 0xF048, 0xF068, 0xE006, 0xD515, 0xFFDF, 0xFFFF, 0xDEDB, 0x1062,
  0x0000, 0x31A6, 0x9D54, 0xD6BA, 0xE310, 0xF807, 0xC847, 0xB826, 0xB826, 0xD047, 0xF806, 0xE351,
  0xCE59, 0x7C30, 0x10C3, 0x0000, 0x0000, 0x1800, 0x9803, 0xD006, 0x8824, 0xB826, 0xE047, 0xB026,
  0xB026, 0xE047, 0xB026, 0x8024, 0xD806, 0xA003, 0x1800, 0x0000, 0x0000, 0x0800, 0x5823, 0x5002,
  0x50E5, 0x28A3, 0x9825, 0x6823, 0x6023, 0x9024, 0x2082, 0x48A4, 0x4002, 0x4022, 0x0000, 0x0000,
  0x0000, 0x0000, 0x0000, 0x0000, 0x3802, 0x9865, 0x6823, 0xB826, 0xB826, 0x6823, 0x8845, 0x3001,
  0x0000, 0x0000, 0x0000, 0x0000, 0x0000, 0x0000, 0x0000, 0x0000, 0x0000, 0xA025, 0xC846, 0xF048,
  0xF048, 0xD047, 0x9825, 0x0000, 0x0000, 0x0000, 0x0000, 0x0000, 0x0000, 0x0000, 0x0000, 0x0000,
  0x0000, 0x2801, 0xC846, 0xD847, 0xD047, 0xD047, 0x2801, 0x0000, 0x0000, 0x0000, 0x0000, 0x0000,
  0x0000, 0x0000, 0x0000, 0x0000, 0x0000, 0x3001, 0x7824, 0xA025, 0x9025, 0x7824, 0x3001, 0x0000,
  0x0000, 0x0000, 0x0000, 0x0000, 0x0000, 0x0000, 0x0000, 0x0000, 0x0000, 0x1800, 0xA825, 0xD047,
  0xD047, 0xB025, 0x1800, 0x0000, 0x0000, 0x0000, 0x0000, 0x0000, 0x0000, 0x0000, 0x0000, 0x0000,
  0x0000, 0x0000, 0x2001, 0x6023, 0x5803, 0x2001, 0x0000, 0x0000, 0x0000, 0x0000, 0x0000, 0x0000,
  0x0000, 0x0000, 0x0000, 0x0000, 0x0000, 0x0000, 0x0000, 0x0000, 0x0000, 0x0000, 0x0000, 0x0000,
  0x0000, 0x0000, 0x0000, 0x0000,
};

static const uint16_t L_NBA_CLE[256] PROGMEM = {
  0x0000, 0x0000, 0x0000, 0x0000, 0x0000, 0x0000, 0x0000, 0x0000, 0x0000, 0x0000, 0x0000, 0x0000,
  0x0000, 0x0000, 0x0000, 0x0000, 0x0000, 0x0000, 0x0000, 0x0000, 0x0000, 0x0000, 0x0000, 0x0000,
  0x0000, 0x0840, 0x2102, 0x3143, 0x3122, 0x10A1, 0x0000, 0x0000, 0x0000, 0x0000, 0x0000, 0x0000,
  0x0000, 0x0000, 0x0000, 0x4183, 0x79E6, 0x9967, 0xA0E7, 0xA8C7, 0xA928, 0xA9A7, 0x6185, 0x0840,
  0x0000, 0x0000, 0x0000, 0x0000, 0x0000, 0x49A4, 0x9A07, 0xA8E7, 0xA027, 0xB188, 0xCB8A, 0xBAC9,
  0x9005, 0x9826, 0xDBEB, 0x5204, 0x0000, 0x0000, 0x0000, 0x2902, 0x9207, 0xB108, 0x9806, 0xA0A7,
  0xCC0A, 0xC4AA, 0x6AE6, 0x92C7, 0xC249, 0xD4AB, 0x9388, 0x18A1, 0x0000, 0x0000, 0x59C5, 0xBA69,
  0xA867, 0x9006, 0xA988, 0xDD0B, 0x8327, 0x1040, 0x1040, 0xCC8B, 0xAC29, 0x4183, 0x0000, 0x0000,
  0x0000, 0x5A25, 0xE50C, 0xB268, 0x9006, 0xA967, 0xD50B, 0x5A25, 0x0000, 0x0000, 0x72A6, 0x6A65,
  0x0000, 0x0000, 0x0000, 0x0000, 0x0840, 0x72E6, 0xB349, 0x9806, 0x9887, 0xDCEB, 0x6245, 0x0000,
  0x0000, 0x0020, 0x1061, 0x0000, 0x0000, 0x0000, 0x0000, 0x0000, 0x0000, 0x51A4, 0xA887, 0x9006,
  0xCBCA, 0x8B67, 0x0000, 0x0020, 0x0000, 0x0000, 0x0000, 0x0000, 0x2902, 0x49C4, 0x0000, 0x0000,
  0x1081, 0xA208, 0x9806, 0xA968, 0xBC8A, 0x0840, 0x0000, 0x0000, 0x0000, 0x1081, 0x4963, 0x81A6,
  0xDC4B, 0x6AA6, 0x0000, 0x0000, 0x41A3, 0xA948, 0x9005, 0xC2A9, 0x7326, 0x0000, 0x18E1, 0x4183,
  0x71E6, 0x9967, 0xB188, 0xD3EB, 0xBC6A, 0x20C1, 0x0000, 0x0000, 0x4A04, 0xB188, 0x9005, 0xA087,
  0xA1E7, 0x9186, 0xA147, 0xA8A7, 0xA8A7, 0xBA89, 0xD4CB, 0x93A8, 0x1881, 0x0000, 0x0000, 0x0000,
  0x18C1, 0xC3EA, 0xB148, 0x9806, 0x9806, 0xA067, 0xA948, 0xC309, 0xD4AB, 0xB469, 0x49C4, 0x0000,
  0x0000, 0x0000, 0x0000, 0x0000, 0x0000, 0x41A3, 0xBC6A, 0xCC6B, 0xD46B, 0xCCAB, 0xC4AA, 0x93A8,
  0x49A4, 0x0000, 0x0000, 0x0000, 0x0000, 0x0000, 0x0000, 0x0000, 0x0000, 0x0000, 0x0820, 0x3122,
  0x3963, 0x28E2, 0x0840, 0x0000, 0x0000, 0x0000, 0x0000, 0x0000, 0x0000, 0x0000, 0x0000, 0x0000,
  0x0000, 0x0000, 0x0000, 0x0000, 0x0000, 0x0000, 0x0000, 0x0000, 0x0000, 0x0000, 0x0000, 0x0000,
  0x0000, 0x0000, 0x0000, 0x0000,
};

static const uint16_t L_NBA_DAL[256] PROGMEM = {
  0x0000, 0x0000, 0x0000, 0x0000, 0x0000, 0x0000, 0x2104, 0x31A6, 0x0000, 0x0000, 0x0000, 0x0000,
  0x0000, 0x0000, 0x0000, 0x0000, 0x0000, 0x0000, 0x0000, 0x0000, 0x1082, 0x4A49, 0x630C, 0x2945,
  0x21A8, 0x2188, 0x2924, 0x18A2, 0x0000, 0x0000, 0x0000, 0x0000, 0x0000, 0x0000, 0x0000, 0x2124,
  0x18C3, 0xBDD7, 0x738E, 0x0000, 0x00A5, 0x1A6E, 0x0A0D, 0x19CA, 0x2924, 0x0000, 0x0000, 0x0000,
  0x0000, 0x0000, 0x2124, 0x39E8, 0x634D, 0xFFFF, 0xB596, 0x4AAB, 0x20E3, 0x1105, 0x02F5, 0x0317,
  0x09EC, 0x2924, 0x0000, 0x0000, 0x0000, 0x10A2, 0x3A08, 0x634D, 0xD69A, 0xC639, 0x5ACB, 0x4229,
  0x634D, 0x0063, 0x01AC, 0x0271, 0x0251, 0x1189, 0x20E3, 0x0000, 0x0000, 0x31C7, 0x6BAF, 0x73AF,
  0xE6FB, 0x8C71, 0x6B6D, 0x0020, 0x2965, 0x18C3, 0x00A5, 0x0292, 0x0378, 0x02B4, 0x2146, 0x0000,
  0x0000, 0x632D, 0x5B2D, 0x4208, 0xFFFF, 0xAD55, 0x9CF3, 0x0861, 0x10A3, 0x2104, 0x016A, 0x0107,
  0x0250, 0x0378, 0x1189, 0x18A2, 0x1082, 0x52AB, 0x52AB, 0x10A2, 0xDEFB, 0xFFFF, 0xB5B6, 0x0000,
  0x0000, 0x0000, 0x01CD, 0x0336, 0x0107, 0x02F5, 0x09ED, 0x20C2, 0x18C3, 0x4A69, 0x73CF, 0x738E,
  0xBDD7, 0xF79E, 0xDEFB, 0x0020, 0x0841, 0x00E6, 0x018B, 0x02D4, 0x02B3, 0x01CC, 0x0A0E, 0x20C2,
  0x10A2, 0x52AB, 0x6BAF, 0x632C, 0xAD55, 0xA534, 0xFFFF, 0x39C7, 0x10E4, 0x02D3, 0x0292, 0x01EE,
  0x0378, 0x01EE, 0x0968, 0x20E2, 0x0020, 0x3A08, 0x73CF, 0x31A6, 0xAD75, 0xD6BA, 0xCE59, 0x9492,
  0x10C3, 0x0B35, 0x02F5, 0x01ED, 0x0378, 0x022F, 0x18C3, 0x1082, 0x0000, 0x18C3, 0x5B0C, 0x73CF,
  0xE6FB, 0xFFFF, 0xCE79, 0x73AF, 0x1061, 0x1AD1, 0x0337, 0x0250, 0x0357, 0x0127, 0x2924, 0x0000,
  0x0000, 0x0000, 0x2965, 0x634D, 0x6B6D, 0xD679, 0x6B6D, 0x0000, 0x08C5, 0x02B3, 0x0271, 0x016A,
  0x00A5, 0x2903, 0x0861, 0x0000, 0x0000, 0x0000, 0x0861, 0x31A6, 0x5AEC, 0x52CB, 0x8451, 0x7BCF,
  0x4A6A, 0x2166, 0x0861, 0x18A2, 0x2924, 0x18C3, 0x0000, 0x0000, 0x0000, 0x0000, 0x0000, 0x0000,
  0x2124, 0x4208, 0x4249, 0x4A8A, 0x52AA, 0x4A49, 0x3A08, 0x31A6, 0x0841, 0x0000, 0x0000, 0x0000,
  0x0000, 0x0000, 0x0000, 0x0000, 0x0000, 0x0020, 0x18C3, 0x2124, 0x2124, 0x18E3, 0x0861, 0x0000,
  0x0000, 0x0000, 0x0000, 0x0000,
};

static const uint16_t L_NBA_DEN[256] PROGMEM = {
  0x0000, 0x0000, 0x0000, 0x0000, 0x0000, 0x0840, 0x39C0, 0x5A80, 0x5A80, 0x39C0, 0x0840, 0x0000,
  0x0000, 0x0000, 0x0000, 0x0000, 0x0000, 0x0000, 0x0000, 0x0020, 0x7300, 0xBBA1, 0xB304, 0x9A84,
  0x9A84, 0xB303, 0xBBA1, 0x7300, 0x0020, 0x0000, 0x0000, 0x0000, 0x0000, 0x0000, 0x10A0, 0xC440,
  0x9A45, 0x4966, 0x2126, 0x00E8, 0x00A9, 0x1907, 0x5186, 0x9A45, 0xC440, 0x10A0, 0x0000, 0x0000,
  0x0000, 0x0020, 0xC420, 0x7146, 0x4A45, 0x6B63, 0x08E7, 0xBE16, 0xCD89, 0x1146, 0x6324, 0x5265,
  0x6946, 0xC420, 0x0020, 0x0000, 0x0000, 0x72E0, 0xA245, 0x5AA5, 0x9C43, 0x0047, 0x9D57, 0xFFFF,
  0xFEC1, 0xC501, 0x0088, 0x9403, 0x62C4, 0xA245, 0x7300, 0x0000, 0x0840, 0xC3A1, 0x3907, 0xEE00,
  0xCD21, 0x21A7, 0x320E, 0xE719, 0xE5C4, 0x31A5, 0x31E6, 0xC4E1, 0xF640, 0x4127, 0xC3A1, 0x0840,
  0x39C0, 0xA2A4, 0x5A85, 0x6B24, 0x5245, 0xC4E2, 0x6282, 0x29EB, 0x29C9, 0x5A85, 0xBCE2, 0x5265,
  0x62E4, 0x6AC5, 0xA2A4, 0x39E0, 0x5A80, 0x9245, 0x62E4, 0x1967, 0x0068, 0x0907, 0x7B84, 0xA442,
  0x9C03, 0x83A4, 0x1107, 0x0068, 0x1147, 0x6304, 0x9265, 0x5A80, 0x5A80, 0x9A84, 0x31E6, 0x0107,
  0x00C8, 0x00A8, 0x62E5, 0xAC81, 0x7B63, 0x6B05, 0x00A8, 0x00A8, 0x0107, 0x31E6, 0x9A84, 0x5A80,
  0x39C0, 0xB303, 0x0088, 0x0088, 0x31C6, 0xA462, 0x6B02, 0x21AB, 0x21AB, 0x6AE3, 0xAC62, 0x39E6,
  0x0088, 0x0088, 0xBB03, 0x39E0, 0x0840, 0xCBC1, 0x28A7, 0x7364, 0xA443, 0x2965, 0x5353, 0x84B5,
  0x8495, 0x5394, 0x2146, 0x9C23, 0x7BA4, 0x28C7, 0xCBC1, 0x0840, 0x0000, 0x72E0, 0xB2C4, 0x3A05,
  0x00E8, 0x0087, 0xA4EE, 0x842D, 0x7C0D, 0xAD2F, 0x00A7, 0x00C8, 0x3A06, 0xB2C4, 0x72E0, 0x0000,
  0x0000, 0x0020, 0xC420, 0x7166, 0x0068, 0x00C8, 0x83A1, 0x93C1, 0x8BA2, 0x8BC1, 0x00C8, 0x0068,
  0x7166, 0xC420, 0x0020, 0x0000, 0x0000, 0x0000, 0x10A0, 0xC440, 0xAA85, 0x28A7, 0x0068, 0x31E6,
  0x31E6, 0x0088, 0x28A7, 0xAA85, 0xC440, 0x10A0, 0x0000, 0x0000, 0x0000, 0x0000, 0x0000, 0x0020,
  0x7300, 0xC3C1, 0xB303, 0x9245, 0x9245, 0xB303, 0xC3C1, 0x7300, 0x0020, 0x0000, 0x0000, 0x0000,
  0x0000, 0x0000, 0x0000, 0x0000, 0x0000, 0x0840, 0x39E0, 0x5A80, 0x5A80, 0x39E0, 0x0840, 0x0000,
  0x0000, 0x0000, 0x0000, 0x0000,
};

static const uint16_t L_NBA_DET[256] PROGMEM = {
  0x0000, 0x0000, 0x0000, 0x0000, 0x0000, 0x0841, 0x2104, 0x2147, 0x2147, 0x2104, 0x0841, 0x0000,
  0x0000, 0x0000, 0x0000, 0x0000, 0x0000, 0x0000, 0x0000, 0x0020, 0x29A9, 0x1A70, 0x1B14, 0x2B75,
  0x2B75, 0x1B14, 0x1A70, 0x29A9, 0x0020, 0x0000, 0x0000, 0x0000, 0x0000, 0x0000, 0x10A2, 0x224E,
  0x2335, 0x8393, 0xCA8E, 0xE1EA, 0xE1EA, 0xCA8E, 0x8393, 0x2335, 0x224E, 0x10A2, 0x0000, 0x0000,
  0x0000, 0x0020, 0x224F, 0x2B35, 0xDB2F, 0xF9C9, 0xF1CA, 0xF1EB, 0xF1EB, 0xF1CA, 0xF9C9, 0xDB2F,
  0x2B35, 0x224F, 0x0020, 0x0000, 0x0000, 0x21A9, 0x1AF5, 0xDC12, 0xFA0B, 0xE1CA, 0xE928, 0xE8A6,
  0xE8A7, 0xE928, 0xE1EA, 0xFA0B, 0xDC12, 0x1AF5, 0x21A9, 0x0000, 0x0841, 0x1230, 0x84D8, 0xFB4E,
  0xE169, 0xE8A6, 0xE8E7, 0xE908, 0xE8C7, 0xE8C7, 0xE8A6, 0xE169, 0xFB4E, 0x84D8, 0x1230, 0x0841,
  0x1904, 0x1B14, 0xD3F2, 0xF004, 0xF577, 0xFD97, 0xF34F, 0xF493, 0xFDF8, 0xFDB7, 0xF556, 0xF473,
  0xF045, 0xD3F2, 0x1B14, 0x2104, 0x1947, 0x2B55, 0xEB50, 0xE8A6, 0xF412, 0xF412, 0xEA4C, 0xF30F,
  0xF3D1, 0xF493, 0xF370, 0xEACE, 0xE8E7, 0xEB4F, 0x2B55, 0x1947, 0x1947, 0x2B55, 0xEB2F, 0xE928,
  0xF535, 0xF412, 0xF3B0, 0xF32F, 0xF412, 0xF453, 0xF4B4, 0xF432, 0xE948, 0xEB2F, 0x2B55, 0x1947,
  0x1904, 0x1B14, 0xD3F2, 0xF086, 0xF412, 0xF390, 0xF3F2, 0xF34F, 0xF515, 0xFDD8, 0xFE7A, 0xF453,
  0xF107, 0xD3D2, 0x1B14, 0x2104, 0x0841, 0x1230, 0x84D8, 0xFB2E, 0xE086, 0xE825, 0xE8A6, 0xE866,
  0xE8C7, 0xE8A7, 0xE845, 0xE107, 0xFB2E, 0x8CF8, 0x1230, 0x0841, 0x0000, 0x21A9, 0x1AF5, 0xDC12,
  0xFA4B, 0xE1EB, 0xE928, 0xE8C7, 0xE8A7, 0xE928, 0xE1EB, 0xFA2B, 0xDC12, 0x1AF5, 0x21A9, 0x0000,
  0x0000, 0x0020, 0x224F, 0x2B35, 0xDB2F, 0xF9C9, 0xF1CA, 0xF1EB, 0xF1EB, 0xF1CA, 0xF9C9, 0xDB2F,
  0x2B35, 0x224E, 0x0020, 0x0000, 0x0000, 0x0000, 0x10A2, 0x224F, 0x2335, 0x8393, 0xCA8D, 0xE1CA,
  0xE1CA, 0xCA8D, 0x8393, 0x2336, 0x224F, 0x10A2, 0x0000, 0x0000, 0x0000, 0x0000, 0x0000, 0x0020,
  0x29A9, 0x1A70, 0x1B34, 0x2B75, 0x2B75, 0x1B34, 0x1A70, 0x29A9, 0x0020, 0x0000, 0x0000, 0x0000,
  0x0000, 0x0000, 0x0000, 0x0000, 0x0000, 0x0841, 0x2104, 0x2147, 0x2147, 0x2104, 0x0841, 0x0000,
  0x0000, 0x0000, 0x0000, 0x0000,
};

static const uint16_t L_NBA_GS[256] PROGMEM = {
  0x0000, 0x0000, 0x0000, 0x0000, 0x0000, 0x0001, 0x0064, 0x08E5, 0x08E5, 0x0064, 0x0001, 0x0000,
  0x0000, 0x0000, 0x0000, 0x0000, 0x0000, 0x0000, 0x0000, 0x0000, 0x1127, 0x4ACA, 0x5B6B, 0x5B6C,
  0x5B6C, 0x5B6B, 0x4AEA, 0x1127, 0x0000, 0x0000, 0x0000, 0x0000, 0x0000, 0x0000, 0x0002, 0x3A4A,
  0x6BCB, 0x32CF, 0x0A11, 0x01F1, 0x01F1, 0x0A11, 0x32AF, 0x6BCC, 0x324A, 0x0002, 0x0000, 0x0000,
  0x0000, 0x0000, 0x324A, 0x63AC, 0x01B2, 0x01D2, 0x0211, 0x0211, 0x0211, 0x0211, 0x01D2, 0x01D1,
  0x63AC, 0x324A, 0x0000, 0x0000, 0x0000, 0x1127, 0x6BCB, 0x01D2, 0x32CE, 0x1A70, 0x01F2, 0x0211,
  0x0211, 0x0211, 0x0211, 0x01F1, 0x01D1, 0x6BCC, 0x1127, 0x0000, 0x0001, 0x4AEA, 0x2AAF, 0x01D2,
  0xE562, 0x8C08, 0x01B3, 0x0211, 0x0211, 0x0211, 0x0211, 0x0211, 0x01D2, 0x2AAF, 0x4AEA, 0x0001,
  0x0064, 0x636B, 0x01D2, 0x4B2C, 0xDD42, 0xAC86, 0x4B0C, 0x01F1, 0x01F2, 0x0211, 0x0211, 0x0211,
  0x0211, 0x0211, 0x5B6B, 0x0064, 0x08E5, 0x4B4D, 0x228F, 0x5B4B, 0xB4A5, 0x7BC9, 0x532C, 0x6BAA,
  0x1A50, 0x01D2, 0x0211, 0x0211, 0x0211, 0x01F1, 0x5B6C, 0x08E5, 0x00C6, 0x73CA, 0x638A, 0x3ACD,
  0xBCC4, 0x8C08, 0x2AAE, 0x532C, 0x7BE9, 0x532C, 0x0A11, 0x01D2, 0x0211, 0x01F1, 0x5B6C, 0x08E5,
  0x0044, 0x73AA, 0x430D, 0x430D, 0xD523, 0xA466, 0x32CE, 0x3AED, 0x3AED, 0x6BAA, 0x83E9, 0x532C,
  0x1231, 0x01D2, 0x5B6B, 0x0064, 0x0001, 0x4AEA, 0x5B6B, 0x32AE, 0xB4A5, 0x8C08, 0x2AAE, 0x32CE,
  0x3ACE, 0x32AE, 0x3AED, 0x6BAA, 0x8C08, 0x8C28, 0x42CA, 0x0001, 0x0000, 0x08E7, 0x9C88, 0xA486,
  0xD542, 0xCD03, 0xB4A5, 0xBCC5, 0xC4E4, 0xC4E4, 0xCD03, 0xBCE4, 0xC503, 0xCD45, 0x08E7, 0x0000,
  0x0000, 0x0000, 0x3A4A, 0xA4A7, 0xD502, 0x8C08, 0x42ED, 0x532C, 0x534B, 0x5B4B, 0x532B, 0x6B6A,
  0xB4E6, 0x2A2A, 0x0000, 0x0000, 0x0000, 0x0000, 0x0002, 0x2A2B, 0xBCE6, 0xA487, 0x01B3, 0x01B2,
  0x01B2, 0x01D2, 0x2270, 0x5B8D, 0x2A2B, 0x0002, 0x0000, 0x0000, 0x0000, 0x0000, 0x0000, 0x0000,
  0x0908, 0x52EA, 0x636B, 0x5B6C, 0x5B6C, 0x636B, 0x52EA, 0x1127, 0x0000, 0x0000, 0x0000, 0x0000,
  0x0000, 0x0000, 0x0000, 0x0000, 0x0000, 0x0001, 0x0064, 0x08E5, 0x08E5, 0x0064, 0x0001, 0x0000,
  0x0000, 0x0000, 0x0000, 0x0000,
};

static const uint16_t L_NBA_HOU[256] PROGMEM = {
  0x0000, 0x0000, 0x0000, 0x0000, 0x0000, 0x0000, 0x0820, 0x0000, 0x0000, 0x0000, 0x0000, 0x0000,
  0x0000, 0x0000, 0x0000, 0x0000, 0x0000, 0x0000, 0x0000, 0x0000, 0x0000, 0x0000, 0x68A2, 0x0000,
  0x0000, 0x0000, 0x0000, 0x0000, 0x0000, 0x0000, 0x0000, 0x0000, 0x0000, 0x0000, 0x0000, 0x0000,
  0x1020, 0x3081, 0xB0A4, 0x8063, 0x7043, 0x3001, 0x0000, 0x0000, 0x0000, 0x0000, 0x0000, 0x0000,
  0x0000, 0x0000, 0x0000, 0x0000, 0x1060, 0x30C1, 0xC8C5, 0x68A2, 0x8123, 0xD8A6, 0x2001, 0x0000,
  0x0000, 0x0000, 0x0000, 0x0000, 0x0000, 0x0000, 0x0000, 0x0000, 0x0000, 0x0020, 0xC8C5, 0x1800,
  0x0020, 0xB0A4, 0x1800, 0x0000, 0x0000, 0x0000, 0x0000, 0x0000, 0x0000, 0x0000, 0x0000, 0x0000,
  0x0000, 0x0840, 0xC0C5, 0x68A2, 0xA8E4, 0x7043, 0x0000, 0x0000, 0x0000, 0x0000, 0x0000, 0x0000,
  0x0000, 0x0000, 0x0000, 0x0000, 0x0000, 0x0840, 0xC0C5, 0x3021, 0x50E2, 0xC065, 0x0000, 0x0000,
  0x0000, 0x0000, 0x0000, 0x0000, 0x0000, 0x0000, 0x0800, 0x3001, 0x3061, 0x28C0, 0xC0E5, 0x1800,
  0x3081, 0xC0A5, 0x20C0, 0x38A1, 0x3841, 0x0800, 0x0000, 0x0000, 0x0000, 0x0000, 0x58C2, 0xC8E5,
  0x5062, 0x3061, 0xC0C5, 0x3001, 0x48A1, 0xC085, 0x2821, 0x5882, 0xC8E5, 0x4822, 0x0000, 0x0000,
  0x0000, 0x0000, 0x0000, 0x28A1, 0x58C2, 0x7102, 0xC8A5, 0x80A3, 0x9103, 0xC085, 0x68A2, 0x5082,
  0x2040, 0x0000, 0x0000, 0x0000, 0x0000, 0x0000, 0x0000, 0x0000, 0x0000, 0x0000, 0xA964, 0x1020,
  0x38A1, 0xB084, 0x0000, 0x0000, 0x0000, 0x0000, 0x0000, 0x0000, 0x0000, 0x0000, 0x0000, 0x0000,
  0x0000, 0x0020, 0x79C2, 0x1020, 0x30A1, 0xA104, 0x0000, 0x0000, 0x0000, 0x0000, 0x0000, 0x0000,
  0x0000, 0x0000, 0x0000, 0x0000, 0x0000, 0x0000, 0x4141, 0x1040, 0x20A0, 0x79A2, 0x0000, 0x0000,
  0x0000, 0x0000, 0x0000, 0x0000, 0x0000, 0x0000, 0x0000, 0x0000, 0x0000, 0x0000, 0x0840, 0x0020,
  0x1060, 0x5161, 0x0000, 0x0000, 0x0000, 0x0000, 0x0000, 0x0000, 0x0000, 0x0000, 0x0000, 0x0000,
  0x0000, 0x0000, 0x0000, 0x0000, 0x0000, 0x28E0, 0x0000, 0x0000, 0x0000, 0x0000, 0x0000, 0x0000,
  0x0000, 0x0000, 0x0000, 0x0000, 0x0000, 0x0000, 0x0000, 0x0000, 0x0000, 0x0020, 0x0000, 0x0000,
  0x0000, 0x0000, 0x0000, 0x0000,
};

static const uint16_t L_NBA_IND[256] PROGMEM = {
  0x0000, 0x0000, 0x0000, 0x0000, 0x0000, 0x0000, 0x0000, 0x0000, 0x0000, 0x0000, 0x0000, 0x0000,
  0x0000, 0x0000, 0x0000, 0x0000, 0x0000, 0x0000, 0x0000, 0x2986, 0x428B, 0x3A2A, 0x3A2A, 0x3A4A,
  0x320A, 0x29CA, 0x320A, 0x31E9, 0x2986, 0x0000, 0x0000, 0x0000, 0x0000, 0x0000, 0x0000, 0x3A29,
  0x0108, 0x00E7, 0x00E7, 0x00E7, 0x3207, 0x6B86, 0x4246, 0x4267, 0x21EB, 0x424A, 0x0000, 0x0000,
  0x0000, 0x0000, 0x0000, 0x4A8A, 0x1987, 0x21A7, 0x1147, 0x4267, 0xCDA4, 0xF684, 0xF684, 0xBD24,
  0xA484, 0x21CA, 0x3A08, 0x0000, 0x0000, 0x0000, 0x10C3, 0x634A, 0x52C6, 0x4A87, 0x9C65, 0xE644,
  0xD5C4, 0xB505, 0xBD24, 0xC544, 0xCD84, 0x52A5, 0x2A0B, 0x18C2, 0x0000, 0x0000, 0x2965, 0x198A,
  0x00A7, 0x0068, 0x8C05, 0xFEE3, 0xF664, 0xFEA3, 0xDDE4, 0xACA5, 0x7BA6, 0xBD04, 0x29EA, 0x2966,
  0x0000, 0x0000, 0x4A48, 0x6347, 0x5AE6, 0x5AE6, 0xA4A5, 0xBD25, 0xB505, 0xBD05, 0xCD84, 0xBD25,
  0x83E5, 0xB4E4, 0x29E9, 0x31A7, 0x0000, 0x0000, 0x3A2A, 0x0928, 0x1127, 0x00C8, 0x9425, 0xFF43,
  0xFEC3, 0xFEC3, 0xCDA4, 0xACC5, 0x83E6, 0xACA4, 0x29EA, 0x2945, 0x0000, 0x0841, 0x52EA, 0x31E6,
  0x3227, 0x31E7, 0x4267, 0xBD25, 0xCD84, 0xB4E5, 0xD5C4, 0xC564, 0xE604, 0x3206, 0x3A2B, 0x0841,
  0x0000, 0x2104, 0x52EA, 0x3A26, 0x4247, 0x4267, 0x3A27, 0x3A26, 0xB504, 0xF6A3, 0xCD64, 0xA484,
  0x6325, 0x322C, 0x2965, 0x0000, 0x0000, 0x31A6, 0x118A, 0x00A7, 0x00E8, 0x00E8, 0x00E8, 0x0929,
  0x1169, 0x3208, 0x21C9, 0x322A, 0x322B, 0x3186, 0x0000, 0x0000, 0x0000, 0x3A09, 0x1148, 0x0907,
  0x0928, 0x0907, 0x322A, 0x4249, 0x39E8, 0x31C8, 0x31C8, 0x2966, 0x0841, 0x0000, 0x0000, 0x0000,
  0x0000, 0x3A4A, 0x0907, 0x0927, 0x0927, 0x0928, 0x3A4A, 0x0000, 0x0000, 0x0000, 0x0000, 0x0000,
  0x0000, 0x0000, 0x0000, 0x0000, 0x18E3, 0x320B, 0x00C7, 0x0908, 0x00E7, 0x1169, 0x39E8, 0x0000,
  0x0000, 0x0000, 0x0000, 0x0000, 0x0000, 0x0000, 0x0000, 0x0000, 0x2124, 0x4AAB, 0x320A, 0x3A2A,
  0x322A, 0x428B, 0x2104, 0x0000, 0x0000, 0x0000, 0x0000, 0x0000, 0x0000, 0x0000, 0x0000, 0x0000,
  0x0000, 0x0000, 0x0000, 0x0000, 0x0000, 0x0000, 0x0000, 0x0000, 0x0000, 0x0000, 0x0000, 0x0000,
  0x0000, 0x0000, 0x0000, 0x0000,
};

static const uint16_t L_NBA_LAC[256] PROGMEM = {
  0x0000, 0x0000, 0x0000, 0x0000, 0x0000, 0x0841, 0x39C7, 0x5AEB, 0x5AEB, 0x39C7, 0x0841, 0x0000,
  0x0000, 0x0000, 0x0000, 0x0000, 0x0000, 0x0000, 0x0000, 0x0020, 0x73AE, 0x9CF5, 0x6B50, 0x6B71,
  0x8433, 0x6350, 0x9CF5, 0x73AE, 0x0020, 0x0000, 0x0000, 0x0000, 0x0000, 0x0000, 0x10A2, 0xB597,
  0x5B10, 0x0006, 0x1909, 0x3A0C, 0x8453, 0x18E9, 0x0006, 0x5AEF, 0xB596, 0x10A2, 0x0000, 0x0000,
  0x0000, 0x0020, 0xB596, 0x31AB, 0x10A7, 0xB5B8, 0xF7BE, 0x73B2, 0xA536, 0xF79E, 0xB5B8, 0x10A7,
  0x31AB, 0xB596, 0x0020, 0x0000, 0x0000, 0x73AE, 0x5AF0, 0x08A7, 0xE75D, 0xFFFF, 0x73D2, 0x424D,
  0x426D, 0x73D2, 0xFFFF, 0xEF5D, 0x10A7, 0x4AAF, 0x73AE, 0x0000, 0x0841, 0xA536, 0x0006, 0xB5B8,
  0xFFFF, 0xA516, 0x422D, 0x6371, 0x6371, 0x422D, 0x9D16, 0xFFFF, 0x8C74, 0x18E8, 0xAD97, 0x0841,
  0x39E7, 0x6351, 0x10C8, 0xFFFF, 0xEF7E, 0x4AAE, 0x5ACF, 0x52CE, 0x52CE, 0x5ACF, 0x4A8E, 0xEF7D,
  0xFFFF, 0xFFFF, 0xFFFF, 0x39E7, 0x5AEB, 0x8433, 0x73D2, 0xDEFC, 0xB5D8, 0x31CB, 0x08A8, 0x08A8,
  0x08A8, 0x08A8, 0x31CB, 0xB5D8, 0xDEFC, 0xDEDB, 0xEF5D, 0x5AEB, 0x5AEB, 0x6B91, 0x39EC, 0x73D2,
  0x296A, 0x422D, 0x0026, 0x214A, 0x29AB, 0x0006, 0x422D, 0x298B, 0x73D2, 0x9CD5, 0xD6BB, 0x5AEB,
  0x39E7, 0x6B71, 0x10E9, 0xFFFF, 0x9CF6, 0x298B, 0x424D, 0x1909, 0x31CC, 0x3A2D, 0x29AB, 0x94D5,
  0xFFFF, 0xFFFF, 0xFFFF, 0x39E7, 0x0841, 0xA535, 0x0006, 0xB5B8, 0xFFFF, 0x6350, 0x8C74, 0x52EF,
  0x8433, 0x8C74, 0x6350, 0xFFFF, 0x8C74, 0x10C8, 0xAD97, 0x0841, 0x0000, 0x73AE, 0x5AF0, 0x0887,
  0xEF5D, 0xE71D, 0x7BF2, 0x424D, 0x8454, 0x73D1, 0xE71C, 0xEF7E, 0x10A7, 0x4AAF, 0x73AE, 0x0000,
  0x0000, 0x0020, 0xB596, 0x31AB, 0x10A7, 0xB5B8, 0xBDF9, 0x52EF, 0xB598, 0xBDD8, 0xB5D8, 0x10A7,
  0x31AB, 0xB596, 0x0020, 0x0000, 0x0000, 0x0000, 0x10A2, 0xB597, 0x5AF0, 0x0006, 0x296A, 0x3A2D,
  0x8453, 0x214A, 0x0006, 0x5AEF, 0xB596, 0x10A2, 0x0000, 0x0000, 0x0000, 0x0000, 0x0000, 0x0020,
  0x73AE, 0x9CF5, 0x6350, 0x6B71, 0x8433, 0x6330, 0x9CF5, 0x73AE, 0x0020, 0x0000, 0x0000, 0x0000,
  0x0000, 0x0000, 0x0000, 0x0000, 0x0000, 0x0841, 0x39E7, 0x5AEB, 0x5AEB, 0x39E7, 0x0841, 0x0000,
  0x0000, 0x0000, 0x0000, 0x0000,
};

static const uint16_t L_NBA_LAL[256] PROGMEM = {
  0x0000, 0x0000, 0x0000, 0x0000, 0x0000, 0x0000, 0x0000, 0x0000, 0x0000, 0x0000, 0x0000, 0x0000,
  0x0000, 0x0000, 0x0000, 0x0000, 0x0000, 0x0000, 0x0000, 0x0000, 0x0000, 0x0000, 0x0000, 0x0000,
  0x0000, 0x0000, 0x0000, 0x0000, 0x0000, 0x0000, 0x0000, 0x0000, 0x0000, 0x0000, 0x0000, 0x0000,
  0x0000, 0x0000, 0x0000, 0x0000, 0x0000, 0x0000, 0x0000, 0x0000, 0x0000, 0x0000, 0x0000, 0x0000,
  0x0000, 0x0000, 0x0000, 0x0020, 0x0000, 0x0020, 0x4228, 0x5AEC, 0x528B, 0x18C3, 0x0000, 0x0000,
  0x0020, 0x0000, 0x0000, 0x0000, 0x0000, 0x0000, 0x0000, 0x0000, 0x31A6, 0xB551, 0xC529, 0xC4C5,
  0xD567, 0xC58E, 0x632D, 0x0000, 0x0000, 0x0000, 0x0000, 0x0000, 0x0000, 0x0000, 0x0000, 0x5AEB,
  0xCDF3, 0xD4C1, 0xD4A0, 0xDCE0, 0xE500, 0xE4E0, 0xD58B, 0x8C52, 0x6B4D, 0x6B4D, 0x5AEB, 0x0000,
  0x0000, 0x0000, 0x18E3, 0xCE1E, 0x8268, 0xED61, 0xCC64, 0xBC24, 0xCCA3, 0xB3E6, 0xBBE3, 0xCD94,
  0xDEDE, 0xDE5D, 0xB597, 0x0000, 0x0000, 0x0000, 0xB5B6, 0x7AD3, 0xBBE2, 0xABA6, 0x9B06, 0xBC24,
  0xA346, 0xBBE5, 0xA346, 0x82AC, 0x8BB5, 0xC5BB, 0x8431, 0x0020, 0x0000, 0x4A69, 0xBD7B, 0x722C,
  0xCC84, 0x69CA, 0x71EA, 0x8AA8, 0x8AA8, 0xBC24, 0x8227, 0x8B2E, 0xB51A, 0x93F6, 0xEF7D, 0x4208,
  0x18E3, 0xFFBF, 0x93B7, 0xB519, 0xCC85, 0xC463, 0xED41, 0xDCC2, 0xD4E2, 0xDD02, 0xE560, 0x9B2D,
  0xBD5C, 0xF79F, 0xBDF8, 0x0861, 0x18C3, 0x5AEB, 0x5ACB, 0x6B6E, 0xE62E, 0xFDA0, 0xF580, 0xFE00,
  0xED60, 0xFDC0, 0xFE45, 0xA4F3, 0x9494, 0x8C51, 0x0861, 0x0000, 0x0000, 0x0000, 0x0000, 0x0000,
  0x4A49, 0xCDAE, 0xDD65, 0xFDE2, 0xF5C3, 0xDDCA, 0x7BCD, 0x0000, 0x0000, 0x0000, 0x0000, 0x0000,
  0x0000, 0x0020, 0x0000, 0x0020, 0x0000, 0x18C3, 0x52CB, 0x734B, 0x6B2B, 0x2986, 0x0000, 0x0000,
  0x0000, 0x0000, 0x0000, 0x0000, 0x0000, 0x0000, 0x0000, 0x0000, 0x0000, 0x0000, 0x0000, 0x0000,
  0x0000, 0x0000, 0x0000, 0x0000, 0x0000, 0x0000, 0x0000, 0x0000, 0x0000, 0x0000, 0x0000, 0x0000,
  0x0000, 0x0000, 0x0000, 0x0000, 0x0000, 0x0000, 0x0000, 0x0000, 0x0000, 0x0000, 0x0000, 0x0000,
  0x0000, 0x0000, 0x0000, 0x0000, 0x0000, 0x0000, 0x0000, 0x0000, 0x0000, 0x0000, 0x0000, 0x0000,
  0x0000, 0x0000, 0x0000, 0x0000,
};

static const uint16_t L_NBA_MEM[256] PROGMEM = {
  0x0000, 0x0000, 0x0000, 0x0020, 0x0000, 0x0000, 0x0000, 0x0000, 0x0000, 0x0000, 0x0000, 0x0000,
  0x0020, 0x0000, 0x0000, 0x0000, 0x0000, 0x0000, 0x2145, 0x29AA, 0x2967, 0x18C2, 0x10A2, 0x0841,
  0x0841, 0x1082, 0x18C2, 0x2167, 0x2989, 0x2946, 0x0000, 0x0000, 0x0000, 0x18E4, 0x2A0D, 0x2A4F,
  0x21CD, 0x29AB, 0x29AB, 0x2189, 0x2989, 0x29EC, 0x29CC, 0x21CD, 0x08C9, 0x1909, 0x2104, 0x0000,
  0x0000, 0x18E4, 0x2A0E, 0x3270, 0x4353, 0x4BB5, 0x4B95, 0x4354, 0x4354, 0x4BD6, 0x4354, 0x110A,
  0x0046, 0x08C8, 0x2125, 0x0000, 0x0000, 0x2104, 0x2A2E, 0x53F6, 0x53D5, 0x53F6, 0x53D6, 0x4BB4,
  0x4BB5, 0x4B74, 0x08C9, 0x0067, 0x0067, 0x10C9, 0x2145, 0x0000, 0x0840, 0x29A9, 0x4374, 0x53D6,
  0x4313, 0x324F, 0x4B94, 0x4374, 0x4B94, 0x4312, 0x21AC, 0x110A, 0x0887, 0x0067, 0x2168, 0x0861,
  0x18C3, 0x322E, 0x53D6, 0x53B5, 0x4B95, 0x3A4C, 0x52CB, 0x2A2F, 0x21CE, 0x5AEC, 0x31A9, 0x0047,
  0x0887, 0x0067, 0x1909, 0x1904, 0x18E4, 0x322E, 0x53F6, 0x4BB5, 0x5416, 0x324F, 0x3270, 0x4353,
  0x0067, 0x196C, 0x08A8, 0x0067, 0x0887, 0x0067, 0x10C8, 0x2125, 0x18C3, 0x2149, 0x3AF2, 0x53D5,
  0x53F6, 0x2A2E, 0x3AF2, 0x5417, 0x08A8, 0x110A, 0x10E9, 0x0067, 0x0887, 0x0047, 0x1929, 0x18C3,
  0x0000, 0x3187, 0x29ED, 0x53F6, 0x53F6, 0x3290, 0x32B0, 0x21ED, 0x08A8, 0x194B, 0x10E9, 0x0067,
  0x0067, 0x08C8, 0x31C8, 0x0000, 0x0000, 0x0840, 0x2989, 0x3270, 0x4BB5, 0x4353, 0x3270, 0x326F,
  0x0046, 0x112A, 0x08A8, 0x0067, 0x0067, 0x2989, 0x0840, 0x0000, 0x0000, 0x0000, 0x18C3, 0x2148,
  0x194B, 0x4353, 0x3AB1, 0x3AD1, 0x194B, 0x08A8, 0x0067, 0x08C8, 0x2989, 0x18C3, 0x0000, 0x0000,
  0x0000, 0x0000, 0x0000, 0x10A2, 0x31A7, 0x298A, 0x2A4F, 0x3290, 0x112A, 0x0088, 0x2149, 0x39C8,
  0x10A2, 0x0000, 0x0000, 0x0000, 0x0000, 0x0000, 0x0000, 0x0000, 0x0000, 0x10A2, 0x2967, 0x21AC,
  0x1109, 0x2987, 0x18C2, 0x0000, 0x0000, 0x0000, 0x0000, 0x0000, 0x0000, 0x0000, 0x0000, 0x0000,
  0x0000, 0x0000, 0x0000, 0x2145, 0x2966, 0x0000, 0x0000, 0x0000, 0x0000, 0x0000, 0x0000, 0x0000,
  0x0000, 0x0000, 0x0000, 0x0000, 0x0000, 0x0000, 0x0000, 0x0000, 0x0000, 0x0000, 0x0000, 0x0000,
  0x0000, 0x0000, 0x0000, 0x0000,
};

static const uint16_t L_NBA_MIA[256] PROGMEM = {
  0x0000, 0x0000, 0x0000, 0x0000, 0x0000, 0x0000, 0x0000, 0x0000, 0x0000, 0x0820, 0x1040, 0x0000,
  0x0000, 0x0000, 0x0000, 0x0000, 0x0000, 0x0000, 0x0000, 0x0000, 0x0000, 0x0000, 0x0000, 0x0000,
  0x0000, 0x1060, 0x4960, 0x0000, 0x0000, 0x0000, 0x0000, 0x0000, 0x0000, 0x0000, 0x0000, 0x0000,
  0x0000, 0x0000, 0x0000, 0x0000, 0x2080, 0x9B20, 0x6A20, 0x3120, 0x1880, 0x0000, 0x0000, 0x0000,
  0x0000, 0x0000, 0x0000, 0x0000, 0x0000, 0x0841, 0x18E3, 0x2124, 0xBC24, 0xCC83, 0xA361, 0x7240,
  0x0000, 0x0000, 0x0000, 0x0000, 0x0000, 0x0000, 0x3186, 0x8C71, 0xBDD7, 0xC638, 0xC638, 0xBE38,
  0xBE18, 0xBDF9, 0xCE78, 0xB5B7, 0x8C51, 0x2965, 0x0000, 0x0000, 0x0000, 0x6B6D, 0xCE79, 0x73AE,
  0x39C7, 0x10A2, 0x1821, 0x6803, 0x6002, 0x7844, 0x58C5, 0x4208, 0x7BEF, 0xD69A, 0x6B6D, 0x0000,
  0x0000, 0xAD75, 0x9CD3, 0x0000, 0x0000, 0x0000, 0x3001, 0xB805, 0x9804, 0x8003, 0x8002, 0x0000,
  0x0000, 0x9CD3, 0xAD75, 0x0000, 0x0000, 0x0020, 0x73AE, 0x94D2, 0x6B0C, 0x2841, 0x7803, 0xB005,
  0x9004, 0x6843, 0x61C8, 0x738E, 0x9492, 0x73AE, 0x0020, 0x0000, 0x0000, 0x0000, 0x0000, 0x4843,
  0x98C6, 0x9804, 0xB805, 0xA805, 0x8804, 0x6803, 0x28C3, 0x2965, 0x0841, 0x0000, 0x0000, 0x0000,
  0x0000, 0x0000, 0x2021, 0xA004, 0x8803, 0xB805, 0xA805, 0x7803, 0xA805, 0x6002, 0x0000, 0x0000,
  0x0000, 0x0000, 0x0000, 0x0000, 0x0000, 0x0000, 0x5802, 0x9804, 0x9804, 0xA805, 0x7803, 0xA805,
  0xA805, 0x5002, 0x0000, 0x0000, 0x0000, 0x0000, 0x0000, 0x0000, 0x0000, 0x0000, 0x6803, 0x9004,
  0x9804, 0x8003, 0xA805, 0xB805, 0x8804, 0x6003, 0x0000, 0x0000, 0x0000, 0x0000, 0x0000, 0x0000,
  0x0000, 0x0000, 0x5002, 0x8003, 0x8804, 0x9004, 0xB805, 0x7803, 0xA805, 0x4001, 0x0000, 0x0000,
  0x0000, 0x0000, 0x0000, 0x0000, 0x0000, 0x0000, 0x1800, 0x6003, 0x6002, 0x6003, 0x7003, 0x9804,
  0x7003, 0x0000, 0x0000, 0x0000, 0x0000, 0x0000, 0x0000, 0x0000, 0x0000, 0x0000, 0x0000, 0x3001,
  0x6803, 0x7003, 0x7003, 0x6003, 0x0800, 0x0000, 0x0000, 0x0000, 0x0000, 0x0000, 0x0000, 0x0000,
  0x0000, 0x0000, 0x0000, 0x0000, 0x1000, 0x2801, 0x1000, 0x0000, 0x0000, 0x0000, 0x0000, 0x0000,
  0x0000, 0x0000, 0x0000, 0x0000,
};

static const uint16_t L_NBA_MIL[256] PROGMEM = {
  0x0000, 0x0000, 0x0000, 0x0000, 0x0000, 0x3165, 0x1061, 0x0000, 0x0000, 0x1081, 0x3185, 0x0000,
  0x0000, 0x0000, 0x0000, 0x0000, 0x0000, 0x0000, 0x0000, 0x39E6, 0x9D10, 0x632A, 0x0840, 0x0000,
  0x0000, 0x0841, 0x634B, 0x9D10, 0x39E6, 0x0000, 0x0000, 0x0000, 0x0000, 0x0000, 0x18E3, 0x7CCE,
  0x748D, 0x4227, 0x0000, 0x0000, 0x0000, 0x0000, 0x4227, 0x6C6D, 0x7CCE, 0x18E3, 0x0000, 0x0000,
  0x0000, 0x0000, 0x3226, 0x3BC9, 0x2984, 0x0000, 0x0000, 0x0000, 0x0000, 0x0000, 0x0000, 0x2984,
  0x3BC9, 0x3226, 0x0000, 0x0000, 0x0000, 0x0000, 0x3247, 0x5C4C, 0x2123, 0x0861, 0x736B, 0x0840,
  0x0840, 0x736B, 0x0861, 0x2123, 0x5C4C, 0x3267, 0x0000, 0x0000, 0x0000, 0x0000, 0x2964, 0x3BCA,
  0x29C5, 0x3A67, 0x742D, 0x2104, 0x2104, 0x740C, 0x3A67, 0x29C5, 0x33C9, 0x2964, 0x0000, 0x0000,
  0x0000, 0x0000, 0x0000, 0x3266, 0x3328, 0x5BAB, 0x4267, 0x5288, 0x4A88, 0x4267, 0x53AB, 0x3348,
  0x3266, 0x0000, 0x0000, 0x0000, 0x0000, 0x0000, 0x0000, 0x1082, 0x5C0C, 0x0A65, 0x4389, 0x4207,
  0x3A06, 0x43AA, 0x0264, 0x5C0C, 0x1082, 0x0000, 0x0000, 0x0000, 0x0000, 0x0000, 0x0000, 0x0020,
  0x6C2D, 0x3BAA, 0x0A65, 0x22E7, 0x1AC7, 0x0A85, 0x33AA, 0x6C2E, 0x0820, 0x0000, 0x0000, 0x0000,
  0x0000, 0x0000, 0x0000, 0x0000, 0x18C2, 0x4A68, 0x2307, 0x4C0C, 0x4C0D, 0x2307, 0x4A68, 0x18A2,
  0x0000, 0x0000, 0x0000, 0x0000, 0x0000, 0x0000, 0x0000, 0x0000, 0x0000, 0x0000, 0x2AC7, 0xA5F5,
  0xAE16, 0x22E7, 0x0020, 0x0000, 0x0000, 0x0000, 0x0000, 0x0000, 0x0000, 0x0000, 0x0000, 0x0000,
  0x0000, 0x2144, 0x1B07, 0x2B28, 0x2B29, 0x1B07, 0x2964, 0x0000, 0x0000, 0x0000, 0x0000, 0x0000,
  0x0000, 0x0000, 0x0000, 0x0000, 0x0000, 0x3A47, 0x0AA5, 0x5C0B, 0x5C0C, 0x0AA5, 0x3287, 0x0000,
  0x0000, 0x0000, 0x0000, 0x0000, 0x0000, 0x0000, 0x0000, 0x0000, 0x0000, 0x31A5, 0x1AA6, 0xA592,
  0xADD3, 0x12C6, 0x31C5, 0x0000, 0x0000, 0x0000, 0x0000, 0x0000, 0x0000, 0x0000, 0x0000, 0x0000,
  0x0000, 0x0000, 0x18E3, 0x8CCF, 0x9D10, 0x1903, 0x0000, 0x0000, 0x0000, 0x0000, 0x0000, 0x0000,
  0x0000, 0x0000, 0x0000, 0x0000, 0x0000, 0x0000, 0x0000, 0x18C2, 0x18E3, 0x0000, 0x0000, 0x0000,
  0x0000, 0x0000, 0x0000, 0x0000,
};

static const uint16_t L_NBA_MIN[256] PROGMEM = {
  0x0000, 0x0000, 0x0000, 0x0000, 0x0000, 0x0000, 0x0161, 0x0A24, 0x1224, 0x0161, 0x0000, 0x0000,
  0x0000, 0x0000, 0x0000, 0x0000, 0x0000, 0x0000, 0x0000, 0x0000, 0x1AC5, 0x5D10, 0x7574, 0x8597,
  0x7D56, 0x6D54, 0x5D10, 0x1AA5, 0x0000, 0x0000, 0x0000, 0x0000, 0x0000, 0x0000, 0x0040, 0x44AC,
  0x85B8, 0x9D19, 0x7416, 0x63D4, 0x7435, 0x7415, 0x7436, 0x8DD8, 0x44AC, 0x0040, 0x0000, 0x0000,
  0x0000, 0x0000, 0x44AC, 0x95B9, 0x6394, 0x5451, 0x43F1, 0x7435, 0x8CF6, 0x8CF6, 0x3B71, 0x7C55,
  0x9DB9, 0x448C, 0x0000, 0x0000, 0x0000, 0x1AA5, 0x8DB8, 0x7435, 0x9D77, 0x1B6E, 0x33B0, 0x9D37,
  0x84D6, 0xC65C, 0xD6DD, 0x7475, 0x6BF5, 0x8DD8, 0x1AA5, 0x0000, 0x0020, 0x5D30, 0x63B6, 0x8CF6,
  0x5373, 0x7C56, 0x9D37, 0x4B93, 0xB63B, 0xFFFF, 0x6C16, 0x84B6, 0x9D57, 0x5B95, 0x5D30, 0x0020,
  0x0141, 0x7555, 0x94F7, 0xADD8, 0x9D77, 0x63F5, 0x8DB7, 0xDF9C, 0xFFFF, 0xE73D, 0x7C97, 0x8CF7,
  0xCE99, 0x8496, 0x7555, 0x0141, 0x1224, 0x7D56, 0xB5B8, 0x84B6, 0x5373, 0x1A31, 0x7CB7, 0xF79E,
  0xFFFF, 0xF7DF, 0x7C97, 0x9517, 0xCE99, 0xA577, 0x7D56, 0x1224, 0x1224, 0x8576, 0x7C76, 0x5BD4,
  0x4313, 0x11D0, 0x8CF7, 0xFFFF, 0xFFFF, 0x8D18, 0x6C34, 0x84B6, 0x9D77, 0xA577, 0x7D56, 0x1224,
  0x0141, 0x7DB5, 0x63B5, 0x4B53, 0x32B2, 0x2A71, 0xD6FB, 0xFFFF, 0xFFFF, 0xADFA, 0xADD8, 0x9D77,
  0x2A92, 0x8CB7, 0x7D75, 0x0141, 0x0020, 0x6550, 0x4B35, 0x09B0, 0x11D0, 0x3AD2, 0xB5F8, 0xFFFF,
  0xFFFF, 0xDF1D, 0x7475, 0x4B53, 0x1A31, 0x63D6, 0x6550, 0x0020, 0x0000, 0x1AA5, 0x8DD8, 0x1190,
  0x1A31, 0x11F1, 0x4333, 0xCE9A, 0xFFFF, 0xDF1D, 0x4B53, 0x11F0, 0x0990, 0x85B8, 0x1AA5, 0x0000,
  0x0000, 0x0000, 0x4CCD, 0x8518, 0x0990, 0x09D0, 0x1A11, 0x3AF2, 0xC69B, 0x7CB7, 0x016F, 0x11B0,
  0x8518, 0x4CCD, 0x0000, 0x0000, 0x0000, 0x0000, 0x0020, 0x4CCD, 0x8DD8, 0x4314, 0x1A12, 0x0170,
  0x3AD3, 0x2A52, 0x42F4, 0x8DD8, 0x4CCD, 0x0020, 0x0000, 0x0000, 0x0000, 0x0000, 0x0000, 0x0000,
  0x1AC5, 0x6D50, 0x7595, 0x7556, 0x6D15, 0x7575, 0x6D50, 0x1AA5, 0x0000, 0x0000, 0x0000, 0x0000,
  0x0000, 0x0000, 0x0000, 0x0000, 0x0000, 0x0000, 0x0141, 0x1224, 0x1244, 0x0161, 0x0000, 0x0000,
  0x0000, 0x0000, 0x0000, 0x0000,
};

static const uint16_t L_NBA_NO[256] PROGMEM = {
  0x0000, 0x0000, 0x0000, 0x0000, 0x0000, 0x0000, 0x0000, 0x0000, 0x0000, 0x0000, 0x0000, 0x0000,
  0x0000, 0x0000, 0x0000, 0x0000, 0x0000, 0x0000, 0x0000, 0x0000, 0x0000, 0x0000, 0x0000, 0x0000,
  0x0000, 0x0000, 0x0000, 0x0000, 0x0000, 0x0000, 0x0000, 0x0000, 0x0000, 0x0000, 0x0000, 0x0000,
  0x0000, 0x0000, 0x0000, 0x0000, 0x0000, 0x0000, 0x0000, 0x0000, 0x0000, 0x0000, 0x0000, 0x0000,
  0x0000, 0x0000, 0x0000, 0x0000, 0x0000, 0x0000, 0x0000, 0x0000, 0x0000, 0x0000, 0x0000, 0x0000,
  0x0000, 0x0000, 0x0000, 0x0000, 0x0000, 0x0000, 0x0000, 0x0000, 0x0000, 0x0000, 0x0000, 0x0000,
  0x0000, 0x0000, 0x0000, 0x0000, 0x0000, 0x0000, 0x0000, 0x0000, 0x0000, 0x0000, 0x0020, 0x20E3,
  0x39C7, 0x4A6A, 0x6B4D, 0x41E6, 0x41E6, 0x6B4D, 0x4A6A, 0x39C7, 0x20E3, 0x0020, 0x0000, 0x0000,
  0x0840, 0x3186, 0x52EC, 0x6B6E, 0x7B8D, 0x630C, 0x636F, 0x9CF3, 0x9CF4, 0x636F, 0x630C, 0x7B8D,
  0x6B6E, 0x52EC, 0x3186, 0x0840, 0x1060, 0x4208, 0x094A, 0x31A7, 0x8B89, 0x8369, 0x3A8B, 0x4928,
  0x4928, 0x3A8B, 0x8369, 0x8B89, 0x31C7, 0x094A, 0x4208, 0x1061, 0x0000, 0x0840, 0x3185, 0x1128,
  0x2189, 0x5268, 0x5B0B, 0x7ACC, 0x7ACC, 0x5B0B, 0x5268, 0x2189, 0x1128, 0x3185, 0x0840, 0x0000,
  0x0000, 0x0000, 0x0000, 0x20E2, 0x2966, 0x1106, 0x3A49, 0x7AEA, 0x7AEA, 0x3A49, 0x1106, 0x2966,
  0x20E2, 0x0000, 0x0000, 0x0000, 0x0000, 0x0000, 0x0000, 0x0000, 0x0000, 0x0000, 0x1081, 0x41E6,
  0x41E6, 0x1081, 0x0000, 0x0000, 0x0000, 0x0000, 0x0000, 0x0000, 0x0000, 0x0000, 0x0000, 0x0000,
  0x0000, 0x0000, 0x0000, 0x0000, 0x0000, 0x0000, 0x0000, 0x0000, 0x0000, 0x0000, 0x0000, 0x0000,
  0x0000, 0x0000, 0x0000, 0x0000, 0x0000, 0x0000, 0x0000, 0x0000, 0x0000, 0x0000, 0x0000, 0x0000,
  0x0000, 0x0000, 0x0000, 0x0000, 0x0000, 0x0000, 0x0000, 0x0000, 0x0000, 0x0000, 0x0000, 0x0000,
  0x0000, 0x0000, 0x0000, 0x0000, 0x0000, 0x0000, 0x0000, 0x0000, 0x0000, 0x0000, 0x0000, 0x0000,
  0x0000, 0x0000, 0x0000, 0x0000, 0x0000, 0x0000, 0x0000, 0x0000, 0x0000, 0x0000, 0x0000, 0x0000,
  0x0000, 0x0000, 0x0000, 0x0000, 0x0000, 0x0000, 0x0000, 0x0000, 0x0000, 0x0000, 0x0000, 0x0000,
  0x0000, 0x0000, 0x0000, 0x0000,
};

static const uint16_t L_NBA_NY[256] PROGMEM = {
  0x0000, 0x0000, 0x0000, 0x0000, 0x0000, 0x0000, 0x0000, 0x0000, 0x0000, 0x0000, 0x0000, 0x0000,
  0x0000, 0x0000, 0x0000, 0x0000, 0x0000, 0x0000, 0x0000, 0x0000, 0x0000, 0x0000, 0x0000, 0x0861,
  0x0861, 0x0000, 0x0000, 0x0000, 0x0000, 0x0000, 0x0000, 0x0000, 0x0000, 0x0000, 0x0000, 0x0000,
  0x10A2, 0x4AAC, 0x7CB7, 0x9579, 0x84F8, 0x7C96, 0x52ED, 0x0841, 0x0000, 0x0000, 0x0000, 0x0000,
  0x0000, 0x0000, 0x0000, 0x5B0D, 0x8410, 0x8473, 0x6BB2, 0x7BF1, 0x9430, 0x6BB2, 0x8474, 0xA42D,
  0x6B2C, 0x0000, 0x0000, 0x0000, 0x18C3, 0x636F, 0x5B70, 0xB40B, 0x9306, 0xCBA4, 0xBB65, 0xA346,
  0x82E8, 0x8B08, 0x9B27, 0xAB46, 0x8BCE, 0x5B70, 0x636F, 0x18C3, 0x0020, 0x532F, 0x8453, 0xEBC1,
  0x8B29, 0xAB67, 0xB366, 0xAB67, 0x8329, 0x9B28, 0xCBA5, 0x5ACC, 0x8B08, 0x7C74, 0x5B2F, 0x0020,
  0x0000, 0x18E3, 0xB44C, 0x9B26, 0xA368, 0x732C, 0x736D, 0x630D, 0x938B, 0x8BAC, 0x7B4B, 0x8B49,
  0xAB25, 0xC44B, 0x18E3, 0x0000, 0x0000, 0x736D, 0x9BAA, 0x530F, 0x73F1, 0x4B93, 0x734C, 0x9B68,
  0xBBA6, 0x836C, 0x4B94, 0x63D2, 0xBC4B, 0xDC47, 0x632D, 0x0000, 0x0000, 0x31A7, 0x7C95, 0x4BB5,
  0x6436, 0x734D, 0xC385, 0xEC03, 0xE3E3, 0xFC01, 0x7B4C, 0x6436, 0x9D57, 0x8CB5, 0x3186, 0x0000,
  0x0000, 0x0000, 0x31C7, 0x52CB, 0x4ACE, 0xB3EA, 0xEBE2, 0xE3E4, 0xF403, 0xE3C3, 0xD428, 0x42CE,
  0x5AEC, 0x31C7, 0x0000, 0x0000, 0x0000, 0x0000, 0x0000, 0x0000, 0x10A2, 0xAC4D, 0xF3E0, 0xDBE4,
  0xFC22, 0xF3C1, 0xB44D, 0x10A2, 0x0000, 0x0000, 0x0000, 0x0000, 0x0000, 0x0000, 0x0000, 0x0020,
  0x0000, 0x5B2E, 0xDC68, 0xF3E1, 0xEBC1, 0xF487, 0x5B2E, 0x0000, 0x0020, 0x0000, 0x0000, 0x0000,
  0x0000, 0x0000, 0x0000, 0x0000, 0x0000, 0x0020, 0x5AEC, 0x940F, 0x83EF, 0x5AEC, 0x0020, 0x0000,
  0x0000, 0x0000, 0x0000, 0x0000, 0x0000, 0x0000, 0x0000, 0x0000, 0x0000, 0x0000, 0x0000, 0x4ACD,
  0x42AC, 0x0000, 0x0000, 0x0000, 0x0000, 0x0000, 0x0000, 0x0000, 0x0000, 0x0000, 0x0000, 0x0000,
  0x0000, 0x0000, 0x0000, 0x0000, 0x0000, 0x0000, 0x0000, 0x0000, 0x0000, 0x0000, 0x0000, 0x0000,
  0x0000, 0x0000, 0x0000, 0x0000, 0x0000, 0x0000, 0x0000, 0x0000, 0x0000, 0x0000, 0x0000, 0x0000,
  0x0000, 0x0000, 0x0000, 0x0000,
};

static const uint16_t L_NBA_OKC[256] PROGMEM = {
  0x0000, 0x0000, 0x0000, 0x0000, 0x0000, 0x0000, 0x0000, 0x0000, 0x0000, 0x0000, 0x0000, 0x0000,
  0x0000, 0x0000, 0x0000, 0x0000, 0x0000, 0x0000, 0x0000, 0x0000, 0x0000, 0x0000, 0x0000, 0x0000,
  0x0000, 0x0000, 0x0000, 0x0000, 0x0000, 0x0000, 0x0000, 0x0000, 0x0000, 0x0000, 0x0000, 0x0000,
  0x0000, 0x0000, 0x0000, 0x0000, 0x0000, 0x0000, 0x0000, 0x0000, 0x0000, 0x0000, 0x0000, 0x0000,
  0x0000, 0x0000, 0x0000, 0x0000, 0x0000, 0x0000, 0x0023, 0x00C5, 0x00C5, 0x0063, 0x0000, 0x0000,
  0x0000, 0x0000, 0x0000, 0x0000, 0x0000, 0x0000, 0x0000, 0x0042, 0x3A6C, 0x94F2, 0xCD51, 0xCCCF,
  0xE44E, 0xC3EE, 0x83D1, 0x426C, 0x0042, 0x0000, 0x0000, 0x0000, 0x0000, 0x0000, 0x0000, 0x6391,
  0xFF12, 0xE2E4, 0xFA43, 0xBA28, 0xC2EB, 0xBBAF, 0xA3F1, 0x5D7C, 0x6B2F, 0x4840, 0x2860, 0x0000,
  0x0000, 0x0000, 0x0000, 0x19CA, 0xE632, 0xB451, 0xBDD9, 0xC69C, 0xAE5B, 0x859A, 0x9AED, 0x54B9,
  0x32AE, 0x1148, 0x00C4, 0x0000, 0x0000, 0x0000, 0x1020, 0x4040, 0x9D38, 0xA5FA, 0xB61A, 0xB61A,
  0x7C75, 0x8ACD, 0x8B90, 0x64D8, 0x00E6, 0x0062, 0x0000, 0x0000, 0x0000, 0x3060, 0x5881, 0x5966,
  0xDEFC, 0xB5B8, 0x63B2, 0x6A0C, 0x80E5, 0x91A7, 0x959A, 0x2188, 0x0000, 0x0000, 0x0000, 0x0000,
  0x0000, 0x1020, 0x0000, 0x4B0F, 0xAE5C, 0x43D5, 0xC50F, 0xC225, 0x8AAD, 0x85BB, 0x42CE, 0x0000,
  0x0000, 0x0000, 0x0000, 0x0000, 0x0000, 0x0000, 0x0021, 0x0A2E, 0x020E, 0x0064, 0x5AED, 0xC676,
  0x659B, 0x3A8D, 0x0000, 0x0000, 0x0000, 0x0000, 0x0000, 0x0000, 0x0000, 0x0021, 0x0127, 0x00C4,
  0x0000, 0x0000, 0x0000, 0x2147, 0x2966, 0x0000, 0x0000, 0x0000, 0x0000, 0x0000, 0x0000, 0x0000,
  0x0000, 0x0020, 0x0000, 0x0000, 0x0000, 0x0000, 0x0000, 0x0000, 0x0000, 0x0000, 0x0000, 0x0000,
  0x0000, 0x0000, 0x0000, 0x0000, 0x0000, 0x0000, 0x0000, 0x0000, 0x0000, 0x0000, 0x0000, 0x0000,
  0x0000, 0x0000, 0x0000, 0x0000, 0x0000, 0x0000, 0x0000, 0x0000, 0x0000, 0x0000, 0x0000, 0x0000,
  0x0000, 0x0000, 0x0000, 0x0000, 0x0000, 0x0000, 0x0000, 0x0000, 0x0000, 0x0000, 0x0000, 0x0000,
  0x0000, 0x0000, 0x0000, 0x0000, 0x0000, 0x0000, 0x0000, 0x0000, 0x0000, 0x0000, 0x0000, 0x0000,
  0x0000, 0x0000, 0x0000, 0x0000,
};

static const uint16_t L_NBA_ORL[256] PROGMEM = {
  0x0000, 0x0000, 0x0000, 0x0000, 0x0000, 0x0000, 0x0000, 0x0000, 0x0000, 0x0000, 0x0000, 0x0000,
  0x0000, 0x0000, 0x0000, 0x0000, 0x0000, 0x0000, 0x0000, 0x0000, 0x0000, 0x0000, 0x0000, 0x0000,
  0x0000, 0x0000, 0x0000, 0x0000, 0x0000, 0x0000, 0x0000, 0x0000, 0x0000, 0x0000, 0x0000, 0x0000,
  0x0000, 0x0000, 0x0000, 0x0000, 0x0000, 0x0000, 0x0000, 0x0000, 0x0000, 0x0000, 0x0000, 0x0000,
  0x0000, 0x0000, 0x0000, 0x0000, 0x0000, 0x0000, 0x0000, 0x0000, 0x0044, 0x0000, 0x0021, 0x0000,
  0x0000, 0x0000, 0x0000, 0x0000, 0x0000, 0x0000, 0x0000, 0x0021, 0x1969, 0x0041, 0x0063, 0x3A4C,
  0x7C96, 0x5BB3, 0x84F8, 0x9D58, 0x530F, 0x0862, 0x0000, 0x0000, 0x0000, 0x0000, 0x0000, 0x63B2,
  0xAE1B, 0x08C5, 0x0002, 0xBE3C, 0xB65D, 0x6458, 0x3336, 0x5417, 0x8D7B, 0x6C56, 0x0883, 0x0000,
  0x0000, 0x0000, 0x0021, 0x21AA, 0x2147, 0x0000, 0x5B93, 0x7CF9, 0x22D4, 0x4BB6, 0x8519, 0x6437,
  0x7478, 0x853B, 0x7433, 0x0000, 0x0000, 0x0000, 0x0000, 0x0000, 0x1148, 0x8CB5, 0xCEFE, 0x1274,
  0x1274, 0x1254, 0x1274, 0x4BB6, 0x957A, 0x957A, 0x7498, 0x10C3, 0x0000, 0x08A4, 0x5B91, 0x08C5,
  0x2188, 0xF7DF, 0xBE5C, 0x2B15, 0x4BD7, 0x53F7, 0x6458, 0x4BD7, 0x74B8, 0x8D3A, 0x8D5A, 0x2167,
  0x0000, 0x21A9, 0x84F7, 0x0883, 0x1989, 0x1947, 0x7455, 0x22D5, 0x22B4, 0x1AB4, 0x1A94, 0x3B76,
  0x8D5A, 0x955A, 0x7498, 0x18E4, 0x0000, 0x0021, 0x0000, 0x0000, 0x0000, 0x08C6, 0xCEFE, 0x74D9,
  0x1253, 0x3335, 0x74B9, 0x7498, 0x7CD8, 0x8D5B, 0x8495, 0x0000, 0x0000, 0x0000, 0x0000, 0x0000,
  0x0000, 0x198A, 0x5B71, 0xADD9, 0x9DBC, 0x6C78, 0x3B56, 0x3B56, 0x7D1A, 0x74B9, 0x1905, 0x0000,
  0x0000, 0x0000, 0x0000, 0x0000, 0x0000, 0x0063, 0x0000, 0x0042, 0x5B71, 0x6457, 0x7CF9, 0xADFB,
  0x6C34, 0x1905, 0x0000, 0x0000, 0x0000, 0x0000, 0x0000, 0x0000, 0x0000, 0x0000, 0x0000, 0x0000,
  0x0000, 0x0882, 0x1905, 0x0883, 0x0000, 0x0000, 0x0000, 0x0000, 0x0000, 0x0000, 0x0000, 0x0000,
  0x0000, 0x0000, 0x0000, 0x0000, 0x0000, 0x0000, 0x0000, 0x0000, 0x0000, 0x0000, 0x0000, 0x0000,
  0x0000, 0x0000, 0x0000, 0x0000, 0x0000, 0x0000, 0x0000, 0x0000, 0x0000, 0x0000, 0x0000, 0x0000,
  0x0000, 0x0000, 0x0000, 0x0000,
};

static const uint16_t L_NBA_PHI[256] PROGMEM = {
  0x0000, 0x0000, 0x0000, 0x0000, 0x0000, 0x0022, 0x0000, 0x0000, 0x0000, 0x0000, 0x0000, 0x0000,
  0x0000, 0x0000, 0x0000, 0x0000, 0x0000, 0x0000, 0x0000, 0x0063, 0x0063, 0x0043, 0x0084, 0x0021,
  0x0000, 0x0000, 0x0000, 0x0000, 0x0000, 0x0000, 0x0000, 0x0000, 0x0000, 0x0000, 0x0042, 0x0063,
  0x0000, 0x0000, 0x0000, 0x0084, 0x0000, 0x0000, 0x0000, 0x0000, 0x0000, 0x0000, 0x0000, 0x0000,
  0x0000, 0x0000, 0x0064, 0x0000, 0x0000, 0x0000, 0x0000, 0x0042, 0x0042, 0x0000, 0x0000, 0x0000,
  0x0000, 0x0000, 0x0000, 0x0000, 0x0000, 0x0000, 0x0063, 0x0000, 0x0000, 0x0000, 0x0000, 0x0042,
  0x0022, 0x0000, 0x0000, 0x0000, 0x0000, 0x0000, 0x0000, 0x0000, 0x0000, 0x0000, 0x0021, 0x0064,
  0x0000, 0x0000, 0x0021, 0x0084, 0x0021, 0x0000, 0x0000, 0x0021, 0x0000, 0x0000, 0x0000, 0x0000,
  0x0000, 0x2000, 0xA003, 0x2843, 0x0064, 0x0063, 0x0063, 0x5043, 0x5801, 0x00C6, 0x018E, 0x01CF,
  0x01AE, 0x0064, 0x0000, 0x0000, 0x0000, 0x1800, 0xE825, 0xE824, 0xB824, 0xA824, 0xC824, 0xD003,
  0x28E8, 0x0254, 0x0109, 0x00E7, 0x0275, 0x01AE, 0x0000, 0x0000, 0x0000, 0x1800, 0xF025, 0xF845,
  0xF846, 0xE025, 0xC024, 0x7844, 0x01D0, 0x0232, 0x0042, 0x0000, 0x01AF, 0x012A, 0x0000, 0x0000,
  0x0000, 0x0800, 0x7022, 0x8023, 0x5802, 0x6822, 0xC003, 0x2085, 0x0212, 0x01F0, 0x00E8, 0x014B,
  0x0109, 0x0000, 0x0000, 0x0000, 0x0000, 0x0000, 0x0000, 0x0000, 0x3801, 0xF046, 0x5001, 0x00C6,
  0x0232, 0x0211, 0x018D, 0x01CF, 0x0254, 0x014A, 0x0000, 0x0000, 0x0000, 0x0000, 0x0000, 0x3801,
  0xF045, 0xD025, 0x0000, 0x00C6, 0x0232, 0x0212, 0x0042, 0x00A6, 0x0233, 0x01F0, 0x0021, 0x0000,
  0x0000, 0x0000, 0x0800, 0xC024, 0xF845, 0x9023, 0x0000, 0x0084, 0x0212, 0x0211, 0x0042, 0x00A6,
  0x0232, 0x01F0, 0x0021, 0x0000, 0x0000, 0x0000, 0x6802, 0xF825, 0xF825, 0x7822, 0x0000, 0x0000,
  0x01CF, 0x0233, 0x0021, 0x00C6, 0x0254, 0x01AE, 0x0000, 0x0000, 0x0000, 0x0000, 0xA823, 0xC024,
  0xC824, 0x7002, 0x0000, 0x0000, 0x0084, 0x01F0, 0x018D, 0x01CF, 0x01F0, 0x0064, 0x0000, 0x0000,
  0x0000, 0x0000, 0x2000, 0x0000, 0x0000, 0x0800, 0x0000, 0x0000, 0x0000, 0x0021, 0x00C6, 0x00C6,
  0x0021, 0x0000, 0x0000, 0x0000,
};

static const uint16_t L_NBA_PHX[256] PROGMEM = {
  0x0000, 0x0000, 0x0000, 0x0000, 0x0000, 0x0000, 0x0000, 0x0000, 0x0000, 0x0000, 0x0000, 0x0000,
  0x0000, 0x0000, 0x0000, 0x0000, 0x0000, 0x0000, 0x0000, 0x0000, 0x0000, 0x0000, 0x0000, 0x0000,
  0x0000, 0x0000, 0x0000, 0x0000, 0x0000, 0x0000, 0x0000, 0x0000, 0x0000, 0x0000, 0x0000, 0x0000,
  0x0000, 0x0000, 0x0000, 0x51A0, 0x9320, 0x0860, 0x3960, 0xB3A0, 0x0000, 0x0000, 0x0000, 0x0000,
  0x0000, 0x0000, 0x0000, 0x0000, 0x0000, 0x0000, 0x0000, 0x8AE0, 0xED20, 0xBB20, 0xC320, 0xDC40,
  0x7280, 0x9300, 0x0840, 0x0000, 0x0000, 0x0000, 0x0000, 0x0000, 0x0000, 0x30E0, 0x7260, 0xC380,
  0xC241, 0xD262, 0xC241, 0x7121, 0xD3A0, 0xB3A0, 0x0000, 0x0000, 0x0000, 0x0000, 0x0000, 0x0000,
  0x0000, 0x4160, 0xF4E0, 0xFB42, 0xE282, 0xBA41, 0xB241, 0xB221, 0x7941, 0xC340, 0x7280, 0x1040,
  0x0000, 0x0000, 0x0000, 0x0000, 0x0000, 0x51C0, 0xD400, 0x8181, 0xA1E1, 0xD2A2, 0xEAC2, 0xC261,
  0x8161, 0xCB21, 0xB3C0, 0x1040, 0x0000, 0x0000, 0x0000, 0x0000, 0x4980, 0xDC80, 0xBBA0, 0xB222,
  0xFB62, 0xF2E2, 0xAA01, 0xDAA2, 0xBA21, 0xDB01, 0x1080, 0x0000, 0x0000, 0x0000, 0x0840, 0x59C0,
  0xB380, 0xDC40, 0xF4C0, 0xCAE2, 0xBA41, 0x99E1, 0xEAE2, 0xFB22, 0xA9C1, 0xFCE1, 0x6A40, 0x0000,
  0x0000, 0x0020, 0x3100, 0x7260, 0x9B00, 0xCBE0, 0xECE0, 0xB380, 0x79C1, 0xEAC2, 0xFAE2, 0xB1E1,
  0xC2E1, 0x6A60, 0x28C0, 0x0000, 0x0000, 0x0840, 0x3920, 0x6A20, 0x9B20, 0xC3E0, 0xCC00, 0xF500,
  0xEC80, 0xD3A1, 0xD381, 0xC3E0, 0xC3E0, 0x0000, 0x0000, 0x0000, 0x0000, 0x1060, 0x4140, 0x7240,
  0x92E0, 0x92E0, 0xBBC0, 0x8280, 0x20C0, 0x20C0, 0x9300, 0xFE00, 0x6A20, 0x0000, 0x0020, 0x0000,
  0x0000, 0x1880, 0x5180, 0x59E0, 0x51A0, 0x7260, 0x3100, 0x0000, 0x0000, 0x0000, 0x0000, 0x82A0,
  0x28E0, 0x0000, 0x0000, 0x0000, 0x0000, 0x20A0, 0x20C0, 0x1880, 0x3100, 0x0000, 0x0000, 0x0000,
  0x0000, 0x0000, 0x0000, 0x0000, 0x0000, 0x0000, 0x0000, 0x0000, 0x0000, 0x0000, 0x0000, 0x0020,
  0x0000, 0x0000, 0x0000, 0x0000, 0x0000, 0x0000, 0x0000, 0x0000, 0x0000, 0x0000, 0x0000, 0x0000,
  0x0000, 0x0000, 0x0000, 0x0000, 0x0000, 0x0000, 0x0000, 0x0000, 0x0000, 0x0000, 0x0000, 0x0000,
  0x0000, 0x0000, 0x0000, 0x0000,
};

static const uint16_t L_NBA_POR[256] PROGMEM = {
  0x0000, 0x0000, 0x0000, 0x0000, 0x0000, 0x0000, 0x0000, 0x0000, 0x0000, 0x0000, 0x0000, 0x0000,
  0x0000, 0x0000, 0x0000, 0x0000, 0x0000, 0x0000, 0x0000, 0x0000, 0x0000, 0x0000, 0x60A2, 0x68C3,
  0x68A3, 0x68C3, 0x68A3, 0x60C3, 0x78E3, 0x2021, 0x0000, 0x0000, 0x0000, 0x0000, 0x0000, 0x0000,
  0x0000, 0x60A3, 0x88E4, 0x80E3, 0x80E4, 0x80E4, 0x80E4, 0x90C3, 0x4061, 0x0000, 0x0000, 0x0000,
  0x0000, 0x0000, 0x0000, 0x0000, 0x60A3, 0x88E4, 0x78C3, 0x78E3, 0x78E3, 0x78E4, 0x80A2, 0x5965,
  0x0000, 0x0000, 0x0000, 0x0000, 0x0000, 0x0000, 0x0000, 0x5882, 0x88E4, 0x78C3, 0x80E3, 0x78E3,
  0x8104, 0x7861, 0x7A8A, 0xB5F7, 0x52AA, 0x0000, 0x0000, 0x0000, 0x0000, 0x0000, 0x2041, 0x9104,
  0x78C3, 0x80E3, 0x80E3, 0x78E4, 0x7862, 0x7AAA, 0xB5F7, 0x7BCF, 0x8C92, 0x2104, 0x0000, 0x0000,
  0x0000, 0x0000, 0x58A2, 0x80E4, 0x78E3, 0x78E3, 0x78E4, 0x80A3, 0x7AAA, 0xADF7, 0x83EF, 0x7BCF,
  0x8430, 0x5ACB, 0x0000, 0x0000, 0x0000, 0x0000, 0x68C3, 0x80E4, 0x78E3, 0x78C3, 0x8904, 0x2800,
  0x3207, 0x9471, 0x7BCF, 0x7BEF, 0x8410, 0x6B6D, 0x0000, 0x0000, 0x0000, 0x0000, 0x68C3, 0x80E4,
  0x78E3, 0x78C3, 0x9104, 0x3000, 0x29A6, 0x8C51, 0x7BEF, 0x7BEF, 0x8410, 0x6B6D, 0x0000, 0x0000,
  0x0000, 0x0000, 0x58A2, 0x80E4, 0x78C3, 0x8104, 0xA8C3, 0x7A28, 0x8471, 0x7BEF, 0x7BEF, 0x7BEF,
  0x8430, 0x5ACB, 0x0000, 0x0000, 0x0000, 0x0000, 0x2041, 0x88E4, 0x78E4, 0xB0C3, 0x7A28, 0x7C71,
  0x7BEF, 0x8410, 0x8410, 0x7BCF, 0x9492, 0x2124, 0x0000, 0x0000, 0x0000, 0x0000, 0x0000, 0x50A3,
  0xB0C3, 0x7A28, 0x7C71, 0x83EF, 0x8410, 0x8410, 0x7BEF, 0x8C71, 0x5AEB, 0x0000, 0x0000, 0x0000,
  0x0000, 0x0000, 0x0000, 0x0000, 0x59E7, 0x8471, 0x7BCF, 0x7BEF, 0x7BEF, 0x7BEF, 0x8C51, 0x632C,
  0x0000, 0x0000, 0x0000, 0x0000, 0x0000, 0x0000, 0x0000, 0x4208, 0x8CB2, 0x8410, 0x8410, 0x8430,
  0x8410, 0x8C71, 0x6B4D, 0x0000, 0x0000, 0x0000, 0x0000, 0x0000, 0x0000, 0x0000, 0x2124, 0x7BEF,
  0x632C, 0x6B4D, 0x6B4D, 0x6B4D, 0x6B4D, 0x630C, 0x0000, 0x0000, 0x0000, 0x0000, 0x0000, 0x0000,
  0x0000, 0x0000, 0x0020, 0x0000, 0x0000, 0x0000, 0x0000, 0x0000, 0x0000, 0x0000, 0x0000, 0x0000,
  0x0000, 0x0000, 0x0000, 0x0000,
};

static const uint16_t L_NBA_SAC[256] PROGMEM = {
  0x0000, 0x0861, 0x0000, 0x0000, 0x0000, 0x0000, 0x0000, 0x0000, 0x0000, 0x0000, 0x0000, 0x0000,
  0x0000, 0x0000, 0x1082, 0x0000, 0x0000, 0x6B6D, 0x7BCF, 0x0000, 0x9CB3, 0x7BAF, 0x0000, 0x9472,
  0x8410, 0x0000, 0x8410, 0x9472, 0x0000, 0x8430, 0x6B6D, 0x0000, 0x0000, 0x630C, 0xCD7B, 0xB576,
  0x8AB4, 0x9355, 0xC618, 0x8AF4, 0x9335, 0xBDD7, 0x9335, 0x8AD4, 0xBDD7, 0xC53A, 0x630C, 0x0000,
  0x0000, 0x632C, 0x8AB4, 0x71B1, 0x610F, 0xB498, 0x9B75, 0x50AF, 0x6110, 0x7A12, 0x58EF, 0xA437,
  0x9B96, 0x8253, 0x6B4D, 0x0000, 0x0000, 0x632C, 0x92F5, 0x508E, 0x7A52, 0x8B14, 0x58CF, 0x6970,
  0x6970, 0x590F, 0x71F2, 0x9375, 0x508E, 0x92F5, 0x632D, 0x0000, 0x0000, 0x630C, 0xAC18, 0x9354,
  0x9375, 0x82B3, 0xA3F6, 0x9BB5, 0x9B95, 0x9BB5, 0x9B75, 0x82B3, 0x8B14, 0xB458, 0x62EC, 0x0000,
  0x0000, 0x632C, 0xCD7A, 0xBCF8, 0xB4B8, 0xB4D8, 0xB4B8, 0xAC57, 0xB4D8, 0xB498, 0xAC57, 0xB498,
  0xA436, 0xC53A, 0x632C, 0x0000, 0x0000, 0x630C, 0xAC38, 0xA416, 0xB498, 0x9BD6, 0x9B95, 0x9B95,
  0xA416, 0x9B75, 0xC57A, 0xAC77, 0x8AD3, 0xC519, 0x632C, 0x0000, 0x0000, 0x630C, 0x92F5, 0x71F2,
  0xB4D8, 0x7A53, 0x9314, 0xB4B8, 0x7A53, 0x9B95, 0xA3F6, 0xAC57, 0x9BD6, 0x9B56, 0x632C, 0x0000,
  0x0000, 0x5ACB, 0xCD9A, 0xCDDA, 0xBD18, 0xBD18, 0xB4F7, 0xC5B9, 0xBD38, 0xB4B8, 0xA436, 0xCDDA,
  0xB4F8, 0xBCF8, 0x5AEB, 0x0000, 0x0000, 0x31A6, 0xB5B5, 0x636C, 0xB5D6, 0xD6DA, 0xAD75, 0xA554,
  0x8C71, 0x7BEF, 0x8450, 0x8450, 0x73EE, 0xB5B6, 0x31A6, 0x0000, 0x0000, 0x0020, 0xA514, 0xA534,
  0xC638, 0xDEFB, 0xA534, 0xB596, 0xC618, 0xB596, 0x73CF, 0x630C, 0x6B4D, 0xA534, 0x0020, 0x0000,
  0x0000, 0x0000, 0x528A, 0xE75C, 0x52CA, 0xAD55, 0xA534, 0x52CB, 0x73AE, 0xA534, 0xCE79, 0xA514,
  0xC618, 0x4A69, 0x0000, 0x0000, 0x0000, 0x0000, 0x0000, 0x738E, 0xB5B6, 0x738E, 0xC638, 0x9CD3,
  0x5B0C, 0x5AEB, 0x73AE, 0xDEFB, 0x7BCF, 0x0000, 0x0000, 0x0000, 0x0000, 0x0000, 0x0000, 0x0000,
  0x528A, 0xA555, 0xA534, 0xEF5D, 0xD69A, 0xA534, 0xA534, 0x4A49, 0x0000, 0x0000, 0x0000, 0x0000,
  0x0000, 0x0000, 0x0000, 0x0000, 0x0000, 0x0000, 0x31A6, 0x5ACB, 0x5AEB, 0x31A6, 0x0000, 0x0000,
  0x0000, 0x0000, 0x0000, 0x0000,
};

static const uint16_t L_NBA_SA[256] PROGMEM = {
  0x0000, 0x0000, 0x0000, 0x0000, 0x0000, 0x0000, 0x0000, 0x18C3, 0x2945, 0x10A2, 0x0000, 0x0000,
  0x2104, 0x2965, 0x0841, 0x0000, 0x0000, 0x0000, 0x0000, 0x0000, 0x0000, 0x0000, 0x0020, 0x5AEC,
  0x52CB, 0x18E3, 0x0000, 0x18C2, 0x6B8E, 0x3A08, 0x1082, 0x0000, 0x0000, 0x0000, 0x0000, 0x0000,
  0x0000, 0x0000, 0x2104, 0x5B2D, 0x18C3, 0x18E3, 0x0000, 0x39E7, 0x52AB, 0x1082, 0x18C3, 0x0000,
  0x0000, 0x0000, 0x0000, 0x0000, 0x0000, 0x0000, 0x2965, 0x4A8A, 0x0841, 0x2104, 0x0000, 0x4228,
  0x39E7, 0x1082, 0x18C3, 0x0000, 0x0000, 0x0000, 0x0000, 0x0000, 0x0000, 0x0820, 0x73CF, 0x4249,
  0x10A2, 0x0841, 0x18C3, 0x8472, 0x1904, 0x2104, 0x0000, 0x0000, 0x0000, 0x0000, 0x0000, 0x0000,
  0x0000, 0x39C7, 0x7C10, 0x0841, 0x18E3, 0x0000, 0x632D, 0x636E, 0x0861, 0x18E3, 0x0000, 0x0000,
  0x0000, 0x0000, 0x0000, 0x0000, 0x1082, 0x8CD3, 0x73CF, 0x39E7, 0x634D, 0x632C, 0x94F4, 0x10A2,
  0x2124, 0x0000, 0x0000, 0x0000, 0x0000, 0x0000, 0x0000, 0x0000, 0x2945, 0x3A08, 0x4AAA, 0xBE59,
  0x52EC, 0x4A8A, 0x2145, 0x18E3, 0x0841, 0x0000, 0x0000, 0x0000, 0x0000, 0x0000, 0x0000, 0x0020,
  0x4228, 0x18C3, 0x4AAA, 0x636E, 0x0861, 0x18C3, 0x2104, 0x2124, 0x0000, 0x0000, 0x0000, 0x0000,
  0x0000, 0x0000, 0x0000, 0x0000, 0x39C7, 0x39C7, 0x73F0, 0x2945, 0x18C3, 0x0000, 0x0000, 0x0000,
  0x0000, 0x0000, 0x0000, 0x0000, 0x0000, 0x0000, 0x3186, 0x2124, 0x31A6, 0x52CB, 0x31A6, 0x39E7,
  0x39C7, 0x0000, 0x0000, 0x0000, 0x0000, 0x0000, 0x0000, 0x0000, 0x0000, 0x0000, 0x2104, 0x3186,
  0x6BAE, 0xA576, 0x6B8E, 0x2104, 0x0841, 0x0000, 0x0000, 0x0000, 0x0000, 0x0000, 0x0000, 0x0000,
  0x0000, 0x0000, 0x0000, 0x2945, 0x5AEC, 0x8492, 0x52AB, 0x2965, 0x0020, 0x0000, 0x0000, 0x0000,
  0x0000, 0x0000, 0x0000, 0x0000, 0x0000, 0x0000, 0x2124, 0x39E7, 0x2124, 0x3186, 0x20E3, 0x3186,
  0x2945, 0x0000, 0x0000, 0x0000, 0x0000, 0x0000, 0x0000, 0x0000, 0x0000, 0x0000, 0x0020, 0x0000,
  0x0000, 0x4228, 0x0000, 0x0000, 0x0000, 0x0000, 0x0000, 0x0000, 0x0000, 0x0000, 0x0000, 0x0000,
  0x0000, 0x0000, 0x0000, 0x0000, 0x0000, 0x0841, 0x0000, 0x0000, 0x0000, 0x0000, 0x0000, 0x0000,
  0x0000, 0x0000, 0x0000, 0x0000,
};

static const uint16_t L_NBA_TOR[256] PROGMEM = {
  0x0000, 0x0000, 0x0000, 0x0000, 0x0000, 0x1000, 0x4802, 0x5003, 0x3801, 0x0800, 0x0800, 0x0000,
  0x0000, 0x0000, 0x0000, 0x0000, 0x0000, 0x0000, 0x0000, 0x1000, 0x6023, 0xB025, 0xE847, 0xF849,
  0xF848, 0xD046, 0x7824, 0x6023, 0x0800, 0x0000, 0x0000, 0x0000, 0x0000, 0x0000, 0x0000, 0x2801,
  0x2001, 0x0000, 0x0000, 0x3801, 0x7824, 0xC826, 0xE847, 0xB026, 0xC026, 0x1000, 0x0000, 0x0000,
  0x0000, 0x0000, 0x0000, 0x0000, 0x0000, 0x2801, 0x4802, 0x8024, 0x8824, 0x5823, 0x9024, 0xA025,
  0x7824, 0x9024, 0x0800, 0x0000, 0x0000, 0x0000, 0x5002, 0x9024, 0xB826, 0xF048, 0xF848, 0xF848,
  0xF848, 0xF848, 0xE047, 0xD847, 0x8824, 0xF848, 0x8024, 0x0000, 0x0000, 0x8824, 0xF848, 0xF848,
  0xF848, 0xF848, 0xE047, 0xE847, 0xF048, 0xB025, 0xA025, 0xD047, 0xA025, 0x9024, 0xA825, 0x0000,
  0x3001, 0xF848, 0xF848, 0xE847, 0xB826, 0x9025, 0x1800, 0x1801, 0x1800, 0x1800, 0x6823, 0x9825,
  0xB026, 0x8824, 0xC826, 0x2801, 0x5823, 0xE847, 0x7023, 0x2801, 0x0000, 0x0000, 0x0000, 0x1800,
  0x8824, 0xD827, 0xF848, 0xF849, 0xE848, 0x9025, 0xF848, 0x5803, 0x4802, 0x3801, 0x0000, 0x0000,
  0x0000, 0x0000, 0x4002, 0xC846, 0xF849, 0xF848, 0xD047, 0x8024, 0x9825, 0x7023, 0xA025, 0x4802,
  0x0000, 0x0000, 0x0000, 0x1801, 0x9024, 0xC847, 0xF048, 0xF848, 0xE047, 0x6823, 0x2801, 0xB026,
  0xE847, 0xA825, 0xE027, 0x1800, 0x0000, 0x0000, 0x1000, 0xD827, 0xF848, 0xF048, 0xF848, 0xB826,
  0x1801, 0x0000, 0xC846, 0xF848, 0xC846, 0xB025, 0xD827, 0x0800, 0x0000, 0x1801, 0xB826, 0xF848,
  0xE047, 0xF048, 0xE047, 0x1800, 0x0000, 0x5803, 0xF848, 0xF048, 0xA825, 0xE027, 0x6823, 0x0000,
  0x0000, 0x0800, 0xC026, 0xF848, 0xF848, 0xE848, 0x3802, 0x0000, 0x0800, 0xD047, 0xF848, 0xD827,
  0xA825, 0xB826, 0x0000, 0x0000, 0x0000, 0x0000, 0x0000, 0x5002, 0x5002, 0x2001, 0x0000, 0x0000,
  0x4802, 0xF848, 0xF848, 0xA825, 0xA025, 0x1800, 0x0000, 0x0000, 0x0000, 0x0000, 0x0000, 0x0000,
  0x0000, 0x0000, 0x0000, 0x3801, 0xE847, 0xE047, 0x8024, 0x4002, 0x0800, 0x0000, 0x0000, 0x0000,
  0x0000, 0x0000, 0x0000, 0x0000, 0x0000, 0x0000, 0x0000, 0x4802, 0x5803, 0x1800, 0x0000, 0x0000,
  0x0000, 0x0000, 0x0000, 0x0000,
};

static const uint16_t L_NBA_UTAH[256] PROGMEM = {
  0x0000, 0x0000, 0x0000, 0x0000, 0x0000, 0x0000, 0x0000, 0x0000, 0x0000, 0x0000, 0x0000, 0x0000,
  0x0000, 0x0000, 0x0000, 0x0000, 0x0000, 0x0000, 0x0000, 0x0000, 0x0000, 0x0000, 0x0000, 0x0000,
  0x0000, 0x0000, 0x0000, 0x0000, 0x0000, 0x0000, 0x0000, 0x0000, 0x0000, 0x0000, 0x0000, 0x0000,
  0x0000, 0x0000, 0x0000, 0x0000, 0x0000, 0x0021, 0x0001, 0x0021, 0x0021, 0x0001, 0x0021, 0x0000,
  0x0000, 0x0000, 0x0000, 0x0000, 0x0000, 0x0000, 0x0000, 0x0000, 0x30CA, 0x5150, 0x494F, 0x494F,
  0x494F, 0x494F, 0x492F, 0x0822, 0x0000, 0x0000, 0x0000, 0x0000, 0x0000, 0x0000, 0x0000, 0x0822,
  0x5171, 0x5171, 0x5171, 0x5171, 0x5170, 0x5992, 0x30EB, 0x0000, 0x0000, 0x0000, 0x0000, 0x0000,
  0x0000, 0x0000, 0x0000, 0x30CA, 0x5171, 0x4950, 0x4950, 0x4950, 0x4950, 0x4950, 0x0843, 0x0000,
  0x0000, 0x0000, 0x0000, 0x0000, 0x0000, 0x0000, 0x0822, 0x412E, 0x0842, 0x0822, 0x0822, 0x0821,
  0x0822, 0x0821, 0x0000, 0x0000, 0x0000, 0x0000, 0x28C9, 0x28A8, 0x28C9, 0x0000, 0x28C9, 0x28C9,
  0x0000, 0x0000, 0x0000, 0x0000, 0x0000, 0x0000, 0x0000, 0x0000, 0x0001, 0x28C9, 0x4950, 0x410D,
  0x4950, 0x28C9, 0x492E, 0x0821, 0x0000, 0x0000, 0x0000, 0x0000, 0x0000, 0x0000, 0x0000, 0x0000,
  0x1064, 0x412E, 0x28C9, 0x30EA, 0x28C9, 0x412E, 0x28C9, 0x0000, 0x0000, 0x0000, 0x0000, 0x0000,
  0x0000, 0x0000, 0x0000, 0x0000, 0x1064, 0x390D, 0x20A8, 0x28C9, 0x20A8, 0x390D, 0x1043, 0x0000,
  0x0000, 0x0000, 0x0000, 0x0000, 0x0000, 0x0000, 0x0000, 0x0000, 0x0822, 0x390C, 0x412E, 0x410D,
  0x412E, 0x390C, 0x0822, 0x0000, 0x0000, 0x0000, 0x0000, 0x0000, 0x0000, 0x0000, 0x0000, 0x0000,
  0x0000, 0x0822, 0x410D, 0x30EA, 0x390D, 0x0821, 0x0000, 0x0000, 0x0000, 0x0000, 0x0000, 0x0000,
  0x0000, 0x0000, 0x0000, 0x0000, 0x0000, 0x0000, 0x0000, 0x0000, 0x0000, 0x0000, 0x0000, 0x0000,
  0x0000, 0x0000, 0x0000, 0x0000, 0x0000, 0x0000, 0x0000, 0x0000, 0x0000, 0x0000, 0x0000, 0x0000,
  0x0000, 0x0000, 0x0000, 0x0000, 0x0000, 0x0000, 0x0000, 0x0000, 0x0000, 0x0000, 0x0000, 0x0000,
  0x0000, 0x0000, 0x0000, 0x0000, 0x0000, 0x0000, 0x0000, 0x0000, 0x0000, 0x0000, 0x0000, 0x0000,
  0x0000, 0x0000, 0x0000, 0x0000,
};

static const uint16_t L_NBA_WSH[256] PROGMEM = {
  0x0000, 0x0000, 0x0000, 0x0000, 0x0000, 0x0041, 0x31C7, 0x52EB, 0x52EB, 0x31C7, 0x0041, 0x0000,
  0x0000, 0x0000, 0x0000, 0x0000, 0x0000, 0x0000, 0x0000, 0x0000, 0x6BAE, 0xCD76, 0xFE7A, 0xFC73,
  0xFC53, 0xFE7A, 0xCD76, 0x6BAE, 0x0000, 0x0000, 0x0000, 0x0000, 0x0000, 0x0000, 0x08A2, 0xB5D7,
  0xFC53, 0xF989, 0xFB70, 0xF556, 0xF556, 0xFB90, 0xF989, 0xFC53, 0xB5D7, 0x08A2, 0x0000, 0x0000,
  0x0000, 0x0020, 0xB596, 0xFBF2, 0xDACD, 0x8BB2, 0xB5F9, 0xCF1C, 0xCF1C, 0xB5F9, 0x8BB2, 0xDACE,
  0xFBF2, 0xB596, 0x0020, 0x0000, 0x0000, 0x636D, 0xFDF9, 0x9B91, 0x124F, 0x0069, 0x42F0, 0xEF7E,
  0xEF7E, 0x4311, 0x0069, 0x124F, 0x9B91, 0xFDF9, 0x636D, 0x0000, 0x0020, 0xDEBA, 0xAD16, 0x012B,
  0x00EA, 0x092B, 0xB5F9, 0x4B11, 0x4311, 0xB5F9, 0x092B, 0x00EA, 0x012B, 0xA4F6, 0xDEBA, 0x0020,
  0x39C7, 0xEF7E, 0x098C, 0x010B, 0x010B, 0x7C55, 0x322E, 0x4B31, 0x42F0, 0x322E, 0x7C75, 0x010B,
  0x010B, 0x098C, 0xEF7E, 0x39C7, 0x5AEB, 0x9D78, 0x00A9, 0x00EA, 0x7434, 0x42F0, 0x0028, 0x9D78,
  0x8CF6, 0x0028, 0x42D0, 0x7434, 0x010A, 0x00A9, 0x9D58, 0x5AEB, 0x5AEB, 0x84B6, 0x0028, 0x5BB2,
  0x6C34, 0x00AA, 0x00CA, 0xA598, 0x8D16, 0x00EA, 0x00AA, 0x6C14, 0x5BB3, 0x0028, 0x7CB6, 0x5AEB,
  0x39C7, 0x9537, 0x090B, 0xB5F9, 0x094C, 0x014B, 0x00CA, 0xB619, 0x9D57, 0x00CA, 0x014B, 0x014B,
  0xB5F9, 0x092B, 0x9537, 0x39E7, 0x0841, 0xA577, 0x7455, 0x8495, 0x00A9, 0x016C, 0x00EA, 0xC67B,
  0xA5B8, 0x00EA, 0x016C, 0x00A9, 0x7C95, 0x7475, 0xA577, 0x0841, 0x0000, 0x632D, 0xFFDF, 0x42F0,
  0x00EA, 0x014C, 0x010B, 0xD6DC, 0xADF9, 0x010B, 0x014C, 0x00EA, 0x42F0, 0xFFFF, 0x634D, 0x0000,
  0x0000, 0x0000, 0xC638, 0x8CF7, 0x0048, 0x012B, 0x014C, 0xDF1D, 0xB619, 0x014B, 0x012B, 0x0048,
  0x84D7, 0xC638, 0x0000, 0x0000, 0x0000, 0x0000, 0x1082, 0xBDD7, 0x8CF7, 0x116C, 0x010B, 0xE75D,
  0xB639, 0x010A, 0x116C, 0x8CF7, 0xBDF7, 0x1082, 0x0000, 0x0000, 0x0000, 0x0000, 0x0000, 0x0000,
  0x73AE, 0xB5D7, 0xA578, 0xFFFF, 0xDF1D, 0x9D78, 0xB5D7, 0x73AE, 0x0000, 0x0000, 0x0000, 0x0000,
  0x0000, 0x0000, 0x0000, 0x0000, 0x0000, 0x0841, 0x39C7, 0x52AB, 0x52CB, 0x39E7, 0x0841, 0x0000,
  0x0000, 0x0000, 0x0000, 0x0000,
};

static const uint16_t L_MLB_ARI[256] PROGMEM = {
  0x0000, 0x0000, 0x0000, 0x0000, 0x0000, 0x0000, 0x0000, 0x0000, 0x0000, 0x0000, 0x0000, 0x0000,
  0x0000, 0x0000, 0x0000, 0x0000, 0x0000, 0x0000, 0x0000, 0x0000, 0x0000, 0x0000, 0x0000, 0x0000,
  0x0124, 0x0166, 0x0145, 0x0165, 0x00E3, 0x0000, 0x0000, 0x0000, 0x0000, 0x0000, 0x0000, 0x0000,
  0x0000, 0x0000, 0x0000, 0x0061, 0x028A, 0x328B, 0x8926, 0x8126, 0x1249, 0x0000, 0x0000, 0x0000,
  0x0000, 0x0000, 0x0000, 0x0000, 0x0000, 0x0000, 0x0000, 0x026A, 0x11C7, 0x6A0A, 0xD064, 0xD823,
  0x41A8, 0x0061, 0x0000, 0x0000, 0x0000, 0x0000, 0x0000, 0x0000, 0x0000, 0x0000, 0x0145, 0x01E7,
  0x6A4B, 0xD064, 0xB885, 0xD064, 0x6967, 0x0124, 0x0000, 0x0000, 0x0000, 0x0000, 0x0000, 0x0000,
  0x0000, 0x0020, 0x0229, 0x0104, 0x52AC, 0xD864, 0xC085, 0xD064, 0x98E6, 0x01A7, 0x0000, 0x0000,
  0x0000, 0x0000, 0x0000, 0x0000, 0x0000, 0x0208, 0x22ED, 0xA1A9, 0xB885, 0x5967, 0xA884, 0xD085,
  0xB884, 0x09E8, 0x0000, 0x0000, 0x0000, 0x0000, 0x0000, 0x0000, 0x0124, 0x0125, 0x0166, 0xC147,
  0x5105, 0x02AA, 0x7106, 0xD064, 0xC864, 0x29E8, 0x0000, 0x0000, 0x0000, 0x0000, 0x0000, 0x0000,
  0x0208, 0x00E3, 0x4A0A, 0x8968, 0x026A, 0x00E3, 0x49E9, 0xD044, 0xD044, 0x51A8, 0x00E3, 0x0000,
  0x0000, 0x0000, 0x0000, 0x0186, 0x0229, 0x822A, 0xD843, 0x1A4A, 0x62CD, 0x62CD, 0x12EC, 0xC823,
  0xD064, 0x8126, 0x0166, 0x0000, 0x0000, 0x0000, 0x0082, 0x01A7, 0x0061, 0x91C9, 0x78A4, 0x034E,
  0x72AC, 0x5ACC, 0x028A, 0xB084, 0xD065, 0xA8A5, 0x01C7, 0x0000, 0x0000, 0x0000, 0x0229, 0x0020,
  0x0125, 0x524A, 0x126A, 0x0B4E, 0x00E3, 0x0208, 0x032D, 0x80E5, 0xD064, 0xC064, 0x19E8, 0x0000,
  0x0000, 0x0124, 0x0166, 0x31A7, 0xB188, 0x88E5, 0x0208, 0x0000, 0x0000, 0x0000, 0x0229, 0x8106,
  0xD844, 0xD823, 0x4187, 0x0041, 0x0082, 0x03AF, 0x2AAC, 0x81A8, 0x90E6, 0x7126, 0x02AB, 0x0020,
  0x0000, 0x0145, 0x12CC, 0x8106, 0x8147, 0x8906, 0x4209, 0x0186, 0x0082, 0x01C7, 0x0145, 0x0145,
  0x0165, 0x0145, 0x0166, 0x0041, 0x0000, 0x00E3, 0x0166, 0x0145, 0x0145, 0x0145, 0x0166, 0x0082,
  0x0000, 0x0000, 0x0000, 0x0000, 0x0000, 0x0000, 0x0000, 0x0000, 0x0000, 0x0000, 0x0000, 0x0000,
  0x0000, 0x0000, 0x0000, 0x0000,
};

static const uint16_t L_MLB_ATL[256] PROGMEM = {
  0x0000, 0x0000, 0x0000, 0x0000, 0x0000, 0x0000, 0x0000, 0x0000, 0x0000, 0x0000, 0x0000, 0x0000,
  0x0000, 0x0000, 0x0000, 0x0000, 0x0000, 0x0000, 0x0000, 0x0000, 0x0000, 0x0000, 0x0000, 0x0000,
  0x0000, 0x0000, 0x0000, 0x0021, 0x2885, 0x0863, 0x0000, 0x0000, 0x0000, 0x0000, 0x0000, 0x0000,
  0x0000, 0x0000, 0x0000, 0x0000, 0x0000, 0x0000, 0x0063, 0x9066, 0x8866, 0x0021, 0x0000, 0x0000,
  0x0000, 0x0000, 0x0000, 0x0000, 0x0000, 0x0000, 0x0000, 0x0000, 0x0000, 0x0863, 0xA866, 0xE825,
  0x1064, 0x0000, 0x0000, 0x0000, 0x0000, 0x0000, 0x0000, 0x0000, 0x0000, 0x0000, 0x0000, 0x0000,
  0x0063, 0xA066, 0xF804, 0x8066, 0x0021, 0x0000, 0x0000, 0x0000, 0x0000, 0x0000, 0x0000, 0x0000,
  0x0000, 0x0000, 0x0000, 0x0021, 0x7866, 0xD825, 0xD825, 0x4065, 0x0000, 0x0000, 0x0000, 0x0000,
  0x0000, 0x0000, 0x0000, 0x0000, 0x0000, 0x0000, 0x0000, 0x3085, 0xD046, 0x50A6, 0xD046, 0x1043,
  0x0843, 0x30A6, 0x0000, 0x0000, 0x0000, 0x0000, 0x0000, 0x0000, 0x0000, 0x0000, 0x0042, 0xB846,
  0x6865, 0x2885, 0xC846, 0x0083, 0x5865, 0x8066, 0x0020, 0x0000, 0x0000, 0x0000, 0x0000, 0x0000,
  0x0000, 0x0000, 0x4065, 0xC846, 0x0084, 0x3064, 0xB846, 0x6886, 0xD826, 0x3085, 0x0000, 0x0000,
  0x0000, 0x0000, 0x0000, 0x0000, 0x0000, 0x0884, 0xB846, 0xC025, 0x8866, 0xB846, 0xD805, 0xB846,
  0x4085, 0x0020, 0x0000, 0x0000, 0x0000, 0x0000, 0x0000, 0x0021, 0x4865, 0xC846, 0xD825, 0x9066,
  0x7065, 0x5085, 0xC046, 0x1885, 0x0000, 0x0000, 0x0042, 0x0000, 0x0021, 0x18A6, 0x0000, 0x1864,
  0x9087, 0xE005, 0x7066, 0x0042, 0x0000, 0x0041, 0xA066, 0x6865, 0x0000, 0x0822, 0x58A7, 0x0021,
  0x0043, 0xA067, 0x3064, 0x08A5, 0x8066, 0xC846, 0x0864, 0x0000, 0x0000, 0x0000, 0x3885, 0xD846,
  0x1884, 0x1864, 0xB046, 0x0043, 0x0021, 0x7066, 0xE826, 0xD025, 0xE026, 0x3885, 0x0000, 0x0000,
  0x0000, 0x0000, 0x0041, 0x7886, 0xD826, 0xD826, 0x8066, 0x0021, 0x0000, 0x0042, 0x3865, 0x6865,
  0x2084, 0x0020, 0x0000, 0x0000, 0x0000, 0x0000, 0x0000, 0x0042, 0x3865, 0x4865, 0x0042, 0x0000,
  0x0000, 0x0000, 0x0000, 0x0000, 0x0000, 0x0000, 0x0000, 0x0000, 0x0000, 0x0000, 0x0000, 0x0000,
  0x0000, 0x0000, 0x0000, 0x0000,
};

static const uint16_t L_MLB_BAL[256] PROGMEM = {
  0x0000, 0x0000, 0x0000, 0x0000, 0x0000, 0x0000, 0x0000, 0x0000, 0x0000, 0x0000, 0x0000, 0x0000,
  0x0000, 0x0000, 0x0000, 0x0000, 0x0000, 0x0000, 0x0000, 0x3880, 0xC9A0, 0xC1A0, 0x9140, 0x50C0,
  0x0000, 0x0000, 0x0000, 0x0000, 0x0020, 0x1860, 0x0820, 0x0000, 0x0000, 0x0000, 0x2860, 0xE9E0,
  0x7100, 0x3880, 0x8120, 0xB980, 0xB180, 0x58E0, 0x8120, 0xA160, 0xB980, 0xB980, 0xC9A0, 0x2860,
  0x0000, 0x1020, 0xE1C0, 0x48A0, 0x0000, 0x0000, 0x50C0, 0x1840, 0x70E0, 0xB180, 0xB180, 0xA980,
  0x58C0, 0x2040, 0xB980, 0x58E0, 0x0000, 0x60E0, 0xA140, 0x0000, 0x0000, 0x0000, 0x40A0, 0x9960,
  0xC180, 0xE9E0, 0xC1A0, 0x50A0, 0x50C0, 0xB9A0, 0xA960, 0x0800, 0x0000, 0x6900, 0x8100, 0x0000,
  0x0000, 0x0000, 0x4060, 0xA920, 0xCA63, 0x7920, 0x78E0, 0x9940, 0xB180, 0x60E0, 0x0000, 0x0000,
  0x0000, 0x3060, 0xDA01, 0x3165, 0x0861, 0x0000, 0x2966, 0x4AAB, 0x8CD3, 0x94B2, 0xD160, 0x5920,
  0x2060, 0x0000, 0x0000, 0x0000, 0x0000, 0x9940, 0x9160, 0x10A2, 0x0000, 0x0000, 0x3186, 0xD679,
  0x5AEC, 0x9535, 0x8900, 0xD1E0, 0xC1A0, 0xE1E0, 0x50A0, 0x0000, 0x40A0, 0xEA00, 0x0000, 0x0000,
  0x0000, 0x1840, 0x0000, 0x636E, 0x7247, 0xA9C2, 0xD9E0, 0xB180, 0xB980, 0xC1A0, 0x48A0, 0x0000,
  0x3880, 0xE1E0, 0x2840, 0x0000, 0x50A0, 0x8920, 0xC1A0, 0xC9C0, 0xF9E0, 0xFA40, 0xC9A0, 0xD1C0,
  0x9160, 0x0000, 0x0000, 0x0000, 0x0000, 0xB980, 0x3860, 0x0000, 0xA140, 0x70E0, 0xB980, 0xD9E0,
  0xC9C0, 0xA980, 0xB9A0, 0xF220, 0x1820, 0x0000, 0x0000, 0x0000, 0x0000, 0x8120, 0x8920, 0x0000,
  0x7900, 0xFA40, 0xD9C0, 0xB980, 0xC1A0, 0xE9E0, 0xFA40, 0xC9A0, 0x0000, 0x0000, 0x0000, 0x0000,
  0x0000, 0x1840, 0xE1E0, 0x3880, 0x0000, 0x9940, 0xFA20, 0xFA40, 0xFA20, 0xE1E0, 0xFA40, 0x70E0,
  0x0000, 0x0000, 0x0000, 0x0000, 0x0000, 0x0000, 0x3880, 0xD9E0, 0x7920, 0x2040, 0x4080, 0x7100,
  0x8920, 0xC9C0, 0xA960, 0x0000, 0x0000, 0x0000, 0x0000, 0x0000, 0x0000, 0x0000, 0x0000, 0x1020,
  0x7920, 0xB980, 0xB180, 0xA960, 0xA960, 0x58C0, 0x0000, 0x0000, 0x0000, 0x0000, 0x0000, 0x0000,
  0x0000, 0x0000, 0x0000, 0x0000, 0x0000, 0x0000, 0x0820, 0x0020, 0x0000, 0x0000, 0x0000, 0x0000,
  0x0000, 0x0000, 0x0000, 0x0000,
};

static const uint16_t L_MLB_BOS[256] PROGMEM = {
  0x0000, 0x0000, 0x0000, 0x0000, 0x0063, 0x0042, 0x0000, 0x0042, 0x0064, 0x0042, 0x0000, 0x0000,
  0x0000, 0x0000, 0x0000, 0x0000, 0x0000, 0x0000, 0x0000, 0x38E7, 0xC188, 0x9147, 0x4107, 0xA148,
  0xC967, 0xA148, 0x20C6, 0x0000, 0x0000, 0x0000, 0x0000, 0x0000, 0x0000, 0x0000, 0x0042, 0x2908,
  0x6107, 0xD967, 0xE967, 0xB147, 0x7927, 0xC167, 0xD188, 0x10A5, 0x0000, 0x0000, 0x0000, 0x0000,
  0x0000, 0x0000, 0x0000, 0x0000, 0x0001, 0x7927, 0xC967, 0x0085, 0x0001, 0x0085, 0xD167, 0x6927,
  0x0000, 0x0000, 0x0000, 0x0000, 0x0000, 0x0000, 0x0000, 0x0000, 0x0000, 0x6927, 0xB968, 0x0043,
  0x0000, 0x0063, 0xB168, 0xD167, 0x18C6, 0x0000, 0x0000, 0x0000, 0x0000, 0x0000, 0x0000, 0x0000,
  0x0000, 0x6927, 0xB968, 0x0042, 0x0000, 0x0063, 0xA968, 0xE967, 0x28E7, 0x0000, 0x0000, 0x0000,
  0x0000, 0x0000, 0x0000, 0x0000, 0x0000, 0x6927, 0xC967, 0x0085, 0x0021, 0x08A5, 0xC967, 0xB168,
  0x0043, 0x0000, 0x0000, 0x0000, 0x0000, 0x0000, 0x0000, 0x0000, 0x10A6, 0xC167, 0xE166, 0xB967,
  0x9147, 0xC167, 0xE167, 0x30E7, 0x0000, 0x0000, 0x0000, 0x0000, 0x0000, 0x0000, 0x0000, 0x0000,
  0x10A6, 0xC167, 0xE166, 0xB967, 0x9147, 0xC167, 0xE167, 0x30E7, 0x0000, 0x0000, 0x0000, 0x0000,
  0x0000, 0x0000, 0x0000, 0x0000, 0x0000, 0x6927, 0xC967, 0x0085, 0x0021, 0x08A5, 0xC967, 0xB168,
  0x0043, 0x0000, 0x0000, 0x0000, 0x0000, 0x0000, 0x0000, 0x0000, 0x0000, 0x6927, 0xB968, 0x0042,
  0x0000, 0x0063, 0xA968, 0xE967, 0x28E7, 0x0000, 0x0000, 0x0000, 0x0000, 0x0000, 0x0000, 0x0000,
  0x0000, 0x6927, 0xB968, 0x0043, 0x0000, 0x0063, 0xB168, 0xD167, 0x18C6, 0x0000, 0x0000, 0x0000,
  0x0000, 0x0000, 0x0000, 0x0000, 0x0001, 0x7927, 0xC967, 0x0085, 0x0001, 0x0085, 0xC967, 0x6927,
  0x0000, 0x0000, 0x0000, 0x0000, 0x0000, 0x0000, 0x0042, 0x2908, 0x6107, 0xD967, 0xE967, 0xB147,
  0x7927, 0xC167, 0xD188, 0x10A5, 0x0000, 0x0000, 0x0000, 0x0000, 0x0000, 0x0000, 0x0000, 0x38E7,
  0xC188, 0x9147, 0x4107, 0xA148, 0xC967, 0xA148, 0x20C6, 0x0000, 0x0000, 0x0000, 0x0000, 0x0000,
  0x0000, 0x0000, 0x0000, 0x0000, 0x0063, 0x0042, 0x0000, 0x0043, 0x0064, 0x0042, 0x0000, 0x0000,
  0x0000, 0x0000, 0x0000, 0x0000,
};

static const uint16_t L_MLB_CHC[256] PROGMEM = {
  0x0000, 0x0000, 0x0000, 0x0000, 0x0000, 0x0841, 0x39C7, 0x5ACB, 0x5ACB, 0x39C7, 0x0841, 0x0000,
  0x0000, 0x0000, 0x0000, 0x0000, 0x0000, 0x0000, 0x0000, 0x0020, 0x6B6E, 0x7435, 0x4B34, 0x2A93,
  0x2A93, 0x4B34, 0x7435, 0x6B6E, 0x0020, 0x0000, 0x0000, 0x0000, 0x0000, 0x0000, 0x10A2, 0x84B5,
  0x32D5, 0x00AF, 0x0171, 0x1274, 0x1274, 0x0171, 0x00AF, 0x32D5, 0x8CB5, 0x10A2, 0x0000, 0x0000,
  0x0000, 0x0020, 0x8CB5, 0x11F3, 0x00F0, 0x74B8, 0xD577, 0xF4F3, 0xF4F3, 0xD577, 0x74B8, 0x0110,
  0x11F3, 0x8CB5, 0x0020, 0x0000, 0x0000, 0x6B6D, 0x32D5, 0x00EF, 0xADBA, 0xFC2F, 0xF103, 0xE8A2,
  0xE8A2, 0xF103, 0xFC2F, 0xAD38, 0x00EF, 0x32D5, 0x6B6E, 0x0000, 0x0841, 0x7455, 0x00AF, 0x6C98,
  0xFC2F, 0xE061, 0xEB2C, 0xFDD7, 0xFDF7, 0xEB2C, 0xE082, 0xFEB9, 0x6CD9, 0x00AF, 0x7C55, 0x0841,
  0x39C7, 0x4B75, 0x0171, 0xD5B8, 0xF124, 0xEACB, 0xFEFB, 0xFF5D, 0xFF3C, 0xFE59, 0xF575, 0xFE9A,
  0xDE7B, 0x0130, 0x4B75, 0x39E7, 0x5AEB, 0x32B4, 0x0A53, 0xF514, 0xE8C3, 0xF534, 0xF3AE, 0xF32C,
  0xF289, 0xEA08, 0xF410, 0xF207, 0xF555, 0x0A33, 0x32B4, 0x5AEB, 0x5AEB, 0x32B4, 0x0A53, 0xF514,
  0xE8C2, 0xF555, 0xF34D, 0xF2AA, 0xF2EB, 0xEA08, 0xF492, 0xF228, 0xECB3, 0x0A53, 0x32B4, 0x5AEB,
  0x39C7, 0x5375, 0x0151, 0xD5B8, 0xF144, 0xEACB, 0xFEDB, 0xFF5D, 0xFF9E, 0xFE79, 0xF575, 0xFEBA,
  0xD69B, 0x0110, 0x5396, 0x39E7, 0x0841, 0x7C76, 0x00CF, 0x6478, 0xFC70, 0xE061, 0xEAEB, 0xF596,
  0xF575, 0xEACB, 0xE0A2, 0xFEDA, 0x6498, 0x00AF, 0x7C76, 0x0841, 0x0000, 0x6B6E, 0x3315, 0x00CF,
  0xA57A, 0xFC70, 0xF144, 0xE8A2, 0xE8A2, 0xF144, 0xFC70, 0xA518, 0x00CF, 0x3B16, 0x738E, 0x0000,
  0x0000, 0x0020, 0x94D5, 0x1A13, 0x00CF, 0x6458, 0xCD98, 0xED14, 0xED14, 0xCD98, 0x6478, 0x00EF,
  0x1A13, 0x94D5, 0x0020, 0x0000, 0x0000, 0x0000, 0x10A2, 0x94F6, 0x4315, 0x00CF, 0x0151, 0x0A33,
  0x0A33, 0x0131, 0x00CF, 0x4315, 0x94F6, 0x10A2, 0x0000, 0x0000, 0x0000, 0x0000, 0x0000, 0x0020,
  0x73AE, 0x8496, 0x5395, 0x3AD4, 0x3AD4, 0x5395, 0x8496, 0x73AE, 0x0020, 0x0000, 0x0000, 0x0000,
  0x0000, 0x0000, 0x0000, 0x0000, 0x0000, 0x0841, 0x39C7, 0x5AEB, 0x5AEB, 0x39E7, 0x0841, 0x0000,
  0x0000, 0x0000, 0x0000, 0x0000,
};

static const uint16_t L_MLB_CHW[256] PROGMEM = {
  0x0000, 0x0000, 0x0000, 0x0000, 0x0000, 0x18E3, 0x5ACB, 0x4A49, 0x1082, 0x0000, 0x0000, 0x0000,
  0x0000, 0x0000, 0x0000, 0x0000, 0x0000, 0x0000, 0x0000, 0x0000, 0x52AA, 0x8C71, 0x630C, 0x7BEF,
  0x73AE, 0x9472, 0x632C, 0x0000, 0x0000, 0x0000, 0x0000, 0x0000, 0x0000, 0x0000, 0x0000, 0x2124,
  0xBDD7, 0x39A6, 0x94B2, 0x632C, 0x5ACB, 0x528A, 0x8C92, 0x0000, 0x0000, 0x0000, 0x0000, 0x0000,
  0x0000, 0x0000, 0x0000, 0x630C, 0x9CB2, 0x2924, 0x73AE, 0x632C, 0x9CD3, 0x8C51, 0x0000, 0x0000,
  0x0000, 0x0000, 0x0000, 0x0000, 0x0000, 0x0000, 0x0000, 0x632C, 0x62EC, 0x73AE, 0x3186, 0x39C7,
  0x8430, 0x738E, 0x0020, 0x0000, 0x0000, 0x0000, 0x0000, 0x0000, 0x0000, 0x0000, 0x0000, 0x2965,
  0x8C51, 0x39A7, 0x738E, 0x6B6D, 0x18C3, 0x5AAB, 0x8C51, 0x0000, 0x0000, 0x0000, 0x0000, 0x0000,
  0x0000, 0x0000, 0x0000, 0x0000, 0x39C7, 0x8410, 0x4A49, 0x83EF, 0xDEFB, 0x2924, 0x7BCF, 0x0861,
  0x0000, 0x0000, 0x0000, 0x0000, 0x0000, 0x0000, 0x0000, 0x0000, 0x1082, 0x4A49, 0xA534, 0x7BEF,
  0x4A69, 0x3186, 0x9492, 0x2965, 0x0000, 0x0000, 0x0000, 0x0000, 0x0000, 0x0000, 0x0000, 0x52AB,
  0x8431, 0x5ACB, 0x4208, 0x2925, 0x5ACB, 0x2924, 0x8410, 0x3186, 0x10A2, 0x0000, 0x0000, 0x0000,
  0x0000, 0x0000, 0x39C7, 0xBDF7, 0x738E, 0x73AE, 0x630C, 0x2945, 0x738E, 0x5AAA, 0x6B6D, 0x9CF3,
  0x94B2, 0x2124, 0x0000, 0x0000, 0x0000, 0x0000, 0x2124, 0x5ACB, 0x0020, 0x0000, 0x9CF3, 0x39C7,
  0x736D, 0x0841, 0x7BCF, 0x6B2C, 0x83F0, 0x5AEB, 0x0000, 0x0020, 0x0000, 0x0000, 0x0000, 0x0000,
  0x0000, 0x0000, 0x5AEB, 0x7BEF, 0x39C7, 0x4208, 0x39C7, 0x630C, 0x738E, 0x18C3, 0x0000, 0x0000,
  0x0000, 0x0000, 0x0000, 0x0000, 0x0000, 0x0000, 0x0000, 0x4A49, 0xEF7E, 0x94B2, 0x0841, 0xA555,
  0x73AE, 0x0841, 0x0000, 0x0000, 0x0000, 0x0000, 0x0000, 0x0000, 0x0000, 0x0000, 0x0000, 0x52AA,
  0x73AE, 0x4208, 0x94B2, 0x3165, 0xAD75, 0x2104, 0x0000, 0x0000, 0x0000, 0x0000, 0x0000, 0x0000,
  0x0000, 0x0000, 0x0000, 0x2124, 0x8C51, 0x8410, 0x528A, 0x8430, 0x7BCF, 0x0841, 0x0000, 0x0000,
  0x0000, 0x0000, 0x0000, 0x0000, 0x0000, 0x0000, 0x0000, 0x0000, 0x2124, 0x18E3, 0x0000, 0x4228,
  0x0020, 0x0000, 0x0000, 0x0000,
};

static const uint16_t L_MLB_CIN[256] PROGMEM = {
  0x0000, 0x0000, 0x0000, 0x0000, 0x0000, 0x0000, 0x0000, 0x0000, 0x0000, 0x0000, 0x0000, 0x0000,
  0x0000, 0x0000, 0x0000, 0x0000, 0x0000, 0x0000, 0x0000, 0x0000, 0x0000, 0x0000, 0x0000, 0x0000,
  0x0000, 0x0000, 0x0000, 0x0000, 0x0000, 0x0000, 0x0000, 0x0000, 0x0000, 0x0000, 0x0000, 0x0000,
  0x0000, 0x0000, 0x0000, 0x1800, 0x2800, 0x2000, 0x0800, 0x0000, 0x0000, 0x0000, 0x0000, 0x0000,
  0x0000, 0x0000, 0x0000, 0x0000, 0x0800, 0x6801, 0xC002, 0xF003, 0xF803, 0xF803, 0xE003, 0xA802,
  0x4801, 0x0000, 0x0000, 0x0000, 0x0000, 0x0000, 0x0000, 0x2800, 0xC002, 0xF803, 0xE003, 0xA002,
  0x7801, 0x8001, 0xA802, 0xE803, 0xF803, 0xA002, 0x0800, 0x0000, 0x0000, 0x0000, 0x2800, 0xD802,
  0xF803, 0xA002, 0x1800, 0x0000, 0x0000, 0x0000, 0x0000, 0x1800, 0xA002, 0xF803, 0xA802, 0x0800,
  0x0000, 0x1800, 0xD002, 0xF803, 0xB802, 0x0000, 0x0000, 0x0000, 0x0000, 0x0000, 0x0000, 0x0000,
  0x0000, 0x2800, 0x3000, 0x0800, 0x1800, 0xC802, 0xE803, 0xF003, 0x6801, 0x0000, 0x0000, 0x0000,
  0x0000, 0x0000, 0x0000, 0x0000, 0x0000, 0x0000, 0x0000, 0x0000, 0x0800, 0x7001, 0xF003, 0xF003,
  0x7801, 0x0000, 0x0000, 0x0000, 0x0000, 0x0000, 0x0000, 0x0000, 0x0000, 0x0000, 0x0000, 0x0000,
  0x0000, 0x0000, 0x7801, 0xF803, 0xD803, 0x2000, 0x0000, 0x0000, 0x0000, 0x0000, 0x0000, 0x0000,
  0x2000, 0x5801, 0x5001, 0x0000, 0x0000, 0x0000, 0x0000, 0x8001, 0xF803, 0xD803, 0x6001, 0x1800,
  0x0000, 0x0800, 0x2800, 0x7801, 0xE003, 0xF803, 0x7801, 0x0000, 0x0000, 0x0000, 0x0000, 0x0000,
  0x6801, 0xE803, 0xF803, 0xE803, 0xD002, 0xD802, 0xF003, 0xF803, 0xD803, 0x5001, 0x0000, 0x0000,
  0x0000, 0x0000, 0x0000, 0x0000, 0x0000, 0x2000, 0x7001, 0xA802, 0xC002, 0xB802, 0x9802, 0x5801,
  0x1000, 0x0000, 0x0000, 0x0000, 0x0000, 0x0000, 0x0000, 0x0000, 0x0000, 0x0000, 0x0000, 0x0000,
  0x0000, 0x0000, 0x0000, 0x0000, 0x0000, 0x0000, 0x0000, 0x0000, 0x0000, 0x0000, 0x0000, 0x0000,
  0x0000, 0x0000, 0x0000, 0x0000, 0x0000, 0x0000, 0x0000, 0x0000, 0x0000, 0x0000, 0x0000, 0x0000,
  0x0000, 0x0000, 0x0000, 0x0000, 0x0000, 0x0000, 0x0000, 0x0000, 0x0000, 0x0000, 0x0000, 0x0000,
  0x0000, 0x0000, 0x0000, 0x0000,
};

static const uint16_t L_MLB_CLE[256] PROGMEM = {
  0x0000, 0x0000, 0x0000, 0x0000, 0x0000, 0x0000, 0x0000, 0x0042, 0x0042, 0x0000, 0x0000, 0x0021,
  0x0000, 0x0000, 0x0000, 0x0000, 0x0000, 0x0000, 0x0000, 0x0000, 0x0000, 0x0063, 0x40C7, 0xA8C8,
  0xA0C8, 0x28A7, 0x58C7, 0x88C8, 0x18A6, 0x0000, 0x0000, 0x0000, 0x0000, 0x0000, 0x0000, 0x0843,
  0x58C7, 0xC8C8, 0xF886, 0xF886, 0xF886, 0xF887, 0xF886, 0xF8A7, 0x28A5, 0x0000, 0x0000, 0x0000,
  0x0000, 0x0000, 0x0000, 0x1885, 0xF8A7, 0xF866, 0xB0A7, 0x48A7, 0x48A7, 0xB0A7, 0xF886, 0xE0A7,
  0x0864, 0x0000, 0x0000, 0x0000, 0x0000, 0x0000, 0x0000, 0x0064, 0xE0A7, 0xF8A7, 0x10A6, 0x0000,
  0x0000, 0x20A6, 0xF886, 0xC8A7, 0x0043, 0x0000, 0x0000, 0x0000, 0x0000, 0x0000, 0x0000, 0x0063,
  0xD0A7, 0xF8A7, 0x1884, 0x0000, 0x0000, 0x28A6, 0xE8C8, 0x90E8, 0x0021, 0x0000, 0x0000, 0x0000,
  0x0000, 0x0000, 0x0000, 0x0043, 0xD0A7, 0xF8A7, 0x1085, 0x0000, 0x0000, 0x0043, 0x1085, 0x0063,
  0x0000, 0x0000, 0x0000, 0x0000, 0x0000, 0x0000, 0x0000, 0x0043, 0xC8A7, 0xF8A7, 0x1084, 0x0000,
  0x0000, 0x0000, 0x0000, 0x0000, 0x0000, 0x0000, 0x0000, 0x0000, 0x0000, 0x0000, 0x0000, 0x0043,
  0xD0A7, 0xF8A7, 0x1084, 0x0000, 0x0000, 0x0000, 0x0000, 0x0000, 0x0000, 0x0000, 0x0000, 0x0000,
  0x0000, 0x0000, 0x0000, 0x0063, 0xD8A7, 0xF8A7, 0x1084, 0x0000, 0x0000, 0x0000, 0x0042, 0x0042,
  0x0000, 0x0000, 0x0000, 0x0000, 0x0000, 0x0000, 0x0000, 0x0064, 0xE0A7, 0xF0A7, 0x1064, 0x0000,
  0x0000, 0x1885, 0xB8C8, 0x88E8, 0x0022, 0x0000, 0x0000, 0x0000, 0x0000, 0x0000, 0x0000, 0x1084,
  0xE8A7, 0xF0A7, 0x0085, 0x0000, 0x0000, 0x10A6, 0xF886, 0xD8A7, 0x0063, 0x0000, 0x0000, 0x0000,
  0x0000, 0x0000, 0x0000, 0x30A6, 0xF8A7, 0xF066, 0xA0C7, 0x48C7, 0x50A7, 0xA0C7, 0xF066, 0xF8A7,
  0x18A5, 0x0000, 0x0000, 0x0000, 0x0000, 0x0000, 0x0000, 0x1084, 0x88C8, 0xE8A7, 0xF886, 0xF886,
  0xF886, 0xF886, 0xD8A8, 0x78C8, 0x0864, 0x0000, 0x0000, 0x0000, 0x0000, 0x0000, 0x0000, 0x0000,
  0x0021, 0x1085, 0x58C7, 0xB8C8, 0xA8C8, 0x48A7, 0x0864, 0x0020, 0x0000, 0x0000, 0x0000, 0x0000,
  0x0000, 0x0000, 0x0000, 0x0000, 0x0000, 0x0000, 0x0000, 0x0063, 0x0042, 0x0000, 0x0000, 0x0000,
  0x0000, 0x0000, 0x0000, 0x0000,
};

static const uint16_t L_MLB_COL[256] PROGMEM = {
  0x0000, 0x0000, 0x0000, 0x0000, 0x0000, 0x0000, 0x0000, 0x0000, 0x0000, 0x0000, 0x0000, 0x0000,
  0x0000, 0x0000, 0x0000, 0x0000, 0x0000, 0x0000, 0x0000, 0x0000, 0x10A2, 0x0000, 0x0000, 0x0000,
  0x0000, 0x0000, 0x0000, 0x0000, 0x0000, 0x0000, 0x0000, 0x0000, 0x0000, 0x0000, 0x0000, 0x5AEC,
  0x31A7, 0x0000, 0x0000, 0x0000, 0x0000, 0x0000, 0x0000, 0x0000, 0x0000, 0x0000, 0x0000, 0x0000,
  0x0000, 0x0000, 0x2966, 0x9D35, 0x0000, 0x0000, 0x0000, 0x0000, 0x0000, 0x0000, 0x0000, 0x0000,
  0x0000, 0x0000, 0x0000, 0x0000, 0x0000, 0x0000, 0x73CF, 0x7C31, 0x0000, 0x0000, 0x0000, 0x0000,
  0x0000, 0x0000, 0x0000, 0x0000, 0x0000, 0x0000, 0x0000, 0x0000, 0x0000, 0x0000, 0x8C93, 0x6BAF,
  0x0000, 0x0000, 0x0000, 0x0000, 0x0000, 0x0000, 0x0000, 0x0000, 0x0000, 0x0000, 0x0000, 0x0000,
  0x0000, 0x0000, 0x7C31, 0x7C31, 0x0000, 0x0000, 0x0861, 0x31C7, 0x0000, 0x0000, 0x10A2, 0x0861,
  0x0000, 0x0000, 0x0000, 0x0000, 0x0000, 0x0000, 0x4228, 0xA597, 0x0000, 0x0000, 0x2986, 0xADD8,
  0x0000, 0x0000, 0x18E3, 0x9D15, 0x10A2, 0x0000, 0x0000, 0x0000, 0x0000, 0x0000, 0x0000, 0x7C31,
  0x39E7, 0x0000, 0x2986, 0xA576, 0x0000, 0x0000, 0x0000, 0xB5F8, 0x52AB, 0x0000, 0x0000, 0x0000,
  0x0000, 0x0000, 0x0000, 0x0000, 0x1904, 0x0000, 0x2966, 0xA596, 0x0000, 0x0000, 0x1082, 0xADB7,
  0x2145, 0x0000, 0x0000, 0x0000, 0x0000, 0x0000, 0x0000, 0x0000, 0x0000, 0x0000, 0x2966, 0xA596,
  0x0000, 0x0000, 0x1082, 0x2945, 0x0000, 0x0000, 0x0000, 0x0000, 0x0000, 0x0000, 0x0000, 0x0000,
  0x0000, 0x0000, 0x2986, 0xA597, 0x0000, 0x2965, 0x8451, 0x0000, 0x0000, 0x0000, 0x0000, 0x0000,
  0x0000, 0x0000, 0x0000, 0x0000, 0x0000, 0x0000, 0x2966, 0xA576, 0x0000, 0x0861, 0xBE59, 0x7C10,
  0x0000, 0x0000, 0x0000, 0x0000, 0x0000, 0x0000, 0x0000, 0x0000, 0x0000, 0x0000, 0x2986, 0xB5F8,
  0x0000, 0x0000, 0x31A6, 0xD71D, 0x2145, 0x0000, 0x0000, 0x0000, 0x0000, 0x0000, 0x0000, 0x0000,
  0x0000, 0x0000, 0x18E4, 0x6BAE, 0x0000, 0x0000, 0x0000, 0x6B8E, 0x52CB, 0x0000, 0x0000, 0x0000,
  0x0000, 0x0000, 0x0000, 0x0000, 0x0000, 0x0000, 0x0000, 0x0000, 0x0000, 0x0000, 0x0000, 0x0000,
  0x0000, 0x0000, 0x0000, 0x0000,
};

static const uint16_t L_MLB_DET[256] PROGMEM = {
  0x0000, 0x0000, 0x0882, 0x2965, 0x0000, 0x0000, 0x0000, 0x0000, 0x0000, 0x0000, 0x0000, 0x0000,
  0x0000, 0x0000, 0x0000, 0x0000, 0x0000, 0x0000, 0x0861, 0x5B4E, 0x31E9, 0x18C3, 0x0000, 0x0000,
  0x0020, 0x2145, 0x424A, 0x0000, 0x0000, 0x0000, 0x0000, 0x0000, 0x0000, 0x0000, 0x0000, 0x18E3,
  0x42CD, 0x324C, 0x320A, 0x29EA, 0x2A0B, 0x19CA, 0x118A, 0x424A, 0x0000, 0x0000, 0x0000, 0x0000,
  0x0000, 0x0000, 0x0000, 0x0000, 0x0020, 0x4A8B, 0x220B, 0x324C, 0x21CA, 0x3A4A, 0x21CA, 0x1169,
  0x428B, 0x0020, 0x0000, 0x0000, 0x0000, 0x0000, 0x0000, 0x0000, 0x0020, 0x2A0A, 0x42CD, 0x530E,
  0x31E8, 0x0000, 0x39E8, 0x0969, 0x322A, 0x0000, 0x0000, 0x0000, 0x0000, 0x0000, 0x0000, 0x2125,
  0x324B, 0x1169, 0x530D, 0x1169, 0x3A4A, 0x29A7, 0x3A2A, 0x0969, 0x31C8, 0x0000, 0x0000, 0x0000,
  0x0000, 0x0000, 0x0020, 0x52ED, 0x42CD, 0x1169, 0x52CC, 0x1189, 0x428C, 0x426B, 0x428C, 0x0949,
  0x31E8, 0x0000, 0x0000, 0x0000, 0x0000, 0x0000, 0x0000, 0x426A, 0x3A8D, 0x0948, 0x52CC, 0x19AA,
  0x424A, 0x31A7, 0x426B, 0x096A, 0x31E8, 0x0000, 0x0000, 0x0000, 0x0000, 0x0000, 0x0020, 0x426A,
  0x3A4A, 0x19AA, 0x52ED, 0x1169, 0x42AC, 0x42AC, 0x3A8C, 0x0949, 0x31E8, 0x0000, 0x0000, 0x0000,
  0x0000, 0x0000, 0x0000, 0x0000, 0x2145, 0x19CA, 0x42AD, 0x19CA, 0x2986, 0x0000, 0x31C7, 0x118A,
  0x31C8, 0x0000, 0x0000, 0x0000, 0x0000, 0x0000, 0x0000, 0x0000, 0x2987, 0x3A8C, 0x52EC, 0x3A8D,
  0x0841, 0x0000, 0x3A29, 0x096A, 0x31C8, 0x0000, 0x0000, 0x0000, 0x0000, 0x0000, 0x0000, 0x0000,
  0x6390, 0x530E, 0x21A9, 0x3A6C, 0x31E8, 0x3A29, 0x21CA, 0x0128, 0x4ACD, 0x0861, 0x0000, 0x0000,
  0x0000, 0x0000, 0x0000, 0x2966, 0x326D, 0x19AA, 0x21EA, 0x19AA, 0x118A, 0x0108, 0x21CA, 0x3A29,
  0x2145, 0x0020, 0x0000, 0x0000, 0x0000, 0x0000, 0x0000, 0x428C, 0x320A, 0x18E3, 0x1082, 0x2965,
  0x3209, 0x3A6C, 0x3186, 0x0000, 0x0000, 0x0000, 0x0000, 0x0000, 0x0000, 0x0000, 0x18E3, 0x5B4E,
  0x0000, 0x0000, 0x0000, 0x0000, 0x0000, 0x18C3, 0x0000, 0x0000, 0x0000, 0x0000, 0x0000, 0x0000,
  0x0000, 0x0000, 0x0861, 0x18E3, 0x0000, 0x0000, 0x0000, 0x0000, 0x0000, 0x0000, 0x0000, 0x0000,
  0x0000, 0x0000, 0x0000, 0x0000,
};

static const uint16_t L_MLB_HOU[256] PROGMEM = {
  0x0000, 0x0000, 0x0000, 0x0000, 0x0000, 0x0001, 0x0043, 0x0884, 0x0884, 0x0043, 0x0001, 0x0000,
  0x0000, 0x0000, 0x0000, 0x0000, 0x0000, 0x0000, 0x0000, 0x0000, 0x10C4, 0x6206, 0x7247, 0x8287,
  0x8287, 0x7247, 0x6206, 0x18C4, 0x0000, 0x0000, 0x0000, 0x0000, 0x0000, 0x0000, 0x0001, 0x41A6,
  0x8AA7, 0x420A, 0x094D, 0x6AA8, 0x7267, 0x094D, 0x420A, 0x8AA7, 0x49A6, 0x0001, 0x0000, 0x0000,
  0x0000, 0x0000, 0x41A6, 0x7A88, 0x010B, 0x010B, 0x00EB, 0xC3A4, 0xC303, 0x00EB, 0x010B, 0x010B,
  0x7A88, 0x41A6, 0x0000, 0x0000, 0x0000, 0x10C4, 0x7A88, 0x010C, 0x224F, 0x3AD0, 0x4310, 0xECA6,
  0xF405, 0x4AEF, 0x3AD0, 0x222F, 0x010C, 0x7A88, 0x10C4, 0x0000, 0x0001, 0x6206, 0x6A88, 0x216A,
  0xAD76, 0xFFFF, 0xFFFF, 0xED6E, 0xFD8E, 0xFFFF, 0xFFFF, 0x9D35, 0x216A, 0x6288, 0x6206, 0x0001,
  0x0042, 0x7247, 0x82A7, 0xFC63, 0xF483, 0xF75B, 0xE696, 0xEBE0, 0xFAE0, 0xFEB7, 0xEED9, 0xFB81,
  0xFBC1, 0x82A7, 0x7267, 0x0043, 0x10A3, 0x6A68, 0x012D, 0x49E9, 0xDBA2, 0xFF38, 0xF73A, 0xFE10,
  0xFD8F, 0xFF5B, 0xF697, 0xE2E0, 0x49E9, 0x012D, 0x6A48, 0x10A3, 0x08A3, 0x7268, 0x016C, 0x014D,
  0x194A, 0xDE99, 0xFFDF, 0xEF7D, 0xEF7D, 0xFFFF, 0xCE38, 0x196A, 0x014D, 0x016C, 0x7268, 0x10A3,
  0x0043, 0x7267, 0x016C, 0x018C, 0x00AA, 0xB65C, 0xF654, 0xFB00, 0xFAE0, 0xFEB5, 0xA5FA, 0x00AA,
  0x018C, 0x016C, 0x7267, 0x0043, 0x0001, 0x6206, 0x39EA, 0x010B, 0x5B92, 0xEFBF, 0xFFDD, 0xD409,
  0xDC2A, 0xFFFD, 0xE79F, 0x5372, 0x010B, 0x39EA, 0x6206, 0x0001, 0x0000, 0x10C4, 0x8AA7, 0x00EB,
  0x94B3, 0xFE94, 0xB5D8, 0x3B32, 0x4373, 0xADD8, 0xFE74, 0x8C52, 0x00EB, 0x8AA7, 0x10C4, 0x0000,
  0x0000, 0x0000, 0x41A6, 0x6A68, 0x82A5, 0x59E6, 0x00EB, 0x014B, 0x012B, 0x00EB, 0x59C6, 0x8A44,
  0x6A68, 0x41A6, 0x0000, 0x0000, 0x0000, 0x0000, 0x0001, 0x49A6, 0x9AC7, 0x31CB, 0x098C, 0x016C,
  0x016C, 0x098C, 0x31CB, 0x9AC7, 0x49A6, 0x0001, 0x0000, 0x0000, 0x0000, 0x0000, 0x0000, 0x0000,
  0x10C5, 0x6206, 0x7267, 0x6A68, 0x6A68, 0x7267, 0x6206, 0x10C5, 0x0000, 0x0000, 0x0000, 0x0000,
  0x0000, 0x0000, 0x0000, 0x0000, 0x0000, 0x0001, 0x0043, 0x10A3, 0x10A3, 0x0043, 0x0001, 0x0000,
  0x0000, 0x0000, 0x0000, 0x0000,
};

static const uint16_t L_MLB_KC[256] PROGMEM = {
  0x0021, 0x0086, 0x0085, 0x0086, 0x0042, 0x0064, 0x0085, 0x0086, 0x0042, 0x0000, 0x0000, 0x0000,
  0x0000, 0x0000, 0x0000, 0x0000, 0x0000, 0x0086, 0x094F, 0x092C, 0x0022, 0x0043, 0x094E, 0x00A7,
  0x0021, 0x0000, 0x0000, 0x0000, 0x0000, 0x0000, 0x0000, 0x0000, 0x0000, 0x0000, 0x090C, 0x0086,
  0x0000, 0x0086, 0x00A7, 0x0000, 0x0000, 0x0000, 0x0000, 0x0000, 0x0000, 0x0000, 0x0000, 0x0000,
  0x0000, 0x0000, 0x090C, 0x0086, 0x0001, 0x090A, 0x0000, 0x0000, 0x0000, 0x0000, 0x0000, 0x0000,
  0x0000, 0x0000, 0x0021, 0x0000, 0x0000, 0x0000, 0x092C, 0x0085, 0x00A6, 0x0043, 0x0000, 0x0000,
  0x0000, 0x0000, 0x0086, 0x00A7, 0x00A7, 0x00C9, 0x090B, 0x0000, 0x0000, 0x0000, 0x010B, 0x010B,
  0x092C, 0x0043, 0x0000, 0x0000, 0x0000, 0x00A8, 0x00C8, 0x0000, 0x0000, 0x00A7, 0x092D, 0x0000,
  0x0000, 0x0000, 0x010B, 0x010B, 0x0085, 0x092C, 0x0086, 0x0000, 0x0043, 0x092D, 0x0000, 0x0000,
  0x0000, 0x0000, 0x00EA, 0x0021, 0x0000, 0x0000, 0x090C, 0x0086, 0x0000, 0x0021, 0x092D, 0x0021,
  0x00A8, 0x090B, 0x0000, 0x0000, 0x0000, 0x0000, 0x0085, 0x0021, 0x0000, 0x0000, 0x090C, 0x0086,
  0x0000, 0x0000, 0x00A7, 0x00C9, 0x00EA, 0x00C9, 0x0000, 0x0000, 0x0000, 0x0000, 0x0000, 0x0000,
  0x0000, 0x0000, 0x090B, 0x0086, 0x0000, 0x0000, 0x0021, 0x092C, 0x094E, 0x00A8, 0x0000, 0x0000,
  0x0000, 0x0000, 0x0000, 0x0000, 0x0000, 0x0022, 0x094E, 0x00EA, 0x0001, 0x0000, 0x0000, 0x00A8,
  0x0970, 0x00C8, 0x0000, 0x0000, 0x0000, 0x0000, 0x0000, 0x0000, 0x0021, 0x00C8, 0x00E9, 0x00EA,
  0x0086, 0x0000, 0x0000, 0x0021, 0x094E, 0x00EA, 0x0000, 0x0000, 0x0000, 0x0000, 0x0021, 0x0000,
  0x0000, 0x0000, 0x0000, 0x0000, 0x0000, 0x0000, 0x0000, 0x0000, 0x00A8, 0x094E, 0x0000, 0x0000,
  0x0000, 0x0000, 0x08EB, 0x0043, 0x0000, 0x0000, 0x0000, 0x0000, 0x0000, 0x0000, 0x0000, 0x0000,
  0x0000, 0x092C, 0x00C8, 0x0000, 0x0000, 0x0000, 0x00C8, 0x0022, 0x0000, 0x0000, 0x0000, 0x0000,
  0x0000, 0x0000, 0x0000, 0x0000, 0x0000, 0x0021, 0x090B, 0x00A8, 0x0064, 0x00A7, 0x0085, 0x0000,
  0x0000, 0x0000, 0x0000, 0x0000, 0x0000, 0x0000, 0x0000, 0x0000, 0x0000, 0x0000, 0x0000, 0x0064,
  0x0086, 0x0043, 0x0000, 0x0000,
};

static const uint16_t L_MLB_LAA[256] PROGMEM = {
  0x0000, 0x0000, 0x0000, 0x0000, 0x0000, 0x0000, 0x0000, 0x2124, 0x2924, 0x0000, 0x0000, 0x0000,
  0x0000, 0x0000, 0x0000, 0x0000, 0x0000, 0x0000, 0x0000, 0x0000, 0x0000, 0x0000, 0x0000, 0x532E,
  0x532E, 0x0000, 0x0000, 0x0000, 0x0000, 0x0000, 0x0000, 0x0000, 0x0000, 0x0000, 0x0000, 0x0000,
  0x0000, 0x0861, 0x31E8, 0x4ACF, 0x4ACF, 0x31E8, 0x0861, 0x0000, 0x0000, 0x0000, 0x0000, 0x0000,
  0x0000, 0x0000, 0x0000, 0x0000, 0x18C3, 0x6391, 0x5BF4, 0x7B50, 0x8350, 0x5BF4, 0x6391, 0x18C3,
  0x0000, 0x0000, 0x0000, 0x0000, 0x0000, 0x0000, 0x0000, 0x0000, 0x2166, 0x7CB6, 0x3331, 0x78E7,
  0x9066, 0x3331, 0x7CB6, 0x2166, 0x0000, 0x0000, 0x0000, 0x0000, 0x0000, 0x0000, 0x0000, 0x0000,
  0x0000, 0x3209, 0x5B92, 0xA106, 0xC065, 0x6392, 0x3209, 0x0000, 0x0000, 0x0000, 0x0000, 0x0000,
  0x0000, 0x0000, 0x0000, 0x0000, 0x0000, 0x0841, 0x5AAE, 0xB064, 0xC003, 0x724D, 0x0841, 0x0000,
  0x0000, 0x0000, 0x0000, 0x0000, 0x0000, 0x0000, 0x0000, 0x0000, 0x0000, 0x3229, 0x7A0B, 0xA844,
  0x9885, 0x996A, 0x2A49, 0x0000, 0x0000, 0x0000, 0x0000, 0x0000, 0x0000, 0x0000, 0x0000, 0x0000,
  0x18E3, 0x532F, 0x98A5, 0x78C8, 0x5169, 0xB844, 0x5B0F, 0x18E3, 0x0000, 0x0000, 0x0000, 0x0000,
  0x0000, 0x0000, 0x0000, 0x0000, 0x2986, 0x62CF, 0xB002, 0x82AE, 0x6330, 0xB801, 0x824D, 0x29A6,
  0x0000, 0x0000, 0x0000, 0x0000, 0x0000, 0x0000, 0x0000, 0x0000, 0x2186, 0x6A4C, 0xA824, 0x63D1,
  0x5C12, 0x9044, 0x89CB, 0x21A6, 0x0000, 0x0000, 0x0000, 0x0000, 0x0000, 0x0000, 0x0000, 0x0000,
  0x42AC, 0x8169, 0xB824, 0x79CB, 0x79CB, 0xA085, 0xA8E7, 0x42AC, 0x0000, 0x0000, 0x0000, 0x0000,
  0x0000, 0x0000, 0x0000, 0x0000, 0x530F, 0x98A5, 0xB084, 0xA064, 0xA844, 0xA8A5, 0xB044, 0x5ACE,
  0x0000, 0x0000, 0x0000, 0x0000, 0x0000, 0x0000, 0x0000, 0x18C3, 0x628D, 0xB802, 0x524D, 0x4B0E,
  0x4B0E, 0x42AE, 0xB002, 0x820C, 0x10E3, 0x0000, 0x0000, 0x0000, 0x0000, 0x0000, 0x0000, 0x532D,
  0x626E, 0x798A, 0x6370, 0x0000, 0x0000, 0x6390, 0x71AB, 0x722D, 0x532E, 0x0000, 0x0000, 0x0000,
  0x0000, 0x0000, 0x0020, 0x528A, 0x3A4A, 0x3A6B, 0x4A49, 0x0000, 0x0000, 0x4A49, 0x3A6B, 0x3A6A,
  0x528A, 0x0020, 0x0000, 0x0000,
};

static const uint16_t L_MLB_LAD[256] PROGMEM = {
  0x0000, 0x0000, 0x0021, 0x0128, 0x0107, 0x0128, 0x0084, 0x0000, 0x0000, 0x0000, 0x0000, 0x0000,
  0x0000, 0x0000, 0x0000, 0x0000, 0x0000, 0x0000, 0x0063, 0x02F4, 0x02F4, 0x0316, 0x018A, 0x0000,
  0x0000, 0x0000, 0x0000, 0x0000, 0x0000, 0x0000, 0x0000, 0x0000, 0x0000, 0x0000, 0x0000, 0x0083,
  0x02F4, 0x0149, 0x0021, 0x0000, 0x0000, 0x0000, 0x0000, 0x0000, 0x0000, 0x0000, 0x0000, 0x0000,
  0x0000, 0x0000, 0x0000, 0x0021, 0x02F4, 0x0107, 0x0000, 0x0000, 0x0000, 0x0000, 0x0000, 0x0000,
  0x0000, 0x0000, 0x0000, 0x0000, 0x0000, 0x0000, 0x0000, 0x0042, 0x02F4, 0x0128, 0x0000, 0x018A,
  0x0270, 0x0149, 0x0000, 0x0000, 0x0000, 0x0000, 0x0000, 0x0000, 0x0000, 0x0000, 0x0000, 0x0042,
  0x02F4, 0x0128, 0x0000, 0x0292, 0x0336, 0x0250, 0x0000, 0x0000, 0x0000, 0x0000, 0x0000, 0x0000,
  0x0000, 0x0000, 0x0000, 0x0042, 0x02F5, 0x0107, 0x0042, 0x02D4, 0x0250, 0x02B3, 0x0042, 0x0000,
  0x0000, 0x0000, 0x0000, 0x0000, 0x0000, 0x0000, 0x0000, 0x0042, 0x02F5, 0x00E6, 0x0107, 0x02F4,
  0x0107, 0x02F5, 0x00E6, 0x0000, 0x0000, 0x0000, 0x0000, 0x0000, 0x0000, 0x0000, 0x0000, 0x0042,
  0x02F5, 0x00E6, 0x01CC, 0x0292, 0x0021, 0x02D4, 0x018B, 0x0021, 0x00C5, 0x0021, 0x0000, 0x0000,
  0x0000, 0x0000, 0x0000, 0x0000, 0x02F4, 0x0107, 0x0271, 0x01ED, 0x0000, 0x0250, 0x022F, 0x00C5,
  0x0336, 0x0084, 0x0000, 0x0000, 0x0000, 0x0000, 0x0063, 0x020E, 0x02F4, 0x0271, 0x02D3, 0x0292,
  0x022F, 0x02B2, 0x02B3, 0x0270, 0x0315, 0x00A4, 0x0000, 0x0000, 0x0000, 0x0000, 0x0083, 0x0271,
  0x022F, 0x0292, 0x02F4, 0x0251, 0x0250, 0x0271, 0x02F4, 0x0271, 0x0250, 0x0083, 0x0000, 0x0000,
  0x0000, 0x0000, 0x0000, 0x0000, 0x0000, 0x01AC, 0x02B3, 0x0000, 0x0000, 0x0021, 0x02F4, 0x0169,
  0x0000, 0x0000, 0x0000, 0x0000, 0x0000, 0x0000, 0x0000, 0x0000, 0x0063, 0x0292, 0x0250, 0x0042,
  0x0000, 0x0062, 0x0291, 0x0250, 0x0063, 0x0000, 0x0000, 0x0000, 0x0000, 0x0000, 0x0000, 0x0042,
  0x02F4, 0x02F5, 0x0316, 0x022F, 0x0000, 0x0271, 0x0315, 0x0315, 0x02B3, 0x0021, 0x0000, 0x0000,
  0x0000, 0x0000, 0x0000, 0x0020, 0x0107, 0x0107, 0x0128, 0x00C5, 0x0000, 0x00E6, 0x0128, 0x0107,
  0x0107, 0x0000, 0x0000, 0x0000,
};

static const uint16_t L_MLB_MIA[256] PROGMEM = {
  0x0000, 0x0000, 0x0000, 0x0000, 0x0000, 0x0000, 0x0000, 0x0000, 0x0000, 0x0000, 0x0000, 0x0000,
  0x0000, 0x0000, 0x0000, 0x0000, 0x0000, 0x0000, 0x0000, 0x0000, 0x0000, 0x0168, 0x0062, 0x0000,
  0x0000, 0x0000, 0x0000, 0x0000, 0x0000, 0x0000, 0x0000, 0x0000, 0x0000, 0x0000, 0x0000, 0x0000,
  0x0000, 0x01EA, 0x024C, 0x0000, 0x0000, 0x0000, 0x0000, 0x0020, 0x0000, 0x0000, 0x0000, 0x0000,
  0x0000, 0x0000, 0x0000, 0x0000, 0x00C4, 0x026D, 0x02AE, 0x0106, 0x00E5, 0x0126, 0x09C9, 0x0967,
  0x0000, 0x0000, 0x0000, 0x0000, 0x0000, 0x0000, 0x0000, 0x00E5, 0x28E4, 0x2020, 0x0000, 0x0062,
  0x11A8, 0x1987, 0x0061, 0x0020, 0x0967, 0x0188, 0x026D, 0x0062, 0x0000, 0x0021, 0x01A9, 0x2AEF,
  0x224C, 0x00A3, 0x0041, 0x08C4, 0x1946, 0x08E4, 0x28E4, 0x2A0B, 0x00A3, 0x0105, 0x00E5, 0x0000,
  0x0000, 0x0083, 0x1A2B, 0x2167, 0x0146, 0x1105, 0x08A3, 0x09C9, 0x0000, 0x1841, 0x3A2B, 0x0021,
  0x0000, 0x0189, 0x0000, 0x0000, 0x0000, 0x0000, 0x1105, 0x0800, 0x0905, 0x0041, 0x0062, 0x00E5,
  0x18A3, 0x4A0A, 0x0062, 0x00A3, 0x0083, 0x0147, 0x0000, 0x0000, 0x0000, 0x0000, 0x00E5, 0x2125,
  0x19C9, 0x0083, 0x1A8D, 0x0041, 0x4310, 0x0862, 0x0A0B, 0x0147, 0x00E5, 0x0082, 0x0000, 0x0000,
  0x0000, 0x0000, 0x0062, 0x41EA, 0x10C4, 0x0126, 0x324C, 0x0082, 0x0105, 0x00A4, 0x3B10, 0x0020,
  0x0168, 0x0000, 0x0000, 0x0000, 0x0000, 0x0000, 0x0000, 0x420B, 0x0041, 0x01A9, 0x0946, 0x0041,
  0x0021, 0x1A0A, 0x3188, 0x0062, 0x0167, 0x0000, 0x0000, 0x0000, 0x0000, 0x0000, 0x1862, 0x31A9,
  0x0062, 0x01A8, 0x3167, 0x1147, 0x0147, 0x3946, 0x1926, 0x00E4, 0x00C3, 0x0000, 0x0000, 0x0000,
  0x0000, 0x0000, 0x4126, 0x10C4, 0x0106, 0x01EA, 0x38C4, 0x2ACF, 0x0020, 0x41A8, 0x0041, 0x0147,
  0x0000, 0x0000, 0x0000, 0x0000, 0x0000, 0x0820, 0x422B, 0x0147, 0x0147, 0x0126, 0x18E4, 0x1062,
  0x0800, 0x5A6D, 0x29EA, 0x19CA, 0x0000, 0x0000, 0x0000, 0x0000, 0x0800, 0x7147, 0x428D, 0x1926,
  0x0000, 0x00A3, 0x0925, 0x0000, 0x0000, 0x2041, 0x2083, 0x1021, 0x0000, 0x0000, 0x0000, 0x0000,
  0x0000, 0x1000, 0x0000, 0x0000, 0x0000, 0x0000, 0x0000, 0x0000, 0x0000, 0x0000, 0x0000, 0x0000,
  0x0000, 0x0000, 0x0000, 0x0000,
};

static const uint16_t L_MLB_MIL[256] PROGMEM = {
  0x0000, 0x0000, 0x0000, 0x0000, 0x0000, 0x10A0, 0x5A80, 0x39A0, 0x2120, 0x4A40, 0x10A0, 0x0000,
  0x0000, 0x0000, 0x0000, 0x0000, 0x0000, 0x0000, 0x0000, 0x0000, 0x5240, 0x8BC3, 0x4A87, 0x7345,
  0x7364, 0x52C7, 0x8BC3, 0x8360, 0x7B00, 0x18C0, 0x0000, 0x0000, 0x0000, 0x0000, 0x0000, 0x8340,
  0x6B46, 0x1149, 0x00A9, 0x00E9, 0x3227, 0x00AA, 0x0129, 0x2A08, 0x3208, 0xA422, 0x2100, 0x0000,
  0x0000, 0x0020, 0x9BC0, 0x4287, 0x83C4, 0xB4A2, 0x00CA, 0x1188, 0xA443, 0x0129, 0x0968, 0x7B84,
  0x0089, 0x2A08, 0x8320, 0x0000, 0x0000, 0x72C0, 0x4AC7, 0x00A9, 0xFE40, 0xBCC2, 0x00CA, 0x0968,
  0x8BE4, 0x00CA, 0x0968, 0x9403, 0x0109, 0x0969, 0x8341, 0x0000, 0x0000, 0x8361, 0x0949, 0x00AA,
  0xA443, 0xBCE2, 0x004A, 0x19A8, 0xB4C2, 0x29E7, 0x0949, 0x83C4, 0x0109, 0x0969, 0x8341, 0x0000,
  0x0000, 0x7B00, 0x2A08, 0x00AA, 0x4267, 0xB4A2, 0x6B25, 0xACA3, 0x9C24, 0xA463, 0xBD02, 0xB483,
  0x00A9, 0x0989, 0x8341, 0x0000, 0x0000, 0x31A0, 0x6B45, 0x00C9, 0x0109, 0xB4C2, 0x83C4, 0x00C9,
  0x0089, 0x0069, 0x21A8, 0xBCE2, 0x52C6, 0x012A, 0x8361, 0x0000, 0x0000, 0x0000, 0x93C2, 0x0129,
  0x0109, 0x1188, 0x00C9, 0x6B25, 0xBD68, 0x9C66, 0x0928, 0x1149, 0xBCC2, 0x3228, 0x72E0, 0x0000,
  0x0000, 0x0000, 0x72C0, 0x3A67, 0x00E9, 0x00CA, 0x6B45, 0xFF49, 0xFFFF, 0xFFD2, 0xC503, 0x008A,
  0x6B45, 0xC4E2, 0x3960, 0x0000, 0x0000, 0x0000, 0x18C0, 0x7B84, 0x00EA, 0x00E8, 0xBD49, 0xFF94,
  0xF779, 0xFF55, 0xFF0F, 0x0946, 0x4AA7, 0xD560, 0x0000, 0x0000, 0x0000, 0x0000, 0x0000, 0x8B81,
  0x11A9, 0x00A9, 0x9426, 0xFF8E, 0xFFFF, 0xFFB5, 0xEE07, 0x00A8, 0x7386, 0x6AE0, 0x0000, 0x0000,
  0x0000, 0x0000, 0x0000, 0x39A0, 0x7BA5, 0x006A, 0x1167, 0xBD04, 0xF70F, 0xDE28, 0x4244, 0x00CA,
  0xA422, 0x0840, 0x0000, 0x0000, 0x0000, 0x0000, 0x0000, 0x0000, 0x8320, 0x6346, 0x00AA, 0x0089,
  0x0946, 0x00C8, 0x00AA, 0x8BE4, 0x41E0, 0x0000, 0x0000, 0x0000, 0x0000, 0x0000, 0x0000, 0x0000,
  0x0000, 0x6AA0, 0x8BC3, 0x5AE6, 0x4268, 0x5AE6, 0x9C22, 0x5220, 0x0000, 0x0000, 0x0000, 0x0000,
  0x0000, 0x0000, 0x0000, 0x0000, 0x0000, 0x0000, 0x1080, 0x4A20, 0x5A80, 0x4A20, 0x0860, 0x0000,
  0x0000, 0x0000, 0x0000, 0x0000,
};

static const uint16_t L_MLB_MIN[256] PROGMEM = {
  0x0000, 0x0000, 0x0000, 0x0000, 0x0000, 0x0021, 0x0022, 0x0042, 0x0043, 0x0042, 0x0022, 0x0021,
  0x0000, 0x0000, 0x0000, 0x0000, 0x0000, 0x0000, 0x0000, 0x0064, 0x00A7, 0x00C8, 0x00C8, 0x00C8,
  0x00C8, 0x00C8, 0x00C8, 0x00C8, 0x00C7, 0x0085, 0x0021, 0x0000, 0x0000, 0x0000, 0x0021, 0x00E8,
  0x00A7, 0x0064, 0x0042, 0x0063, 0x00C8, 0x0085, 0x0022, 0x0064, 0x00A6, 0x00E9, 0x0063, 0x0000,
  0x0000, 0x0000, 0x0022, 0x0043, 0x0000, 0x0000, 0x0000, 0x0022, 0x00E9, 0x0064, 0x0000, 0x0000,
  0x0000, 0x0042, 0x0043, 0x0000, 0x0000, 0x0000, 0x0000, 0x0000, 0x0000, 0x4001, 0xA003, 0x9045,
  0x00C8, 0x5886, 0xB824, 0x7002, 0x1800, 0x0000, 0x0000, 0x0000, 0x0000, 0x0000, 0x0000, 0x1000,
  0xB004, 0xF826, 0xF825, 0x9045, 0x00C8, 0x5086, 0xF025, 0xF826, 0xE825, 0x6002, 0x0000, 0x0000,
  0x0000, 0x0000, 0x1800, 0xD024, 0xF826, 0x9023, 0x1800, 0x0042, 0x00E8, 0x0064, 0x0800, 0x6002,
  0xF825, 0xF826, 0x6002, 0x0000, 0x0000, 0x1800, 0xD024, 0xF826, 0x9823, 0x0000, 0x0000, 0x0042,
  0x00E8, 0x0064, 0x0000, 0x0000, 0x4801, 0xB024, 0x8803, 0x0000, 0x0000, 0xA804, 0xF826, 0xF825,
  0x4801, 0x0000, 0x0000, 0x0042, 0x00E8, 0x0064, 0x0000, 0x0000, 0x0000, 0x0000, 0x0000, 0x0000,
  0x0000, 0x2000, 0xD825, 0xF826, 0x9003, 0x0000, 0x0000, 0x0042, 0x00E8, 0x0064, 0x0000, 0x0000,
  0x3801, 0x9023, 0x7802, 0x0000, 0x0000, 0x0000, 0x2800, 0xE025, 0xF826, 0x7803, 0x0800, 0x0042,
  0x00E9, 0x0064, 0x0000, 0x5002, 0xE825, 0xF827, 0x7002, 0x0000, 0x0000, 0x0000, 0x0000, 0x2000,
  0xC024, 0xF826, 0xF025, 0xC025, 0xA866, 0xB045, 0xE025, 0xF826, 0xF826, 0x7002, 0x0000, 0x0000,
  0x0000, 0x0000, 0x0000, 0x0000, 0x0000, 0x5802, 0xB824, 0xE825, 0xF826, 0xF025, 0xD025, 0x8803,
  0x2801, 0x0000, 0x0000, 0x0000, 0x0000, 0x0000, 0x0000, 0x0000, 0x0000, 0x0000, 0x0000, 0x0042,
  0x08C8, 0x0064, 0x0000, 0x0000, 0x0000, 0x0000, 0x0000, 0x0000, 0x0000, 0x0000, 0x0000, 0x0000,
  0x0000, 0x0000, 0x0000, 0x0085, 0x00E9, 0x00A6, 0x0000, 0x0000, 0x0000, 0x0000, 0x0000, 0x0000,
  0x0000, 0x0000, 0x0000, 0x0000, 0x0000, 0x0000, 0x0000, 0x0042, 0x0043, 0x0043, 0x0000, 0x0000,
  0x0000, 0x0000, 0x0000, 0x0000,
};

static const uint16_t L_MLB_NYM[256] PROGMEM = {
  0x0000, 0x0000, 0x0000, 0x2860, 0x40C1, 0x40C1, 0x30A0, 0x0000, 0x0000, 0x30A0, 0x40C1, 0x40C1,
  0x2060, 0x0000, 0x0000, 0x0000, 0x0000, 0x0000, 0x1040, 0x61E8, 0x29AD, 0x29AC, 0x59EA, 0x2060,
  0x2860, 0x5A0B, 0x29AC, 0x29AD, 0x61E8, 0x0820, 0x0000, 0x0000, 0x0000, 0x0000, 0x0820, 0x7162,
  0x3189, 0x118D, 0x99E3, 0x0820, 0x1840, 0x7982, 0x198C, 0x3989, 0x7162, 0x0820, 0x0000, 0x0000,
  0x0000, 0x0000, 0x0000, 0x0000, 0x5187, 0x0170, 0x4988, 0x1840, 0x0000, 0x0840, 0x39CB, 0x4167,
  0x0000, 0x0000, 0x0000, 0x0000, 0x0000, 0x0000, 0x0000, 0x1040, 0x49A8, 0x31AC, 0x31CC, 0x5187,
  0x0000, 0x0840, 0x39CB, 0x49A8, 0x1040, 0x0000, 0x0000, 0x0000, 0x0000, 0x0000, 0x0820, 0x5986,
  0x096E, 0x218C, 0x8207, 0x11AE, 0x5964, 0x5944, 0x118D, 0x096E, 0x5986, 0x0820, 0x0000, 0x0000,
  0x0000, 0x0000, 0x2860, 0x51EB, 0x31AB, 0x198D, 0x29AC, 0x59E9, 0x198D, 0x39CC, 0x198D, 0x39AB,
  0x51EB, 0x2860, 0x0000, 0x0000, 0x0000, 0x0000, 0x0000, 0x7982, 0x6209, 0x3989, 0x71A4, 0x41CB,
  0x198C, 0x21AC, 0x31AB, 0x7208, 0x7982, 0x0000, 0x0000, 0x0000, 0x0000, 0x0000, 0x0000, 0x0000,
  0x4188, 0x298B, 0x20A0, 0x218C, 0x318B, 0x41A9, 0x0150, 0x5187, 0x0000, 0x0000, 0x0000, 0x0000,
  0x0000, 0x0000, 0x0800, 0x6101, 0x4189, 0x218B, 0x6940, 0x41AA, 0x49A9, 0xB201, 0x096E, 0x4188,
  0x5901, 0x0000, 0x0000, 0x0000, 0x0000, 0x0000, 0x1040, 0x7209, 0x21AE, 0x198E, 0x7229, 0x51EA,
  0x51EA, 0x6A0A, 0x198E, 0x21AE, 0x7208, 0x0820, 0x0000, 0x0000, 0x0000, 0x0000, 0x0000, 0x30A1,
  0x4903, 0x4902, 0x5902, 0x39A9, 0x41A9, 0x6122, 0x4902, 0x4923, 0x30A1, 0x0000, 0x0000, 0x0000,
  0x0000, 0x0000, 0x0000, 0x0000, 0x0000, 0x0000, 0x0000, 0x41A9, 0x41A9, 0x0000, 0x0000, 0x0000,
  0x0000, 0x0000, 0x0000, 0x0000, 0x0000, 0x0000, 0x0000, 0x0000, 0x0000, 0x1020, 0x7142, 0x218B,
  0x218B, 0x7142, 0x1020, 0x0000, 0x0000, 0x0000, 0x0000, 0x0000, 0x0000, 0x0000, 0x0000, 0x0000,
  0x0000, 0x1860, 0x6209, 0x29AD, 0x29AD, 0x6209, 0x1860, 0x0000, 0x0000, 0x0000, 0x0000, 0x0000,
  0x0000, 0x0000, 0x0000, 0x0000, 0x0000, 0x0000, 0x3080, 0x40C1, 0x40C1, 0x3080, 0x0000, 0x0000,
  0x0000, 0x0000, 0x0000, 0x0000,
};

static const uint16_t L_MLB_NYY[256] PROGMEM = {
  0x0000, 0x0000, 0x0000, 0x0000, 0x0000, 0x0000, 0x0021, 0x0000, 0x0000, 0x0000, 0x0000, 0x0000,
  0x0000, 0x0000, 0x0000, 0x0000, 0x0000, 0x0000, 0x0000, 0x0000, 0x0000, 0x0085, 0x0085, 0x0000,
  0x0000, 0x0000, 0x00A5, 0x0000, 0x0000, 0x0000, 0x0000, 0x0000, 0x0000, 0x0000, 0x0000, 0x0000,
  0x0064, 0x012A, 0x0084, 0x0000, 0x0000, 0x0000, 0x00E8, 0x00C8, 0x0000, 0x0000, 0x0000, 0x0000,
  0x0000, 0x0000, 0x0021, 0x0085, 0x0021, 0x00E8, 0x00A6, 0x0000, 0x0000, 0x0021, 0x0109, 0x0084,
  0x0021, 0x0000, 0x0000, 0x0000, 0x0000, 0x0000, 0x00C8, 0x010A, 0x0022, 0x0021, 0x0109, 0x0000,
  0x0000, 0x0085, 0x00C7, 0x0000, 0x00E8, 0x00C7, 0x0000, 0x0000, 0x0000, 0x0000, 0x00A6, 0x0109,
  0x00E8, 0x0000, 0x00C7, 0x0063, 0x0000, 0x0109, 0x0042, 0x0064, 0x012A, 0x0085, 0x0000, 0x0000,
  0x0000, 0x0000, 0x0000, 0x00E8, 0x00C7, 0x00C7, 0x00A6, 0x00C7, 0x0064, 0x00E8, 0x0000, 0x00C7,
  0x00E8, 0x0000, 0x0000, 0x0000, 0x0000, 0x0000, 0x0000, 0x00C7, 0x0084, 0x0063, 0x0109, 0x00E8,
  0x0109, 0x0064, 0x0000, 0x00E8, 0x00A5, 0x0000, 0x0000, 0x0000, 0x0000, 0x0000, 0x0000, 0x00A6,
  0x0085, 0x0000, 0x0042, 0x00E8, 0x00E9, 0x0001, 0x0000, 0x00E8, 0x0085, 0x0000, 0x0000, 0x0000,
  0x0000, 0x0000, 0x0000, 0x00C7, 0x0085, 0x0000, 0x0000, 0x00C7, 0x0109, 0x00C7, 0x0021, 0x00C7,
  0x00A5, 0x0000, 0x0000, 0x0000, 0x0000, 0x0000, 0x0000, 0x0109, 0x0043, 0x0000, 0x0000, 0x00C8,
  0x00A6, 0x0064, 0x00C8, 0x00C7, 0x00C7, 0x0000, 0x0000, 0x0000, 0x0000, 0x0000, 0x0064, 0x0109,
  0x0021, 0x0000, 0x0000, 0x00C8, 0x00A6, 0x0000, 0x0064, 0x0109, 0x00E8, 0x0001, 0x0000, 0x0000,
  0x0000, 0x0000, 0x00E8, 0x00E8, 0x0000, 0x0000, 0x0000, 0x00C8, 0x00A6, 0x0000, 0x0000, 0x00A6,
  0x0109, 0x00A5, 0x0000, 0x0000, 0x0000, 0x0042, 0x012A, 0x00A6, 0x0000, 0x0000, 0x0021, 0x0109,
  0x00A6, 0x0000, 0x0000, 0x0042, 0x0109, 0x00E9, 0x0021, 0x0000, 0x0000, 0x0000, 0x0064, 0x00A5,
  0x0000, 0x0000, 0x0064, 0x00C7, 0x00C7, 0x0021, 0x0000, 0x0021, 0x00C7, 0x0022, 0x0000, 0x0000,
  0x0000, 0x0000, 0x0000, 0x0000, 0x0000, 0x0000, 0x0000, 0x0000, 0x0000, 0x0000, 0x0000, 0x0000,
  0x0000, 0x0000, 0x0000, 0x0000,
};

static const uint16_t L_MLB_OAK[256] PROGMEM = {
  0x0000, 0x0000, 0x0000, 0x0000, 0x0000, 0x0000, 0x0000, 0x0000, 0x0000, 0x0000, 0x0000, 0x0000,
  0x0000, 0x0000, 0x0000, 0x0000, 0x0000, 0x0000, 0x0000, 0x0000, 0x0000, 0x2145, 0x2124, 0x0000,
  0x0000, 0x0000, 0x0000, 0x0000, 0x0000, 0x0000, 0x0000, 0x0000, 0x0000, 0x0000, 0x0000, 0x0020,
  0x3B6B, 0x1BEB, 0x23CB, 0x3268, 0x0000, 0x0000, 0x0000, 0x0000, 0x0000, 0x0000, 0x0000, 0x0000,
  0x0000, 0x0000, 0x0000, 0x3A07, 0x432A, 0x2A68, 0x0328, 0x23AB, 0x1082, 0x0000, 0x0000, 0x0000,
  0x0000, 0x0000, 0x0000, 0x0000, 0x0000, 0x0000, 0x0000, 0x18C3, 0x2965, 0x4248, 0x0B49, 0x0B69,
  0x29C6, 0x10C2, 0x3AEA, 0x0000, 0x1903, 0x2A48, 0x1944, 0x0000, 0x0000, 0x0000, 0x0000, 0x3AEA,
  0x1C2C, 0x1B8A, 0x1369, 0x0369, 0x2AA8, 0x29A6, 0x4C6F, 0x2945, 0x33CC, 0x3BAB, 0x440D, 0x1904,
  0x0000, 0x0000, 0x0000, 0x3228, 0x3289, 0x0328, 0x4BED, 0x1B6A, 0x1B49, 0x3186, 0x2145, 0x2144,
  0x23EB, 0x3B2A, 0x4289, 0x0000, 0x0000, 0x0000, 0x0000, 0x0000, 0x2124, 0x242C, 0x31A6, 0x2AA9,
  0x0BCA, 0x29C6, 0x0000, 0x0841, 0x4ACA, 0x334A, 0x23CB, 0x3227, 0x0000, 0x0000, 0x0000, 0x0000,
  0x2AA9, 0x13AA, 0x330A, 0x2B6A, 0x0328, 0x330A, 0x0000, 0x2185, 0x442D, 0x432A, 0x240C, 0x3288,
  0x0000, 0x0000, 0x0000, 0x0841, 0x2B6A, 0x1B6A, 0x238B, 0x2B8B, 0x0B28, 0x238A, 0x10A2, 0x0841,
  0x21A6, 0x2B2A, 0x3288, 0x0020, 0x0000, 0x0000, 0x0000, 0x2165, 0x240C, 0x29E7, 0x0000, 0x0000,
  0x332A, 0x0B89, 0x29E7, 0x0000, 0x29A6, 0x0000, 0x0000, 0x0000, 0x0000, 0x0000, 0x2965, 0x3309,
  0x2BCB, 0x0861, 0x0861, 0x0020, 0x2A07, 0x0389, 0x2B2A, 0x3B0A, 0x540E, 0x0841, 0x0000, 0x0000,
  0x0020, 0x332A, 0x2C2C, 0x138A, 0x0B69, 0x234A, 0x442E, 0x2165, 0x1082, 0x23AB, 0x02C6, 0x23CB,
  0x0861, 0x0000, 0x0000, 0x0000, 0x4289, 0x438C, 0x29E6, 0x29E7, 0x32A9, 0x2BEC, 0x3288, 0x0000,
  0x0000, 0x3AEA, 0x1BCB, 0x84F2, 0x742F, 0x0020, 0x0000, 0x0000, 0x10A2, 0x0000, 0x0000, 0x0000,
  0x0000, 0x10A2, 0x0000, 0x0000, 0x0000, 0x0020, 0x2124, 0x18E3, 0x31A6, 0x0000, 0x0000, 0x0000,
  0x0000, 0x0000, 0x0000, 0x0000, 0x0000, 0x0000, 0x0000, 0x0000, 0x0000, 0x0000, 0x0000, 0x0000,
  0x0000, 0x0000, 0x0000, 0x0000,
};

static const uint16_t L_MLB_PHI[256] PROGMEM = {
  0x0000, 0x0000, 0x0000, 0x0000, 0x0000, 0x0000, 0x2000, 0x4821, 0x5821, 0x4821, 0x2000, 0x0000,
  0x0000, 0x0000, 0x0000, 0x0000, 0x0000, 0x0000, 0x0000, 0x0000, 0x3000, 0xB063, 0xE884, 0xF884,
  0xF884, 0xF884, 0xF084, 0xA843, 0x1800, 0x0000, 0x0000, 0x0000, 0x0000, 0x0000, 0x0000, 0x4021,
  0xF084, 0xF884, 0xF884, 0xF884, 0xF884, 0xD063, 0xF084, 0xF885, 0xD063, 0x0800, 0x0000, 0x0000,
  0x0000, 0x0000, 0x0800, 0xE063, 0xF884, 0xD863, 0xA863, 0xF884, 0xF884, 0x2000, 0x1800, 0xD863,
  0xF884, 0x5021, 0x0000, 0x0000, 0x0000, 0x0000, 0x5821, 0xF884, 0xF884, 0x7042, 0x5021, 0xF884,
  0xF884, 0x3000, 0x0000, 0xA042, 0xF885, 0x6821, 0x0000, 0x0000, 0x0000, 0x0000, 0x6021, 0xF885,
  0xF884, 0xB863, 0x6821, 0xF884, 0xF884, 0x1000, 0x0800, 0xD063, 0xF884, 0x3821, 0x0000, 0x0000,
  0x0000, 0x0000, 0x0800, 0xA863, 0xD864, 0x3821, 0x6021, 0xF884, 0xF884, 0x8842, 0xC863, 0xF885,
  0xB063, 0x0000, 0x0000, 0x0000, 0x0000, 0x0000, 0x0000, 0x0000, 0x0000, 0x0000, 0x6821, 0xF884,
  0xF884, 0xF885, 0xF884, 0xA042, 0x0800, 0x0000, 0x0000, 0x0000, 0x0000, 0x0000, 0x0000, 0x0000,
  0x0000, 0x0000, 0x6821, 0xF884, 0xF884, 0xA042, 0x3821, 0x0000, 0x0000, 0x0000, 0x0000, 0x0000,
  0x0000, 0x0000, 0x0000, 0x0000, 0x0000, 0x0000, 0x6821, 0xF884, 0xF064, 0x0800, 0x0000, 0x0000,
  0x0000, 0x0000, 0x0000, 0x0000, 0x0000, 0x0000, 0x0000, 0x0000, 0x0000, 0x0000, 0x6821, 0xF884,
  0xF064, 0x1800, 0x0000, 0x0000, 0x0000, 0x0000, 0x0000, 0x0000, 0x0000, 0x0000, 0x0000, 0x0000,
  0x0000, 0x0000, 0x6821, 0xF884, 0xF064, 0x1800, 0x0000, 0x0000, 0x0000, 0x0000, 0x0000, 0x0000,
  0x0000, 0x0000, 0x0000, 0x0000, 0x0000, 0x0800, 0xC063, 0xF884, 0xF064, 0x1800, 0x0000, 0x0000,
  0x0000, 0x0000, 0x0000, 0x0000, 0x0000, 0x0000, 0x0000, 0x0000, 0x0000, 0x6821, 0xF884, 0xF884,
  0xF884, 0x1000, 0x0000, 0x0000, 0x0000, 0x0000, 0x0000, 0x0000, 0x0000, 0x0000, 0x0000, 0x0000,
  0x0000, 0x7842, 0xF884, 0xF884, 0x8042, 0x0000, 0x0000, 0x0000, 0x0000, 0x0000, 0x0000, 0x0000,
  0x0000, 0x0000, 0x0000, 0x0000, 0x0000, 0x0800, 0x5821, 0x3821, 0x0000, 0x0000, 0x0000, 0x0000,
  0x0000, 0x0000, 0x0000, 0x0000,
};

static const uint16_t L_MLB_PIT[256] PROGMEM = {
  0x0000, 0x0000, 0x0000, 0x0000, 0x0000, 0x0000, 0x0000, 0x0000, 0x0000, 0x0000, 0x18A0, 0x0000,
  0x0000, 0x0000, 0x0000, 0x0000, 0x0000, 0x0000, 0x0000, 0x6A60, 0xBC60, 0xB420, 0xBC40, 0xBC40,
  0xBC20, 0xCC80, 0xE520, 0x1080, 0x0000, 0x0000, 0x0000, 0x0000, 0x0000, 0x0000, 0x0840, 0xF580,
  0xFE40, 0xFDE0, 0xFDA0, 0xFDA0, 0xFDA0, 0xFDA0, 0xFE20, 0xCCA0, 0x28E0, 0x0000, 0x0000, 0x0000,
  0x0000, 0x0000, 0x0820, 0xB3E0, 0xFE60, 0x9340, 0x0840, 0x1060, 0x1060, 0x1060, 0x6240, 0xFE60,
  0xD4C0, 0x0020, 0x0000, 0x0000, 0x0000, 0x0000, 0x0000, 0x6A60, 0xFEA0, 0x8B20, 0x0000, 0x0000,
  0x0000, 0x0000, 0x20C0, 0xFE20, 0x9B80, 0x0000, 0x0000, 0x0000, 0x0000, 0x0000, 0x0000, 0x7280,
  0xFEA0, 0x8B40, 0x0020, 0x0820, 0x0020, 0x0020, 0x3100, 0xFE40, 0x8300, 0x0000, 0x0000, 0x0000,
  0x0000, 0x0000, 0x0000, 0x7280, 0xFEA0, 0x8300, 0x0000, 0x0000, 0x0000, 0x0000, 0x2900, 0xFE40,
  0xA3C0, 0x0000, 0x0000, 0x0000, 0x0000, 0x0000, 0x0000, 0x72A0, 0xFE60, 0xCCA0, 0x9360, 0x9360,
  0x9360, 0x9340, 0xC460, 0xFE40, 0xDD00, 0x0840, 0x0000, 0x0000, 0x0000, 0x0000, 0x0000, 0x72A0,
  0xFE20, 0xFDE0, 0xFE60, 0xFE60, 0xFE60, 0xFE60, 0xFE80, 0xA3C0, 0x18A0, 0x0000, 0x0000, 0x0000,
  0x0000, 0x0000, 0x0000, 0x7280, 0xFE80, 0xA3A0, 0x3120, 0x3940, 0x3140, 0x49C0, 0x9340, 0x0000,
  0x0000, 0x0000, 0x0000, 0x0000, 0x0000, 0x0000, 0x0000, 0x7280, 0xFEA0, 0x8300, 0x0000, 0x0000,
  0x0000, 0x0000, 0x0000, 0x0000, 0x0000, 0x0000, 0x0000, 0x0000, 0x0000, 0x0000, 0x0000, 0x7280,
  0xFEA0, 0x8B20, 0x0000, 0x0020, 0x0000, 0x0000, 0x0000, 0x0000, 0x0000, 0x0000, 0x0000, 0x0000,
  0x0000, 0x0000, 0x0000, 0x7280, 0xFEA0, 0x8B20, 0x0000, 0x0000, 0x0000, 0x0000, 0x0000, 0x0000,
  0x0000, 0x0000, 0x0000, 0x0000, 0x0000, 0x0000, 0x1060, 0xDCE0, 0xFDE0, 0xE540, 0x18A0, 0x0000,
  0x0000, 0x0000, 0x0000, 0x0000, 0x0000, 0x0000, 0x0000, 0x0000, 0x0000, 0x0000, 0x0020, 0xD4C0,
  0xFE60, 0xE520, 0x0840, 0x0000, 0x0000, 0x0000, 0x0000, 0x0000, 0x0000, 0x0000, 0x0000, 0x0000,
  0x0000, 0x0000, 0x0000, 0x2900, 0x6280, 0x3940, 0x0000, 0x0000, 0x0000, 0x0000, 0x0000, 0x0000,
  0x0000, 0x0000, 0x0000, 0x0000,
};

static const uint16_t L_MLB_SD[256] PROGMEM = {
  0x0000, 0x0000, 0x0000, 0x0840, 0x1061, 0x1061, 0x1061, 0x1061, 0x1081, 0x0840, 0x0000, 0x0000,
  0x0000, 0x0000, 0x0000, 0x0000, 0x0000, 0x0000, 0x1041, 0x3102, 0x28E2, 0x28C2, 0x28E2, 0x28E2,
  0x28E2, 0x3103, 0x1061, 0x0000, 0x0000, 0x0000, 0x0000, 0x0000, 0x0000, 0x0000, 0x18A1, 0x28E2,
  0x0000, 0x0000, 0x0000, 0x0000, 0x0000, 0x20C2, 0x1881, 0x0000, 0x0000, 0x0000, 0x0000, 0x0000,
  0x0000, 0x0000, 0x1881, 0x28E2, 0x0000, 0x0020, 0x0840, 0x0840, 0x0840, 0x0840, 0x0840, 0x0840,
  0x0000, 0x0000, 0x0000, 0x0000, 0x0000, 0x0000, 0x1881, 0x28E2, 0x0000, 0x0840, 0x3103, 0x28E2,
  0x28E2, 0x28E2, 0x28E2, 0x3102, 0x28C2, 0x0020, 0x0000, 0x0000, 0x0000, 0x0000, 0x1881, 0x3102,
  0x0000, 0x0820, 0x3103, 0x1061, 0x0020, 0x0020, 0x0000, 0x0820, 0x3103, 0x1881, 0x0000, 0x0000,
  0x0000, 0x0000, 0x0840, 0x30E2, 0x28E2, 0x28E2, 0x28E2, 0x28E2, 0x28E2, 0x28C2, 0x0820, 0x0000,
  0x28E2, 0x1881, 0x0000, 0x0000, 0x0000, 0x0000, 0x0000, 0x0820, 0x0840, 0x0840, 0x1061, 0x1041,
  0x0840, 0x3102, 0x20A1, 0x0000, 0x28E2, 0x1881, 0x0000, 0x0000, 0x0000, 0x0000, 0x0000, 0x0000,
  0x0000, 0x0020, 0x3102, 0x0840, 0x0000, 0x28E2, 0x20A1, 0x0000, 0x28E2, 0x1881, 0x0000, 0x0000,
  0x0000, 0x0000, 0x1061, 0x20A2, 0x0000, 0x0820, 0x3103, 0x1061, 0x0000, 0x28E2, 0x20A1, 0x0000,
  0x28E2, 0x1881, 0x0000, 0x0000, 0x0000, 0x0000, 0x1881, 0x28E2, 0x0000, 0x0020, 0x3103, 0x0840,
  0x0000, 0x28E2, 0x20A1, 0x0000, 0x28E2, 0x1881, 0x0000, 0x0000, 0x0000, 0x0000, 0x1040, 0x3103,
  0x20C2, 0x20C2, 0x3102, 0x28C2, 0x20C2, 0x3103, 0x1881, 0x0000, 0x28E2, 0x1881, 0x0000, 0x0000,
  0x0000, 0x0000, 0x0000, 0x1041, 0x1881, 0x18A1, 0x3102, 0x20A2, 0x1881, 0x1061, 0x0000, 0x0000,
  0x28E2, 0x1881, 0x0000, 0x0000, 0x0000, 0x0000, 0x0000, 0x0000, 0x0000, 0x0000, 0x3103, 0x0840,
  0x0000, 0x0000, 0x0000, 0x0000, 0x3102, 0x1881, 0x0000, 0x0000, 0x0000, 0x0000, 0x0000, 0x0000,
  0x0000, 0x0840, 0x3103, 0x28E2, 0x28E2, 0x28E2, 0x28E2, 0x28E2, 0x28E2, 0x0820, 0x0000, 0x0000,
  0x0000, 0x0000, 0x0000, 0x0000, 0x0000, 0x0820, 0x1061, 0x1061, 0x1061, 0x1061, 0x1061, 0x1061,
  0x0020, 0x0000, 0x0000, 0x0000,
};

static const uint16_t L_MLB_SF[256] PROGMEM = {
  0x0000, 0x0000, 0x0000, 0x0000, 0x40A0, 0x40C0, 0x38A0, 0x38A0, 0x38A0, 0x48C0, 0x3080, 0x0000,
  0x0000, 0x0000, 0x0000, 0x0000, 0x0000, 0x0000, 0x0000, 0x7961, 0xFB02, 0xFAC2, 0xFAA2, 0xFAA2,
  0xFAA2, 0xFAC2, 0xFB02, 0x7141, 0x0000, 0x0000, 0x0000, 0x0000, 0x0000, 0x0000, 0x0820, 0xFAE2,
  0x8981, 0x0820, 0x0800, 0x0000, 0x0000, 0x0000, 0x8161, 0x8981, 0x0000, 0x0000, 0x0000, 0x0000,
  0x0000, 0x0000, 0x0000, 0xF2A1, 0x40C0, 0x48C0, 0x7140, 0x7140, 0x7941, 0x7961, 0x7141, 0x7961,
  0x58E0, 0x0000, 0x0000, 0x0000, 0x0000, 0x0000, 0x0800, 0xF2A1, 0x40A0, 0x99C1, 0xFB42, 0xCA41,
  0xC201, 0xC221, 0xC221, 0xFAE2, 0xEA81, 0x0000, 0x0000, 0x0000, 0x0000, 0x0000, 0x0820, 0xFAE2,
  0x8181, 0x38A0, 0xFAE2, 0x2880, 0x0000, 0x0000, 0x0000, 0x3080, 0xA9E1, 0x1020, 0x0000, 0x0000,
  0x0000, 0x0000, 0x0000, 0x58E0, 0xFAE2, 0xFAC2, 0xFAC2, 0xFAC2, 0xFAC2, 0xFAC2, 0xCA41, 0x0000,
  0x0000, 0x0000, 0x0000, 0x0000, 0x0000, 0x0000, 0x0000, 0x0000, 0x2060, 0x6120, 0xFAE2, 0x48E0,
  0x2860, 0x40A0, 0xEAA1, 0xBA01, 0x0000, 0x0000, 0x0000, 0x0000, 0x0000, 0x0000, 0x1020, 0x6120,
  0x1020, 0x2880, 0xFAE2, 0x6920, 0x5100, 0x2060, 0x8161, 0xE261, 0x0000, 0x0000, 0x0000, 0x0000,
  0x0000, 0x0000, 0x1840, 0xFB02, 0x48C0, 0x3080, 0xFAE2, 0xDA41, 0xDAA1, 0x7140, 0x7941, 0xD241,
  0x0000, 0x0000, 0x0000, 0x0000, 0x0000, 0x0000, 0x1020, 0xFAE2, 0x50E0, 0x1840, 0xFB02, 0x1040,
  0x0000, 0x0000, 0x99A1, 0xEA81, 0x0000, 0x0000, 0x0000, 0x0000, 0x0000, 0x0000, 0x0800, 0xA9E1,
  0xFAC2, 0xCA41, 0xFAC2, 0xD241, 0xC221, 0xC221, 0xFAE2, 0x8161, 0x0000, 0x0000, 0x0000, 0x0000,
  0x0000, 0x0000, 0x0000, 0x0000, 0x91A1, 0xBA01, 0xFAC2, 0xB1E1, 0xA1C1, 0xA9E1, 0x7961, 0x0000,
  0x0000, 0x0000, 0x0000, 0x0000, 0x0000, 0x0000, 0x0000, 0x0000, 0x0000, 0x40C0, 0xFAE2, 0x3080,
  0x0000, 0x0000, 0x0000, 0x0000, 0x0000, 0x0000, 0x0000, 0x0000, 0x0000, 0x0000, 0x0000, 0x0000,
  0x0820, 0xE261, 0xFB22, 0xDA61, 0x0820, 0x0000, 0x0000, 0x0000, 0x0000, 0x0000, 0x0000, 0x0000,
  0x0000, 0x0000, 0x0000, 0x0000, 0x0000, 0x40C0, 0x6120, 0x40C0, 0x0000, 0x0000, 0x0000, 0x0000,
  0x0000, 0x0000, 0x0000, 0x0000,
};

static const uint16_t L_MLB_SEA[256] PROGMEM = {
  0x0000, 0x0000, 0x0000, 0x0000, 0x0000, 0x0000, 0x0020, 0x0083, 0x0041, 0x0000, 0x0020, 0x0020,
  0x0000, 0x0000, 0x0000, 0x0000, 0x0000, 0x0000, 0x0000, 0x0000, 0x0000, 0x0145, 0x4BD0, 0x8D57,
  0x6C94, 0x122A, 0x0A6B, 0x00A2, 0x0000, 0x0000, 0x0000, 0x0000, 0x0000, 0x0000, 0x0000, 0x0000,
  0x0104, 0x74F5, 0xCEBB, 0x5C12, 0x6432, 0xC65B, 0x6473, 0x0041, 0x0000, 0x0000, 0x0000, 0x0000,
  0x0000, 0x0000, 0x0000, 0x0000, 0x2B0D, 0xDEFC, 0x7494, 0x0062, 0x0021, 0x5C32, 0x74B4, 0x0041,
  0x0000, 0x0000, 0x0000, 0x0000, 0x0000, 0x0000, 0x0000, 0x0041, 0x5C32, 0xDF1C, 0x74B4, 0x0167,
  0x1082, 0x0166, 0x3391, 0x0082, 0x0000, 0x0000, 0x0000, 0x0000, 0x0000, 0x0000, 0x0000, 0x0041,
  0x6473, 0xBE5A, 0x84F5, 0x4C12, 0x2229, 0x0082, 0x01E8, 0x00A2, 0x0000, 0x0000, 0x0000, 0x0000,
  0x0000, 0x0000, 0x0000, 0x0000, 0x332E, 0xBE7A, 0xAD97, 0x9576, 0xB639, 0x7CB4, 0x0041, 0x0000,
  0x0000, 0x0000, 0x0000, 0x0000, 0x0000, 0x0000, 0x0000, 0x0001, 0x120A, 0x7CF5, 0xB639, 0x6CD3,
  0x7D14, 0x7D14, 0x1AAC, 0x0905, 0x0021, 0x0000, 0x0000, 0x0000, 0x0000, 0x0000, 0x0000, 0x0000,
  0x0841, 0x0146, 0x8535, 0x9DD7, 0x8514, 0xCE9A, 0xA5D8, 0x1A2B, 0x0000, 0x0000, 0x0000, 0x0000,
  0x0000, 0x0000, 0x0000, 0x0020, 0x0040, 0x0000, 0x4B0D, 0x84D3, 0x8515, 0x84D4, 0xBE5A, 0x3B4F,
  0x0000, 0x0000, 0x0000, 0x0000, 0x0000, 0x0000, 0x0000, 0x0082, 0x026B, 0x00C4, 0x0000, 0x1125,
  0x230E, 0x9536, 0xC67A, 0x4BB0, 0x0000, 0x0000, 0x0000, 0x0000, 0x0000, 0x0000, 0x0000, 0x0041,
  0x4391, 0x120A, 0x0000, 0x1082, 0x0105, 0x7CD5, 0xDEFC, 0x2AED, 0x0000, 0x0000, 0x0000, 0x0000,
  0x0000, 0x0000, 0x0000, 0x0020, 0x6473, 0x84F6, 0x0105, 0x0000, 0x0105, 0xA5D8, 0xADF9, 0x0187,
  0x0000, 0x0000, 0x0000, 0x0000, 0x0000, 0x0000, 0x0000, 0x0021, 0x5C32, 0xD6BC, 0x8D57, 0x5BF1,
  0x8D16, 0xBE5B, 0x22ED, 0x0041, 0x0000, 0x0000, 0x0000, 0x0000, 0x0000, 0x0000, 0x0000, 0x0082,
  0x1ACD, 0x122A, 0x438F, 0x8516, 0x6C73, 0x122A, 0x0061, 0x0000, 0x0000, 0x0000, 0x0000, 0x0000,
  0x0000, 0x0000, 0x0000, 0x0041, 0x0061, 0x0000, 0x0000, 0x0062, 0x0041, 0x0000, 0x0000, 0x0000,
  0x0000, 0x0000, 0x0000, 0x0000,
};

static const uint16_t L_MLB_STL[256] PROGMEM = {
  0x0000, 0x0000, 0x0000, 0x1000, 0x5800, 0x5000, 0x5800, 0x0000, 0x0000, 0x0000, 0x0000, 0x0000,
  0x0000, 0x0000, 0x0000, 0x0000, 0x0000, 0x0000, 0x0000, 0x1800, 0xB801, 0xF001, 0x9801, 0x0000,
  0x0000, 0x0000, 0x0000, 0x0000, 0x0000, 0x0000, 0x0000, 0x0000, 0x0000, 0x0000, 0x0000, 0x0000,
  0x6800, 0xE001, 0x6000, 0x4800, 0x3000, 0x1000, 0x0000, 0x0000, 0x0000, 0x0000, 0x0000, 0x0000,
  0x0000, 0x0000, 0x1000, 0xB001, 0xE801, 0xD801, 0xD801, 0xE001, 0xE001, 0xE001, 0xC001, 0xA801,
  0x2800, 0x0000, 0x0000, 0x0000, 0x0000, 0x0000, 0x8801, 0xC801, 0x6000, 0xE001, 0x2800, 0x0000,
  0x1000, 0x3000, 0x6800, 0x9001, 0x0000, 0x0000, 0x0000, 0x0000, 0x0000, 0x0000, 0xC801, 0x6000,
  0x2800, 0xF001, 0x1800, 0x7000, 0x9001, 0x8801, 0x7801, 0x0000, 0x0000, 0x0000, 0x0000, 0x0000,
  0x0000, 0x0000, 0xB001, 0xA001, 0x4000, 0xE801, 0x1800, 0x5800, 0xC801, 0xD001, 0x6000, 0x0000,
  0x0000, 0x0000, 0x0000, 0x0000, 0x0000, 0x0000, 0x3000, 0xE001, 0xD801, 0xD801, 0xC001, 0xA801,
  0xC801, 0xC801, 0x9801, 0x5000, 0x0000, 0x0000, 0x0000, 0x0000, 0x0000, 0x0000, 0x0000, 0x2000,
  0xA001, 0xE001, 0x9801, 0x9001, 0xC001, 0xC801, 0xA001, 0xF001, 0x9001, 0x0000, 0x0000, 0x0000,
  0x0000, 0x0000, 0x0000, 0x0000, 0x2800, 0xE801, 0x1000, 0x0000, 0x9801, 0xB801, 0x0000, 0x3000,
  0xE801, 0x3800, 0x0000, 0x0000, 0x0000, 0x0000, 0x5800, 0xC001, 0x9001, 0xE001, 0x1800, 0x0000,
  0x1000, 0x1000, 0x0000, 0x2000, 0xE801, 0x3800, 0x0000, 0x0000, 0x0000, 0x0000, 0x4800, 0x8801,
  0xD801, 0xE001, 0xB001, 0x7800, 0x5800, 0x5000, 0x8001, 0xE801, 0xB001, 0x0800, 0x0000, 0x0000,
  0x0000, 0x0000, 0x0000, 0x0000, 0x4800, 0xE801, 0xA001, 0xC001, 0xD001, 0xD001, 0xC001, 0x7000,
  0x0000, 0x0000, 0x0000, 0x0000, 0x0000, 0x0000, 0x0000, 0x0000, 0x5800, 0xE001, 0x2800, 0x1000,
  0x2000, 0x2000, 0x1000, 0x0800, 0x6800, 0x5000, 0x0000, 0x0000, 0x0000, 0x0000, 0x0000, 0x2800,
  0xE801, 0xE801, 0xE801, 0xE001, 0xE001, 0xE001, 0xE001, 0xE801, 0xF001, 0x8001, 0x0000, 0x0000,
  0x0000, 0x0000, 0x0000, 0x0800, 0x5800, 0x5800, 0x5800, 0x5800, 0x5800, 0x5800, 0x5800, 0x5800,
  0x2800, 0x0000, 0x0000, 0x0000,
};

static const uint16_t L_MLB_TB[256] PROGMEM = {
  0x0000, 0x0000, 0x0000, 0x0000, 0x0000, 0x0000, 0x0000, 0x0000, 0x0000, 0x0000, 0x0000, 0x0000,
  0x0000, 0x0000, 0x0000, 0x0000, 0x0000, 0x0064, 0x00A5, 0x00A5, 0x00A5, 0x0084, 0x00A5, 0x00A5,
  0x00A5, 0x08A3, 0x0000, 0x0000, 0x0000, 0x0000, 0x0000, 0x0000, 0x0001, 0x222E, 0x326D, 0x2A2C,
  0x098B, 0x11EE, 0x328E, 0x2A4C, 0x222E, 0x21CA, 0x0000, 0x0000, 0x0000, 0x0000, 0x0000, 0x0000,
  0x08C5, 0x326C, 0x0000, 0x0000, 0x00C7, 0x1A2E, 0x1082, 0x0000, 0x08C4, 0x2A4C, 0x0000, 0x0000,
  0x0000, 0x0000, 0x0000, 0x0000, 0x0882, 0x0862, 0x0000, 0x0000, 0x00C8, 0x1A2E, 0x1905, 0x0022,
  0x0042, 0x2188, 0x0022, 0x0021, 0x0020, 0x0000, 0x0000, 0x0000, 0x0000, 0x0000, 0x0000, 0x0000,
  0x00E8, 0x1A0E, 0x21A9, 0x220C, 0x094B, 0x19CC, 0x326D, 0x19CC, 0x096B, 0x1126, 0x0000, 0x0000,
  0x0000, 0x0000, 0x0000, 0x0000, 0x00E8, 0x1A2E, 0x10E3, 0x0000, 0x012A, 0x2A6F, 0x0000, 0x0883,
  0x096B, 0x222E, 0x0861, 0x0000, 0x0000, 0x0000, 0x0000, 0x0000, 0x00E8, 0x1A2E, 0x10E4, 0x0000,
  0x0109, 0x224E, 0x0861, 0x0000, 0x00C8, 0x2A90, 0x1082, 0x0000, 0x0000, 0x0000, 0x0000, 0x0000,
  0x00E8, 0x222F, 0x18E4, 0x0000, 0x0109, 0x224E, 0x0000, 0x0001, 0x222E, 0x324B, 0x0000, 0x0000,
  0x0000, 0x0000, 0x0000, 0x0000, 0x00A7, 0x1A0E, 0x10A3, 0x0000, 0x012A, 0x222E, 0x21CA, 0x19ED,
  0x2A4F, 0x10C4, 0x0000, 0x0000, 0x0000, 0x0000, 0x0042, 0x21EC, 0x222D, 0x224E, 0x2A4D, 0x2188,
  0x00E8, 0x224E, 0x10C3, 0x10E5, 0x116A, 0x11CD, 0x1926, 0x0000, 0x0000, 0x0000, 0x0020, 0x10C3,
  0x10A2, 0x10A2, 0x10C3, 0x0882, 0x0109, 0x224E, 0x0861, 0x0000, 0x0883, 0x098C, 0x2A0B, 0x0000,
  0x0000, 0x0000, 0x0000, 0x0000, 0x0000, 0x0000, 0x0000, 0x0000, 0x00E9, 0x224E, 0x0000, 0x0000,
  0x0043, 0x09AD, 0x2A2B, 0x0000, 0x0000, 0x0000, 0x0000, 0x0000, 0x0000, 0x0000, 0x0042, 0x08E6,
  0x098C, 0x224F, 0x1106, 0x08E7, 0x11ED, 0x3AF0, 0x1905, 0x0001, 0x0000, 0x0000, 0x0000, 0x0000,
  0x0000, 0x0000, 0x10C4, 0x2A0B, 0x21CA, 0x21C9, 0x21EA, 0x29EA, 0x29C9, 0x1082, 0x0000, 0x0000,
  0x0000, 0x0000, 0x0000, 0x0000, 0x0000, 0x0000, 0x0000, 0x0000, 0x0000, 0x0000, 0x0000, 0x0000,
  0x0000, 0x0000, 0x0000, 0x0000,
};

static const uint16_t L_MLB_TEX[256] PROGMEM = {
  0x0000, 0x1800, 0x5821, 0x5001, 0x5021, 0x5021, 0x5001, 0x5001, 0x5021, 0x5021, 0x5021, 0x5001,
  0x5801, 0x1001, 0x0000, 0x0000, 0x0000, 0x5001, 0xF843, 0xE843, 0xF022, 0xE842, 0xE843, 0xE843,
  0xE843, 0xE822, 0xF043, 0xF043, 0xE822, 0x30A7, 0x0085, 0x0000, 0x0000, 0x4801, 0xF043, 0xB822,
  0x4865, 0x2064, 0x9022, 0xF043, 0x9822, 0x2085, 0x4842, 0xB822, 0xE821, 0x28A7, 0x00A7, 0x0000,
  0x0000, 0x5021, 0xF022, 0x18A7, 0x00C8, 0x0001, 0x8022, 0xF843, 0x8843, 0x012C, 0x0000, 0x1000,
  0xD821, 0x38C8, 0x00A7, 0x0000, 0x0000, 0x4821, 0xB001, 0x00EA, 0x0042, 0x0000, 0x8822, 0xF843,
  0x9043, 0x010B, 0x0800, 0x0000, 0x8800, 0x30A7, 0x00A7, 0x0000, 0x0000, 0x0021, 0x00EA, 0x012C,
  0x0021, 0x0000, 0x8022, 0xF843, 0x9042, 0x010B, 0x0000, 0x0000, 0x0043, 0x014E, 0x00A6, 0x0000,
  0x0000, 0x0000, 0x0042, 0x0022, 0x0000, 0x1000, 0xC042, 0xE843, 0xD022, 0x2064, 0x0043, 0x0000,
  0x0000, 0x0043, 0x0001, 0x0000, 0x0000, 0x0000, 0x0000, 0x0000, 0x0000, 0x0800, 0xA822, 0xF043,
  0xB022, 0x08E9, 0x0086, 0x0000, 0x0000, 0x0000, 0x0000, 0x0000, 0x0000, 0x0000, 0x0000, 0x0000,
  0x0000, 0x0000, 0x8021, 0xF843, 0x8843, 0x012C, 0x0000, 0x0000, 0x0000, 0x0000, 0x0000, 0x0000,
  0x0000, 0x0000, 0x0000, 0x0000, 0x0000, 0x0000, 0x8821, 0xF843, 0x9043, 0x010B, 0x0000, 0x0000,
  0x0000, 0x0000, 0x0000, 0x0000, 0x0000, 0x0000, 0x0000, 0x0000, 0x0000, 0x0000, 0x8821, 0xF843,
  0x9043, 0x010B, 0x0000, 0x0000, 0x0000, 0x0000, 0x0000, 0x0000, 0x0000, 0x0000, 0x0000, 0x0000,
  0x0000, 0x0000, 0x8822, 0xF843, 0x9042, 0x010A, 0x0000, 0x0000, 0x0000, 0x0000, 0x0000, 0x0000,
  0x0000, 0x0000, 0x0000, 0x0000, 0x1800, 0x8021, 0xC843, 0xE843, 0xD043, 0x8043, 0x1822, 0x0000,
  0x0000, 0x0000, 0x0000, 0x0000, 0x0000, 0x0000, 0x0000, 0x0000, 0x3000, 0xF022, 0xD821, 0xD821,
  0xD821, 0xE800, 0x3886, 0x0085, 0x0000, 0x0000, 0x0000, 0x0000, 0x0000, 0x0000, 0x0000, 0x0000,
  0x0000, 0x18C8, 0x18E9, 0x18C9, 0x18E9, 0x18C8, 0x012C, 0x0086, 0x0000, 0x0000, 0x0000, 0x0000,
  0x0000, 0x0000, 0x0000, 0x0000, 0x0000, 0x0085, 0x00A7, 0x00A7, 0x00A7, 0x00A7, 0x00A7, 0x0022,
  0x0000, 0x0000, 0x0000, 0x0000,
};

static const uint16_t L_MLB_TOR[256] PROGMEM = {
  0x0000, 0x0000, 0x0000, 0x0000, 0x0000, 0x0000, 0x0000, 0x0000, 0x0000, 0x0000, 0x0000, 0x0000,
  0x0000, 0x0000, 0x0000, 0x0000, 0x0000, 0x0000, 0x0000, 0x0000, 0x0000, 0x0000, 0x0000, 0x0000,
  0x0000, 0x0000, 0x0000, 0x0000, 0x0020, 0x0000, 0x0000, 0x0000, 0x0000, 0x0000, 0x0000, 0x0000,
  0x0000, 0x0000, 0x0000, 0x0000, 0x0000, 0x0000, 0x0000, 0x3186, 0x9D15, 0x2965, 0x0000, 0x0000,
  0x0000, 0x0000, 0x0000, 0x0000, 0x0000, 0x0000, 0x0000, 0x10A2, 0x3186, 0x4A6A, 0x5B70, 0x3313,
  0x5458, 0x62EC, 0x0000, 0x0000, 0x0000, 0x0000, 0x0000, 0x0000, 0x10A2, 0x4B0F, 0x3B32, 0x3333,
  0x2B54, 0x1AF4, 0x0252, 0x1292, 0x7456, 0x2145, 0x0000, 0x0000, 0x0000, 0x0000, 0x0861, 0x41E7,
  0x6C34, 0x6CF9, 0x8D59, 0x43F6, 0x0232, 0x0252, 0x2395, 0xD24E, 0xF9AB, 0x5269, 0x0000, 0x0000,
  0x2945, 0x6BB0, 0x6351, 0x52F0, 0x5B72, 0x8454, 0x3A2D, 0xB5B8, 0x9537, 0xB371, 0xE20C, 0xF0E8,
  0xF005, 0xEA0B, 0xC20B, 0x0861, 0x2945, 0x73D1, 0x6371, 0x5310, 0xB5B9, 0xE73D, 0xC65A, 0xF77E,
  0xFFFF, 0xFDB7, 0xF804, 0xF004, 0xF005, 0xF804, 0xC9AA, 0x10A2, 0x0000, 0x0000, 0x18C3, 0x39C7,
  0x5AED, 0x8CB6, 0xDEFC, 0xFFFF, 0xFFFF, 0xCEFC, 0x9AAE, 0xF98A, 0xF929, 0xD24C, 0x0861, 0x0000,
  0x0000, 0x0000, 0x0000, 0x0000, 0x0000, 0x5AEC, 0x3A6F, 0xB5B8, 0xFFFF, 0x94D5, 0x3A8F, 0x7BF0,
  0x2945, 0x18E3, 0x0000, 0x0000, 0x0000, 0x0000, 0x0000, 0x0000, 0x0000, 0x0000, 0x73B0, 0x29CD,
  0xCE7B, 0x73F4, 0x630E, 0x0000, 0x0000, 0x0000, 0x0000, 0x0000, 0x0000, 0x0000, 0x0000, 0x0000,
  0x0000, 0x0000, 0x2124, 0x5B51, 0x196C, 0x73D1, 0x0000, 0x0000, 0x0000, 0x0000, 0x0000, 0x0000,
  0x0000, 0x0000, 0x0000, 0x0000, 0x0000, 0x0000, 0x0000, 0x634E, 0x6BB2, 0x2104, 0x0000, 0x0000,
  0x0000, 0x0000, 0x0000, 0x0000, 0x0000, 0x0000, 0x0000, 0x0000, 0x0000, 0x0000, 0x0000, 0x4208,
  0x73AF, 0x0000, 0x0000, 0x0000, 0x0000, 0x0000, 0x0000, 0x0000, 0x0000, 0x0000, 0x0000, 0x0000,
  0x0000, 0x0000, 0x0000, 0x0000, 0x0000, 0x0000, 0x0000, 0x0000, 0x0000, 0x0000, 0x0000, 0x0000,
  0x0000, 0x0000, 0x0000, 0x0000, 0x0000, 0x0000, 0x0000, 0x0000, 0x0000, 0x0000, 0x0000, 0x0000,
  0x0000, 0x0000, 0x0000, 0x0000,
};

static const uint16_t L_MLB_WSH[256] PROGMEM = {
  0x0000, 0x0000, 0x0000, 0x0000, 0x0000, 0x0000, 0x0000, 0x0000, 0x0000, 0x0000, 0x0000, 0x0000,
  0x0022, 0x0043, 0x0000, 0x0000, 0x0000, 0x0000, 0x0000, 0x0000, 0x0000, 0x0000, 0x0000, 0x0000,
  0x0000, 0x0000, 0x0000, 0x0843, 0xA043, 0xA822, 0x1043, 0x0000, 0x0000, 0x0000, 0x0000, 0x0001,
  0x0023, 0x2043, 0x3843, 0x1864, 0x0000, 0x0022, 0x0023, 0x0022, 0x4044, 0xD800, 0x7843, 0x0001,
  0x0000, 0x0000, 0x1043, 0x7043, 0xB821, 0xD000, 0xC022, 0x1843, 0x1843, 0xA022, 0xB821, 0x3843,
  0x0000, 0x6843, 0xB021, 0x0022, 0x0000, 0x2044, 0xC021, 0xD000, 0x8822, 0xB801, 0x5843, 0x0043,
  0xA822, 0xB821, 0xC000, 0xB022, 0x0022, 0x2822, 0xB822, 0x1043, 0x0022, 0xA022, 0x9822, 0x1043,
  0x1864, 0xA843, 0x0043, 0x4843, 0xB821, 0x0044, 0x3843, 0xD001, 0x1022, 0x1022, 0xB822, 0x1043,
  0x1043, 0xC001, 0x4044, 0x0021, 0x9022, 0x7022, 0x0021, 0xA022, 0x6043, 0x0000, 0x3043, 0xC821,
  0x1022, 0x1822, 0xB022, 0x0822, 0x0022, 0x9822, 0xC001, 0x1886, 0xC021, 0x1822, 0x0022, 0xB022,
  0x2843, 0x0000, 0x5043, 0xC021, 0x0022, 0x3822, 0xA022, 0x0022, 0x0000, 0x1022, 0x2844, 0x5843,
  0xA822, 0x0021, 0x1022, 0xB822, 0x1822, 0x0000, 0x8822, 0x9022, 0x0020, 0x6822, 0x8023, 0x0000,
  0x0000, 0x0000, 0x0020, 0x9822, 0x7043, 0x0000, 0x1022, 0xB822, 0x1822, 0x0022, 0xC822, 0x3843,
  0x0022, 0xA822, 0x4023, 0x0000, 0x0000, 0x0000, 0x0022, 0xB822, 0x4043, 0x0000, 0x0022, 0xB822,
  0x3844, 0x5843, 0xB821, 0x0043, 0x4823, 0xB022, 0x0022, 0x0000, 0x0000, 0x0000, 0x0822, 0xC021,
  0x3043, 0x0000, 0x0000, 0x6823, 0xA822, 0xA822, 0x2064, 0x2044, 0xD001, 0x4044, 0x0000, 0x0000,
  0x0000, 0x0000, 0x0022, 0xC021, 0x4843, 0x0000, 0x0000, 0x0864, 0xD000, 0xC800, 0x8843, 0xD001,
  0x7043, 0x0021, 0x0000, 0x0000, 0x0000, 0x0000, 0x0021, 0x8023, 0xC001, 0x4043, 0x4843, 0xB022,
  0x8043, 0x5844, 0x8823, 0x3844, 0x0022, 0x0000, 0x0000, 0x0000, 0x0000, 0x0000, 0x0000, 0x0843,
  0x9023, 0xC821, 0xB822, 0x5843, 0x0022, 0x0000, 0x0001, 0x0000, 0x0000, 0x0000, 0x0000, 0x0000,
  0x0000, 0x0000, 0x0000, 0x0000, 0x0022, 0x1043, 0x0022, 0x0000, 0x0000, 0x0000, 0x0000, 0x0000,
  0x0000, 0x0000, 0x0000, 0x0000,
};

static const uint16_t L_NHL_ANA[256] PROGMEM = {
  0x0000, 0x0000, 0x0000, 0x0000, 0x0000, 0x0000, 0x0000, 0x0000, 0x0000, 0x0000, 0x0000, 0x0000,
  0x0000, 0x0000, 0x0000, 0x0000, 0x0000, 0x0000, 0x10A2, 0x4228, 0x2965, 0x0000, 0x0000, 0x1082,
  0x0861, 0x0000, 0x0000, 0x2965, 0x4228, 0x10A2, 0x0000, 0x0000, 0x0000, 0x0000, 0x0000, 0x7AA9,
  0xABCC, 0x3A09, 0x39A6, 0x632C, 0x7BEF, 0x39C7, 0x3A08, 0xABCC, 0x7AC9, 0x0000, 0x0000, 0x0000,
  0x0000, 0x18E3, 0x4208, 0x73AE, 0xAB28, 0x7268, 0x4A8A, 0xDEBA, 0xEF7D, 0x73AF, 0x6A68, 0xAB28,
  0x73AE, 0x4228, 0x18E3, 0x0000, 0x0000, 0x4208, 0xC5B4, 0xBCED, 0x2903, 0x8246, 0xC659, 0xDEFC,
  0xEF7D, 0xFFFF, 0x7A87, 0x28E3, 0xBCED, 0xC5B4, 0x4228, 0x0000, 0x0000, 0x0020, 0x8C0F, 0x732A,
  0x0021, 0x4208, 0xE6FB, 0xE6FA, 0xBD52, 0xDEB9, 0x8430, 0x0000, 0x732A, 0x840F, 0x0020, 0x0000,
  0x0000, 0x0000, 0x2124, 0x39A7, 0x18A2, 0x5269, 0x942F, 0x8329, 0x5984, 0xE75D, 0xB574, 0x1041,
  0x39E8, 0x2945, 0x0000, 0x0000, 0x0000, 0x0841, 0x528A, 0x5ACB, 0x1082, 0x7BCF, 0xBDD7, 0xBDD7,
  0xD6BA, 0xE71C, 0xB554, 0x1082, 0x4208, 0x0000, 0x0000, 0x0000, 0x0000, 0x1904, 0xAD12, 0xCDD4,
  0xBDB6, 0xBDF7, 0xD69A, 0xDEFB, 0xD69A, 0xF7BF, 0xBD53, 0x1082, 0x4228, 0x0000, 0x0000, 0x0000,
  0x0000, 0x0000, 0x4A27, 0x7B28, 0x6AEA, 0xAD76, 0xF79E, 0xEF5D, 0xFFFF, 0xE6FA, 0x5247, 0x3186,
  0x18E3, 0x0000, 0x0000, 0x0000, 0x1082, 0x1904, 0x08A3, 0x1925, 0x3229, 0x7A88, 0x72A8, 0x8C0E,
  0x942E, 0x6A66, 0x7AA9, 0x3A4A, 0x0861, 0x0882, 0x1904, 0x1082, 0x10C3, 0x8B0A, 0xCD74, 0xBD12,
  0xCB8A, 0xB308, 0x528A, 0x72C7, 0x6AC7, 0x52AB, 0xB308, 0xC38A, 0xC533, 0xCD94, 0x8B0A, 0x10E3,
  0x0000, 0x49C5, 0xA42F, 0xA42F, 0x9A65, 0x2944, 0x29A7, 0xCDB3, 0xCDB3, 0x29A7, 0x2944, 0x9A65,
  0x9C0F, 0xA42F, 0x49C5, 0x0000, 0x0000, 0x0000, 0x0000, 0x0000, 0x0000, 0x0000, 0x0000, 0x5AEC,
  0x5AEC, 0x0000, 0x0000, 0x0000, 0x0000, 0x0000, 0x0000, 0x0000, 0x0000, 0x0000, 0x0000, 0x0000,
  0x0000, 0x0000, 0x0000, 0x10A2, 0x10A2, 0x0000, 0x0000, 0x0000, 0x0000, 0x0000, 0x0000, 0x0000,
  0x0000, 0x0000, 0x0000, 0x0000, 0x0000, 0x0000, 0x0000, 0x0000, 0x0000, 0x0000, 0x0000, 0x0000,
  0x0000, 0x0000, 0x0000, 0x0000,
};

static const uint16_t L_NHL_BOS[256] PROGMEM = {
  0x0000, 0x0000, 0x0000, 0x0000, 0x0000, 0x0000, 0x0000, 0x0000, 0x0001, 0x0000, 0x0000, 0x0000,
  0x0000, 0x0000, 0x0000, 0x0000, 0x0000, 0x0000, 0x0000, 0x0000, 0x0020, 0x1061, 0x39A7, 0x5246,
  0x5246, 0x39A7, 0x1081, 0x0020, 0x0000, 0x0000, 0x0000, 0x0000, 0x0000, 0x0000, 0x0020, 0x0862,
  0x528B, 0xBDF8, 0xF7DF, 0xFECF, 0xFECF, 0xF7DF, 0xBDF7, 0x528B, 0x0863, 0x0020, 0x0000, 0x0000,
  0x0000, 0x0000, 0x0862, 0x7282, 0xFF33, 0xFFFA, 0xFFB9, 0xFE8B, 0xFE8B, 0xFFB8, 0xFFFF, 0xFF56,
  0x7282, 0x0862, 0x0000, 0x0000, 0x0000, 0x0020, 0x4A6B, 0xFF36, 0xF561, 0x5A01, 0x51E2, 0x49A2,
  0x41A2, 0x49C2, 0xCD29, 0xFE25, 0xFF35, 0x528B, 0x0020, 0x0000, 0x0000, 0x1082, 0xC617, 0xFFFF,
  0xFF36, 0x5A23, 0x18E4, 0x7B26, 0x7B46, 0x39A5, 0x3100, 0xEE6F, 0xFFFF, 0xC5F7, 0x1082, 0x0000,
  0x0000, 0x39C7, 0xFFFF, 0xFFFF, 0xFFFF, 0x8B66, 0x4182, 0xFFD3, 0xFFFA, 0xB467, 0x1041, 0xEE72,
  0xFFFF, 0xFFFF, 0x39C7, 0x0000, 0x0001, 0x5A46, 0xFEAE, 0xFE8E, 0xFECD, 0x8324, 0x18E3, 0x6264,
  0x6264, 0x2944, 0x5A23, 0xFE28, 0xFE8E, 0xFEAE, 0x5A46, 0x0001, 0x0001, 0x5A46, 0xFEAE, 0xFE6E,
  0xFECD, 0x8324, 0x18C3, 0x6264, 0x6264, 0x2944, 0x5A23, 0xFE28, 0xFE8E, 0xFEAE, 0x5A46, 0x0001,
  0x0000, 0x39C7, 0xFFFF, 0xFFFF, 0xFFFF, 0x8B66, 0x4182, 0xFFD3, 0xFFFA, 0xB467, 0x1041, 0xEE72,
  0xFFFF, 0xFFFF, 0x39C7, 0x0000, 0x0000, 0x1082, 0xC617, 0xFFFF, 0xFF36, 0x5A23, 0x18E4, 0x8326,
  0x8347, 0x39A5, 0x3100, 0xEE6F, 0xFFFF, 0xC617, 0x1082, 0x0000, 0x0000, 0x0020, 0x528B, 0xFF36,
  0xF561, 0x5A01, 0x51E2, 0x41A2, 0x41A2, 0x49C2, 0xCD28, 0xFE25, 0xFF35, 0x528B, 0x0020, 0x0000,
  0x0000, 0x0000, 0x0862, 0x7282, 0xFF33, 0xFFFA, 0xFFB8, 0xFE8B, 0xFE8B, 0xFFB8, 0xFFFF, 0xFF56,
  0x7282, 0x0862, 0x0000, 0x0000, 0x0000, 0x0000, 0x0020, 0x0862, 0x528B, 0xBE18, 0xF7DF, 0xFECF,
  0xFECF, 0xF7DF, 0xBDF7, 0x528B, 0x0863, 0x0020, 0x0000, 0x0000, 0x0000, 0x0000, 0x0000, 0x0000,
  0x0020, 0x1061, 0x39C7, 0x5A46, 0x5A46, 0x39C7, 0x1082, 0x0020, 0x0000, 0x0000, 0x0000, 0x0000,
  0x0000, 0x0000, 0x0000, 0x0000, 0x0000, 0x0000, 0x0000, 0x0001, 0x0001, 0x0000, 0x0000, 0x0000,
  0x0000, 0x0000, 0x0000, 0x0000,
};

static const uint16_t L_NHL_BUF[256] PROGMEM = {
  0x0000, 0x0000, 0x0000, 0x0000, 0x0000, 0x0840, 0x3940, 0x49C0, 0x5200, 0x3980, 0x0840, 0x0000,
  0x0000, 0x0000, 0x0000, 0x0000, 0x0000, 0x0000, 0x0000, 0x0020, 0x6261, 0x62A7, 0x6B8F, 0x5331,
  0x324E, 0x428C, 0x6AE7, 0x6261, 0x0020, 0x0000, 0x0000, 0x0000, 0x0000, 0x0000, 0x10A0, 0x7B04,
  0x2A30, 0x953B, 0xF7BF, 0xF7BF, 0xC67D, 0x7CBA, 0x4317, 0x42B1, 0x7B04, 0x10A0, 0x0000, 0x0000,
  0x0000, 0x0020, 0x7B24, 0x2A94, 0x8CFA, 0xFFFF, 0xFFFF, 0xFFFF, 0xFFFF, 0xFFFF, 0xFFDE, 0x7438,
  0x4315, 0x8345, 0x0020, 0x0000, 0x0000, 0x6261, 0x2A30, 0xADDC, 0xC67C, 0xFFFF, 0xFFFF, 0xFFFF,
  0xFFFF, 0xFFFF, 0xFFFF, 0x9D79, 0x3275, 0x2A30, 0x6A61, 0x0000, 0x0840, 0x62E7, 0x32D6, 0x84D8,
  0xF77E, 0xFFDF, 0xD6DD, 0xF7BF, 0xB61B, 0xB5DB, 0xADDB, 0x84B8, 0x63D6, 0x32F6, 0x62E7, 0x0840,
  0x3980, 0x3A6C, 0x19D3, 0x7457, 0x6C17, 0x6BF6, 0x84D8, 0x9D5A, 0x8CF9, 0x00F0, 0x0130, 0x2233,
  0x7C77, 0x19F3, 0x3A6C, 0x3980, 0x5200, 0x324F, 0x00F1, 0x2233, 0x7478, 0x1191, 0x11B1, 0x32B4,
  0x6BF7, 0x3293, 0x3293, 0x7CB8, 0x2233, 0x00D1, 0x324F, 0x5A00, 0x5A00, 0x2A2F, 0x0152, 0x0130,
  0x19F2, 0x8CF9, 0x3293, 0x00F0, 0x0991, 0x42F4, 0x84D8, 0x19D2, 0x0130, 0x0152, 0x2A2F, 0x5A00,
  0x3980, 0x428D, 0x0132, 0x0191, 0x0131, 0x0971, 0x7458, 0x4B35, 0x4315, 0x7458, 0x0971, 0x0130,
  0x0191, 0x0132, 0x428D, 0x3980, 0x0840, 0x62E8, 0x0132, 0x0171, 0x0191, 0x0111, 0x21D0, 0xB61B,
  0xB61B, 0x21D0, 0x0111, 0x0191, 0x0171, 0x0132, 0x6B08, 0x0840, 0x0000, 0x6261, 0x2A30, 0x0112,
  0x0132, 0x2A0E, 0x942C, 0x2233, 0x2233, 0x944C, 0x2A0E, 0x0132, 0x0112, 0x2A50, 0x6261, 0x0000,
  0x0000, 0x0020, 0x7B25, 0x21F1, 0x5ACB, 0x7369, 0x630A, 0x0130, 0x0130, 0x630A, 0x7369, 0x5ACB,
  0x21F1, 0x7B45, 0x0020, 0x0000, 0x0000, 0x0000, 0x10A0, 0x8B64, 0x736B, 0x3A6E, 0x11B0, 0x0132,
  0x0132, 0x09B0, 0x3A6E, 0x736B, 0x8B64, 0x10A0, 0x0000, 0x0000, 0x0000, 0x0000, 0x0000, 0x0020,
  0x5A42, 0x6AE8, 0x426D, 0x2A2F, 0x2A2F, 0x426D, 0x6AE8, 0x5A42, 0x0020, 0x0000, 0x0000, 0x0000,
  0x0000, 0x0000, 0x0000, 0x0000, 0x0000, 0x0840, 0x3980, 0x5200, 0x5200, 0x3980, 0x0840, 0x0000,
  0x0000, 0x0000, 0x0000, 0x0000,
};

static const uint16_t L_NHL_CGY[256] PROGMEM = {
  0x0000, 0x0000, 0x0000, 0x0000, 0x0000, 0x0000, 0x0000, 0x0000, 0x0000, 0x0000, 0x0000, 0x0000,
  0x0000, 0x0000, 0x0000, 0x0000, 0x0000, 0x0000, 0x0000, 0x0000, 0x0000, 0x0000, 0x0000, 0x0000,
  0x0000, 0x0860, 0x3961, 0x4161, 0x18E0, 0x0000, 0x0000, 0x0000, 0x0000, 0x0000, 0x0000, 0x0000,
  0x0000, 0x1080, 0x2921, 0x18E1, 0x8A63, 0xDA05, 0xF165, 0xF145, 0xE9E5, 0x9AA4, 0x0840, 0x0000,
  0x0000, 0x0000, 0x0000, 0x9AE4, 0xD1E5, 0xC2E5, 0xEBE6, 0xE1A5, 0xF8A5, 0xE805, 0xE005, 0xE005,
  0xE005, 0xF8C6, 0xA2A4, 0x0000, 0x0000, 0x3101, 0xBA04, 0xFB06, 0xFBA6, 0xF085, 0xE8E5, 0xE825,
  0xE005, 0xE825, 0xF165, 0xE9C5, 0xE865, 0xE005, 0xE9A5, 0x3161, 0x0000, 0x7223, 0xFA86, 0xE925,
  0xF346, 0xEA25, 0xE005, 0xE045, 0xE825, 0xE225, 0x49C2, 0x3181, 0xEA05, 0xF005, 0xF8E6, 0x6202,
  0x1080, 0x7A83, 0xF266, 0xEA25, 0xE8A5, 0xE825, 0xE865, 0xE005, 0xF1A6, 0x41C2, 0x0000, 0x0000,
  0xAAE4, 0xC204, 0xC285, 0x4161, 0x0860, 0x61E2, 0x8A43, 0xFB66, 0xF1E6, 0xE845, 0xE025, 0xF025,
  0xBA84, 0x0000, 0x0000, 0x0000, 0x0000, 0x0000, 0x0000, 0x0000, 0x0000, 0x0000, 0x92C4, 0xD1C5,
  0xE085, 0xE845, 0xE025, 0xF885, 0x8223, 0x0000, 0x0000, 0x0000, 0x0000, 0x0000, 0x0020, 0x0000,
  0x0000, 0x0820, 0xB344, 0x6A63, 0xAB64, 0xF1A6, 0xE025, 0xF865, 0xA284, 0x0000, 0x0000, 0xA2A4,
  0xD205, 0xD205, 0xAAE4, 0x0000, 0x0000, 0x1080, 0xBB85, 0xF906, 0xE045, 0xE805, 0xE845, 0xE805,
  0xE965, 0x9263, 0xA284, 0xF926, 0xE805, 0xF8A6, 0x7A03, 0x0000, 0x0000, 0x0840, 0xE345, 0xF2C6,
  0xE925, 0xE945, 0xE005, 0xE005, 0xE005, 0xF885, 0xF065, 0xD805, 0xF845, 0xC2A5, 0x0020, 0x0000,
  0x0000, 0x0000, 0x89E3, 0xF9C6, 0xEB05, 0xF146, 0xF145, 0xF926, 0xF045, 0xE805, 0xE805, 0xF8E6,
  0xCAA5, 0x18E1, 0x0000, 0x0000, 0x0000, 0x0000, 0x0020, 0x6A63, 0xF3A6, 0xC204, 0x41C2, 0x59E2,
  0xB264, 0xD225, 0xC265, 0x7A63, 0x0860, 0x0000, 0x0000, 0x0000, 0x0000, 0x0000, 0x0000, 0x0020,
  0x3961, 0x0020, 0x0000, 0x0000, 0x0000, 0x0020, 0x0000, 0x0000, 0x0000, 0x0000, 0x0000, 0x0000,
  0x0000, 0x0000, 0x0000, 0x0000, 0x0000, 0x0000, 0x0000, 0x0000, 0x0000, 0x0000, 0x0000, 0x0000,
  0x0000, 0x0000, 0x0000, 0x0000,
};

static const uint16_t L_NHL_CAR[256] PROGMEM = {
  0x0000, 0x0000, 0x0000, 0x0000, 0x0000, 0x0000, 0x0000, 0x0000, 0x0000, 0x0000, 0x0000, 0x0000,
  0x0000, 0x0000, 0x0000, 0x0000, 0x0000, 0x0000, 0x0000, 0x0000, 0x0000, 0x0000, 0x0000, 0x0000,
  0x0000, 0x0000, 0x0000, 0x0000, 0x0020, 0x0000, 0x0000, 0x0000, 0x0000, 0x0000, 0x0000, 0x0000,
  0x0000, 0x0000, 0x0000, 0x0000, 0x0000, 0x0000, 0x0000, 0x0000, 0x0000, 0x0000, 0x0000, 0x0000,
  0x0000, 0x0000, 0x0000, 0x0000, 0x0000, 0x0000, 0x0000, 0x10A2, 0x2986, 0x3A08, 0x42AA, 0x5B2C,
  0x638E, 0x1124, 0x0000, 0x0000, 0x0000, 0x0000, 0x0000, 0x0000, 0x10A2, 0x52CB, 0x5B0C, 0x5B0C,
  0x83AF, 0xB451, 0xD452, 0xECB4, 0xFD15, 0xBC72, 0x3A08, 0x0000, 0x0000, 0x0000, 0x0020, 0x632D,
  0x6B6D, 0x31A6, 0x7BAE, 0xCE18, 0xDE39, 0xDDF8, 0xF6BB, 0xFB90, 0xE024, 0xF845, 0xE432, 0x1965,
  0x0000, 0x10A2, 0x8430, 0x39C7, 0x0861, 0xB5B6, 0xADF7, 0x632C, 0x49A7, 0x4145, 0x31A6, 0xCD76,
  0xF108, 0xE002, 0xF20B, 0x52EB, 0x0000, 0x7BEF, 0x18E3, 0x0000, 0xC638, 0x9D55, 0x5042, 0x9084,
  0x9864, 0xF846, 0x7800, 0x9D95, 0xFA2C, 0xE001, 0xF2EE, 0x3208, 0x4208, 0x5ACB, 0x0000, 0x2965,
  0xFFFF, 0xB927, 0xC803, 0x4800, 0x8002, 0xC8C6, 0x8C51, 0xF619, 0xE002, 0xF908, 0xA3F0, 0x0000,
  0x5AEB, 0x39E7, 0x0000, 0x10A2, 0xDE9A, 0xFB70, 0xEA6C, 0xF412, 0xFE19, 0xCF1B, 0xF5F8, 0xF0A5,
  0xF9CA, 0xB431, 0x08A2, 0x0000, 0x2945, 0x8430, 0x0841, 0x0020, 0x634C, 0xD75C, 0xDF5C, 0xE75C,
  0xF618, 0xFB90, 0xF9C9, 0xD36F, 0x6B4D, 0x0041, 0x0000, 0x0000, 0x0000, 0x4208, 0x8C71, 0xA514,
  0xACB2, 0xBC31, 0xD3F1, 0xE38F, 0xD30E, 0xA30D, 0x5ACB, 0x08A2, 0x0000, 0x0000, 0x0000, 0x0000,
  0x0000, 0x0000, 0x2124, 0x738E, 0x732D, 0x6AAB, 0x5229, 0x31A6, 0x08A2, 0x0000, 0x0000, 0x0000,
  0x0000, 0x0000, 0x0000, 0x0000, 0x0000, 0x0000, 0x0000, 0x0000, 0x0000, 0x0000, 0x0000, 0x0000,
  0x0000, 0x0000, 0x0000, 0x0000, 0x0000, 0x0000, 0x0000, 0x0000, 0x0000, 0x0000, 0x0000, 0x0020,
  0x0000, 0x0000, 0x0000, 0x0000, 0x0000, 0x0000, 0x0000, 0x0000, 0x0000, 0x0000, 0x0000, 0x0000,
  0x0000, 0x0000, 0x0000, 0x0000, 0x0000, 0x0000, 0x0000, 0x0000, 0x0000, 0x0000, 0x0000, 0x0000,
  0x0000, 0x0000, 0x0000, 0x0000,
};

static const uint16_t L_NHL_CHI[256] PROGMEM = {
  0x0000, 0x0000, 0x0000, 0x0000, 0x0000, 0x0000, 0x0000, 0x0000, 0x0000, 0x0000, 0x0000, 0x0000,
  0x0000, 0x0000, 0x0000, 0x0000, 0x0000, 0x0000, 0x0000, 0x0000, 0x0000, 0x0841, 0x0021, 0x0821,
  0x0021, 0x0000, 0x0000, 0x0000, 0x0000, 0x0000, 0x0000, 0x0000, 0x0000, 0x0000, 0x0000, 0x0000,
  0x0022, 0x3984, 0x4A23, 0x39A3, 0x4A03, 0x18C3, 0x0820, 0x0800, 0x0000, 0x0000, 0x0000, 0x0000,
  0x0000, 0x0000, 0x0000, 0x1060, 0x59E2, 0x49E3, 0x39A3, 0x2943, 0x3983, 0x4203, 0x4123, 0x41A2,
  0x0081, 0x0000, 0x0000, 0x0000, 0x0000, 0x0000, 0x3101, 0xBBA0, 0xB381, 0x7A82, 0x4A23, 0x3983,
  0x4203, 0x4A03, 0x4145, 0x72E7, 0x2901, 0x0000, 0x0000, 0x0000, 0x0000, 0x1880, 0x82A2, 0x7AA2,
  0xCBE0, 0xAB61, 0x4203, 0x5A63, 0x62A2, 0x79A5, 0x5B24, 0xB3E8, 0xEBE8, 0x28A0, 0x0000, 0x0000,
  0x0000, 0x30E0, 0x9B42, 0x8AE7, 0xE461, 0xA361, 0x4A23, 0x4202, 0x6966, 0xAA68, 0x7482, 0xBCA4,
  0xFC89, 0xE386, 0x1040, 0x0000, 0x0020, 0xA340, 0xD3E0, 0xE308, 0xFD8B, 0x92E1, 0x4A23, 0x3963,
  0xD1CA, 0x8307, 0x4464, 0xACA4, 0xD3E6, 0xFC69, 0x9A63, 0x0000, 0x1880, 0xAB61, 0xAB41, 0xD361,
  0xCBA0, 0x82A2, 0x4A42, 0x79E5, 0xE9CB, 0x5B45, 0x4C84, 0xB4C4, 0xBC63, 0xFC07, 0xF407, 0x1860,
  0x0000, 0x59C1, 0xAB60, 0xC3E0, 0xD420, 0xB380, 0x5242, 0x7AC3, 0x6105, 0x3344, 0x44A4, 0xACA4,
  0xBD02, 0x8A83, 0xFC06, 0x38E1, 0x0000, 0x5981, 0xD2E6, 0xD3E0, 0xEC80, 0xEC40, 0xB243, 0x5A62,
  0x41C2, 0x3344, 0x2465, 0x83C3, 0xC503, 0x0020, 0x30C1, 0x1860, 0x0000, 0x5981, 0xFCE8, 0xE481,
  0xC3C0, 0xCBC1, 0xC302, 0x5A82, 0x8B62, 0x4B64, 0x4CA4, 0x2121, 0x72E1, 0x0000, 0x0000, 0x0000,
  0x0000, 0x0840, 0x3120, 0x4141, 0xC3C0, 0xE460, 0xF4C0, 0x7AC2, 0x39A3, 0x4A63, 0x7C22, 0x0000,
  0x0000, 0x0000, 0x0000, 0x0000, 0x0000, 0x0000, 0x0000, 0x0000, 0xB380, 0xD400, 0x7241, 0x1060,
  0x0001, 0x0841, 0x0041, 0x0000, 0x0000, 0x0000, 0x0000, 0x0000, 0x0000, 0x0000, 0x0000, 0x0000,
  0x1060, 0x0840, 0x0000, 0x0000, 0x0000, 0x0000, 0x0000, 0x0000, 0x0000, 0x0000, 0x0000, 0x0000,
  0x0000, 0x0000, 0x0000, 0x0000, 0x0000, 0x0000, 0x0000, 0x0000, 0x0000, 0x0000, 0x0000, 0x0000,
  0x0000, 0x0000, 0x0000, 0x0000,
};

static const uint16_t L_NHL_COL[256] PROGMEM = {
  0x0000, 0x0000, 0x0000, 0x0000, 0x0000, 0x0000, 0x0000, 0x0000, 0x0000, 0x0000, 0x0000, 0x0000,
  0x0000, 0x0000, 0x0000, 0x0000, 0x0000, 0x0000, 0x0000, 0x0000, 0x0000, 0x0000, 0x0000, 0x0000,
  0x0000, 0x0000, 0x0000, 0x0000, 0x0000, 0x0000, 0x0000, 0x0000, 0x0000, 0x0000, 0x0000, 0x0000,
  0x0000, 0x0000, 0x0000, 0x31E8, 0x426B, 0x0000, 0x0000, 0x0000, 0x0000, 0x0000, 0x0000, 0x0000,
  0x0000, 0x0000, 0x0000, 0x0000, 0x0000, 0x0000, 0x0020, 0x8412, 0xD6FD, 0x7410, 0x0882, 0x0861,
  0x0000, 0x0000, 0x0000, 0x0000, 0x0000, 0x0000, 0x0000, 0x0000, 0x0000, 0x0841, 0x42CD, 0xC556,
  0xCCB3, 0xADB9, 0x4456, 0x2B72, 0x1AAE, 0x2166, 0x0000, 0x0000, 0x0000, 0x0000, 0x0000, 0x0000,
  0x322A, 0x3C14, 0x7B2F, 0xB167, 0x9843, 0x81A9, 0xCF3E, 0xE77E, 0x8DFB, 0x23D5, 0x2187, 0x0000,
  0x0000, 0x0000, 0x0041, 0x6412, 0x963B, 0x5C14, 0xA105, 0xA0C5, 0xA106, 0xA0C4, 0x9C12, 0xFFFF,
  0xFFDF, 0xAE9C, 0x1AEF, 0x0000, 0x0000, 0x0020, 0x6C74, 0xC6DD, 0x7D79, 0x81EA, 0xA8A4, 0x99A8,
  0xA1E9, 0xA084, 0x88E6, 0xADD9, 0xFFFF, 0xF7FF, 0x3350, 0x0000, 0x0000, 0x328C, 0xC6FD, 0x9E3A,
  0x7BD2, 0xA063, 0xA884, 0x824B, 0x7350, 0x9B70, 0xB4F5, 0xBE1A, 0xD6FD, 0xA63B, 0x19A8, 0x0000,
  0x0020, 0x5434, 0xCEDC, 0x95D9, 0x84F7, 0x824C, 0x934F, 0xA516, 0xB65B, 0xB6BD, 0xA67C, 0xA65B,
  0xCEDC, 0x9E3B, 0x42ED, 0x0000, 0x0020, 0x2B92, 0x95FA, 0x6D38, 0xB6DD, 0xAEBD, 0xAEBD, 0x9E3B,
  0x9DD9, 0x9DB9, 0xAE3B, 0xAE5B, 0x7D58, 0xCEFD, 0xA63B, 0x10E4, 0x0000, 0x1A0A, 0x4B93, 0x8A2B,
  0x5BB2, 0x6BB2, 0x6BF3, 0x7D58, 0x8579, 0x4C56, 0x1353, 0x7D99, 0xB6BD, 0x6CB6, 0x3AEE, 0x322A,
  0x0000, 0x3209, 0xA24B, 0xB0A4, 0xA926, 0xB147, 0x6BB2, 0x5455, 0x430E, 0x3A8B, 0x3392, 0x2B31,
  0x3AEE, 0x0905, 0x21A8, 0x10A2, 0x10A3, 0x6C13, 0x830E, 0x6B0E, 0x62ED, 0x5B0E, 0x29C8, 0x0000,
  0x0000, 0x0000, 0x3209, 0x4AAB, 0x3A29, 0x322A, 0x18E4, 0x0000, 0x0861, 0x10A3, 0x0000, 0x0000,
  0x0000, 0x0000, 0x0000, 0x0000, 0x0000, 0x0000, 0x0000, 0x10A3, 0x10A2, 0x0000, 0x0000, 0x0000,
  0x0000, 0x0000, 0x0000, 0x0000, 0x0000, 0x0000, 0x0000, 0x0000, 0x0000, 0x0000, 0x0000, 0x0000,
  0x0000, 0x0000, 0x0000, 0x0000,
};

static const uint16_t L_NHL_CBJ[256] PROGMEM = {
  0x0000, 0x0000, 0x0000, 0x0000, 0x0000, 0x0000, 0x0000, 0x0000, 0x0000, 0x0000, 0x0000, 0x0000,
  0x0000, 0x0000, 0x0000, 0x0000, 0x0000, 0x0000, 0x0000, 0x0000, 0x0000, 0x0000, 0x0000, 0x0020,
  0x0000, 0x0000, 0x0000, 0x0000, 0x0000, 0x0000, 0x0000, 0x0000, 0x0000, 0x0000, 0x0000, 0x0000,
  0x0000, 0x0000, 0x0020, 0x3A09, 0x31C7, 0x18C3, 0x0861, 0x0000, 0x0000, 0x0000, 0x0000, 0x0000,
  0x0000, 0x0000, 0x0000, 0x0000, 0x2145, 0x5188, 0x69EA, 0x3A6D, 0x3949, 0x4969, 0x3169, 0x3A2A,
  0x31A7, 0x31C8, 0x2124, 0x0000, 0x0000, 0x0000, 0x08E4, 0x69C9, 0x8108, 0x4087, 0x2949, 0x8493,
  0x29EB, 0x0005, 0x322C, 0x4ACF, 0x3A4C, 0x31E8, 0x31C7, 0x18C3, 0x0000, 0x1124, 0x922C, 0x8846,
  0x08A7, 0x118A, 0x2A2C, 0xCE7A, 0xA576, 0xA536, 0x8CF5, 0x4B0E, 0x4249, 0x21A9, 0x3A2B, 0x0020,
  0x0041, 0x6A6C, 0xEA2C, 0x0066, 0x2A6D, 0x8452, 0xBE39, 0xD6DB, 0xD71C, 0x7474, 0x5B0E, 0x522B,
  0x196A, 0x21AC, 0x1905, 0x0000, 0x1145, 0xB26D, 0xFC32, 0x5866, 0x3A2C, 0x4AEE, 0xA576, 0x9CB4,
  0x7AEE, 0x6908, 0x60E8, 0x414A, 0x1129, 0x29EA, 0x0841, 0x0000, 0x1145, 0xB3B1, 0xFBB1, 0xF453,
  0xC24C, 0xAA0B, 0xAA4C, 0xB2AD, 0xA2AE, 0x498A, 0x59AA, 0xD9CA, 0x21EC, 0x2167, 0x0000, 0x0000,
  0x0061, 0x6A8D, 0xFC12, 0xFBD1, 0xFBF1, 0xFB6F, 0xF2EE, 0x7AEE, 0x1A4D, 0x016A, 0x298A, 0x416A,
  0x21EB, 0x10A2, 0x0000, 0x0000, 0x0000, 0x18E4, 0x6A0B, 0xBAEE, 0xE370, 0xF3F2, 0xF433, 0xF453,
  0xE433, 0xBA4C, 0x7045, 0x3929, 0x29C8, 0x0000, 0x0000, 0x0000, 0x0000, 0x0000, 0x08A2, 0x3A2B,
  0x418A, 0x5988, 0x6189, 0x6168, 0x5947, 0x4948, 0x4A8E, 0x3A2A, 0x0000, 0x0000, 0x0000, 0x0000,
  0x0000, 0x0000, 0x18E4, 0x428C, 0x1904, 0x0000, 0x0000, 0x0000, 0x0000, 0x0000, 0x3A4A, 0x322B,
  0x0020, 0x0000, 0x0000, 0x0000, 0x0000, 0x0000, 0x31A7, 0x0882, 0x0000, 0x0000, 0x0000, 0x0000,
  0x0000, 0x0000, 0x0000, 0x3A09, 0x2125, 0x0000, 0x0000, 0x0000, 0x0000, 0x0000, 0x0000, 0x0000,
  0x0000, 0x0000, 0x0000, 0x0000, 0x0000, 0x0000, 0x0000, 0x0000, 0x0861, 0x0000, 0x0000, 0x0000,
  0x0000, 0x0000, 0x0000, 0x0000, 0x0000, 0x0000, 0x0000, 0x0000, 0x0000, 0x0000, 0x0000, 0x0000,
  0x0000, 0x0000, 0x0000, 0x0000,
};

static const uint16_t L_NHL_DAL[256] PROGMEM = {
  0x0000, 0x0000, 0x0000, 0x0000, 0x0000, 0x0000, 0x0000, 0x0000, 0x0000, 0x0000, 0x0000, 0x0000,
  0x0000, 0x0000, 0x0000, 0x0000, 0x0000, 0x0000, 0x0000, 0x0000, 0x0000, 0x0000, 0x0000, 0x0000,
  0x0000, 0x0000, 0x0000, 0x0000, 0x0000, 0x0000, 0x0000, 0x0000, 0x0000, 0x0000, 0x0000, 0x0000,
  0x0000, 0x0000, 0x0000, 0x0020, 0x0142, 0x0000, 0x0000, 0x0000, 0x0000, 0x0000, 0x0000, 0x0000,
  0x0000, 0x0000, 0x0000, 0x0000, 0x0000, 0x0000, 0x0000, 0x0102, 0x09C3, 0x0000, 0x0000, 0x0000,
  0x0000, 0x0000, 0x0000, 0x0000, 0x0000, 0x0000, 0x0000, 0x0000, 0x0000, 0x0000, 0x0040, 0x2A26,
  0x21C5, 0x0000, 0x0000, 0x0000, 0x0000, 0x0000, 0x0000, 0x0000, 0x0000, 0x0000, 0x0000, 0x0000,
  0x0000, 0x0060, 0x0101, 0xA4F4, 0x2206, 0x0020, 0x0000, 0x0000, 0x0000, 0x0000, 0x0000, 0x0000,
  0x0040, 0x0182, 0x0943, 0x0963, 0x0122, 0x638C, 0xA554, 0xF79E, 0x94B2, 0x534B, 0x0962, 0x0963,
  0x0922, 0x0983, 0x0182, 0x0020, 0x0000, 0x0101, 0x19C4, 0x73AE, 0xBDF7, 0xEF3D, 0x94B2, 0x7BEF,
  0xB596, 0xDEDB, 0x9CD3, 0x6BAE, 0x19C4, 0x0983, 0x0080, 0x0000, 0x0000, 0x0000, 0x0060, 0x11A4,
  0xE6FC, 0x9CF3, 0x0000, 0x0000, 0xA514, 0xC618, 0x3207, 0x0962, 0x0060, 0x0000, 0x0000, 0x0000,
  0x0000, 0x0000, 0x0060, 0x7C4F, 0xE71C, 0xAD75, 0x9CD3, 0xAD96, 0xCE59, 0x532B, 0x00E1, 0x0000,
  0x0000, 0x0000, 0x0000, 0x0000, 0x0000, 0x0040, 0x11C4, 0x7BCF, 0xAD76, 0xA514, 0x8450, 0xCE39,
  0x73AE, 0x0101, 0x0000, 0x0000, 0x0000, 0x0000, 0x0000, 0x0000, 0x0000, 0x0040, 0x0182, 0x4269,
  0x636C, 0x0962, 0x0080, 0x3A88, 0x8430, 0x00E1, 0x0000, 0x0000, 0x0000, 0x0000, 0x0000, 0x0000,
  0x0000, 0x0020, 0x11C4, 0x19A4, 0x00A0, 0x0000, 0x0000, 0x0040, 0x0983, 0x09A3, 0x0000, 0x0000,
  0x0000, 0x0000, 0x0000, 0x0000, 0x0000, 0x0122, 0x0162, 0x0000, 0x0000, 0x0000, 0x0000, 0x0000,
  0x0040, 0x0122, 0x0000, 0x0000, 0x0000, 0x0000, 0x0000, 0x0000, 0x0000, 0x0000, 0x0000, 0x0000,
  0x0000, 0x0000, 0x0000, 0x0000, 0x0000, 0x0000, 0x0000, 0x0000, 0x0000, 0x0000, 0x0000, 0x0000,
  0x0000, 0x0000, 0x0000, 0x0000, 0x0000, 0x0000, 0x0000, 0x0000, 0x0000, 0x0000, 0x0000, 0x0000,
  0x0000, 0x0000, 0x0000, 0x0000,
};

static const uint16_t L_NHL_DET[256] PROGMEM = {
  0x0000, 0x0000, 0x0000, 0x0000, 0x0000, 0x0000, 0x0000, 0x0000, 0x0000, 0x0000, 0x0000, 0x0000,
  0x0000, 0x0000, 0x0000, 0x0000, 0x0000, 0x0000, 0x0000, 0x0000, 0x0000, 0x0000, 0x0000, 0x0000,
  0x0000, 0x0000, 0x0000, 0x0000, 0x0000, 0x0000, 0x0000, 0x0000, 0x0000, 0x0000, 0x0000, 0x0000,
  0x0000, 0x0000, 0x0000, 0x0000, 0x0000, 0x0000, 0x0000, 0x0000, 0x0000, 0x0000, 0x2882, 0x0000,
  0x0000, 0x0000, 0x0000, 0x0000, 0x0000, 0x0000, 0x0000, 0x0000, 0x0000, 0x0000, 0x0000, 0x0800,
  0x2841, 0x8A4A, 0xA2EC, 0x2882, 0x0000, 0x0000, 0x0000, 0x0000, 0x0000, 0x0820, 0x81E8, 0xCB6F,
  0xD38F, 0xD36F, 0xD38F, 0xDBD0, 0xFD36, 0xF4B4, 0xCACC, 0x30C3, 0x0000, 0x0000, 0x0000, 0x1821,
  0x3082, 0xB2CD, 0xFD36, 0xFC94, 0xFC53, 0xFCD5, 0xFCB4, 0xFC94, 0xEB90, 0xFB4F, 0x91E9, 0x0000,
  0x0000, 0x0820, 0x92AB, 0xF576, 0xFDF8, 0xFDB7, 0xEC73, 0xEB4F, 0xEB0E, 0xEA0A, 0xF432, 0xEAED,
  0xEA0B, 0xF3D1, 0x30E4, 0x0000, 0x0000, 0xA2CC, 0xFEBB, 0xF493, 0xEB6F, 0xF473, 0xF370, 0xF34F,
  0xEA4C, 0xEA6C, 0xF3F1, 0xEA4B, 0xFAAD, 0x8A29, 0x0000, 0x0000, 0x30E4, 0xFF3D, 0xF412, 0xEA2B,
  0xF390, 0xF390, 0xEB0E, 0xF3D1, 0xEAAC, 0xEB0E, 0xF2AD, 0xF34F, 0x6987, 0x0000, 0x0000, 0x0000,
  0x6208, 0xFE39, 0xEA6C, 0xF432, 0xF4F5, 0xF535, 0xEB0E, 0xEAAD, 0xFC73, 0xF32E, 0xD3D0, 0x3904,
  0x0000, 0x0000, 0x0000, 0x0000, 0x4145, 0xF1AA, 0xEAAD, 0xEB4F, 0xF453, 0xF3B0, 0xEBD1, 0xFB90,
  0xDBB0, 0x7A29, 0x0000, 0x0000, 0x0000, 0x0000, 0x0000, 0x0000, 0x0841, 0xC26B, 0xF9AA, 0xEAAD,
  0xEA8C, 0xEAAD, 0xFA2C, 0xBAED, 0x1061, 0x0000, 0x0000, 0x0000, 0x0000, 0x0000, 0x0000, 0x0000,
  0x0000, 0x20E3, 0xD28C, 0xFA0B, 0xFA2B, 0xFA0B, 0xC26B, 0x18A2, 0x0000, 0x0000, 0x0000, 0x0000,
  0x0000, 0x0000, 0x0000, 0x0000, 0x0000, 0x0000, 0x0841, 0x5166, 0x6987, 0x4966, 0x0020, 0x0000,
  0x0000, 0x0000, 0x0000, 0x0000, 0x0000, 0x0000, 0x0000, 0x0000, 0x0000, 0x0000, 0x0000, 0x0000,
  0x0000, 0x0000, 0x0000, 0x0000, 0x0000, 0x0000, 0x0000, 0x0000, 0x0000, 0x0000, 0x0000, 0x0000,
  0x0000, 0x0000, 0x0000, 0x0000, 0x0000, 0x0000, 0x0000, 0x0000, 0x0000, 0x0000, 0x0000, 0x0000,
  0x0000, 0x0000, 0x0000, 0x0000,
};

static const uint16_t L_NHL_EDM[256] PROGMEM = {
  0x0000, 0x0000, 0x0000, 0x0000, 0x0000, 0x0841, 0x39A6, 0x52AB, 0x52AB, 0x39A6, 0x0841, 0x0000,
  0x0000, 0x0000, 0x0000, 0x0000, 0x0000, 0x0000, 0x0000, 0x0020, 0x4A6B, 0x5B10, 0x3A91, 0xD596,
  0xD596, 0x3A91, 0x5B10, 0x4A6B, 0x0020, 0x0000, 0x0000, 0x0000, 0x0000, 0x0000, 0x10A2, 0x5B0F,
  0x7435, 0xA579, 0x6393, 0xF348, 0xF348, 0x6393, 0xA579, 0x7435, 0x5B0F, 0x10A2, 0x0000, 0x0000,
  0x0000, 0x0020, 0x5B0F, 0x7C56, 0xFFDF, 0xB5FA, 0x93F2, 0xFA42, 0xFA42, 0x93F2, 0xB5FA, 0xFFDF,
  0x7C56, 0x5B0F, 0x0020, 0x0000, 0x0000, 0x424A, 0x6BF5, 0xFFDF, 0xFFFF, 0xD6DC, 0x5311, 0xDC0E,
  0xDC0E, 0x5311, 0xD6DC, 0xFFFF, 0xFFDF, 0x6BF5, 0x426A, 0x0000, 0x0841, 0x4AF0, 0xCE9C, 0xFFFF,
  0xFFFF, 0xFFFF, 0xBE1A, 0x63D4, 0x63B4, 0xBE1A, 0xFFFF, 0xFFFF, 0xFFFF, 0xCEBC, 0x52F0, 0x0841,
  0x2986, 0x73F4, 0xC65B, 0x29CE, 0x5311, 0x324F, 0x8475, 0x8C96, 0x31AD, 0x52F1, 0x2A0F, 0x8496,
  0x21AE, 0xC63A, 0x7414, 0x2966, 0x31C8, 0x8CB6, 0xB5F9, 0x52F1, 0x4AF1, 0x5332, 0x8CB6, 0xAD99,
  0x4AD1, 0x73F4, 0x322F, 0x4AF1, 0x5312, 0xD6BC, 0x8496, 0x39E8, 0x31C8, 0x8CB6, 0xBE1A, 0x7C35,
  0x6393, 0x7C35, 0x9D17, 0xAD98, 0x63B3, 0xADB9, 0x320E, 0x8475, 0x63B3, 0xE73D, 0x8476, 0x39E9,
  0x2966, 0x7414, 0xB5D9, 0x4AD1, 0x4AF1, 0x6373, 0x4AF1, 0x4AF1, 0x6373, 0x5311, 0x5312, 0x5B52,
  0x4AD1, 0xAD98, 0x7C35, 0x2966, 0x0841, 0x5330, 0xADB9, 0x090C, 0x198D, 0x21AD, 0x00EB, 0x21AE,
  0x00AB, 0x19AD, 0x198D, 0x21AE, 0x092C, 0xADB9, 0x5331, 0x0841, 0x0000, 0x424A, 0x7C56, 0x6393,
  0x092C, 0x29EE, 0x090C, 0x21CE, 0x00EB, 0x21CE, 0x21CE, 0x114C, 0x6BB3, 0x7C56, 0x424A, 0x0000,
  0x0000, 0x0020, 0x5B30, 0x7435, 0x5311, 0x196D, 0x00EB, 0x19AD, 0x00CB, 0x198D, 0x116D, 0x5B52,
  0x7415, 0x5B30, 0x0020, 0x0000, 0x0000, 0x0000, 0x10A2, 0x6350, 0x6394, 0x5332, 0x196D, 0x29EE,
  0x090C, 0x324F, 0x5311, 0x6BB4, 0x5B50, 0x10A2, 0x0000, 0x0000, 0x0000, 0x0000, 0x0000, 0x0020,
  0x4A8B, 0x6351, 0x6352, 0x5B32, 0x5312, 0x6373, 0x6351, 0x4A8B, 0x0020, 0x0000, 0x0000, 0x0000,
  0x0000, 0x0000, 0x0000, 0x0000, 0x0000, 0x0841, 0x31A6, 0x4229, 0x4229, 0x31A6, 0x0841, 0x0000,
  0x0000, 0x0000, 0x0000, 0x0000,
};

static const uint16_t L_NHL_FLA[256] PROGMEM = {
  0x0000, 0x0000, 0x0000, 0x0000, 0x0861, 0x1125, 0x2166, 0x21A7, 0x21A7, 0x2186, 0x1125, 0x0861,
  0x0000, 0x0000, 0x0000, 0x0000, 0x0000, 0x0841, 0x2187, 0x4A8A, 0x7AEA, 0x9AEA, 0xAACA, 0xB2AA,
  0xB2CA, 0xAAAA, 0x9AEA, 0x7AEA, 0x4A89, 0x21A7, 0x0841, 0x0000, 0x0000, 0x3A29, 0xAB4B, 0xE2AA,
  0xEA0A, 0xF0C7, 0xFB70, 0xFAEF, 0xFBD1, 0xF169, 0xFB4F, 0xEA6B, 0xE2EB, 0xAB2B, 0x3A29, 0x0000,
  0x0000, 0x3A49, 0xD1E8, 0xF24D, 0xFA2C, 0xFA4B, 0xF32D, 0xF2AB, 0xF2EB, 0xF209, 0xFB8F, 0xF2AD,
  0xF3B2, 0xD1A7, 0x3A49, 0x0000, 0x0000, 0x3A29, 0xD2A9, 0xD228, 0x9A48, 0x6A49, 0x41A7, 0x3188,
  0x3167, 0x41A8, 0x6A28, 0xA288, 0xD249, 0xD2A9, 0x3A29, 0x0000, 0x0000, 0x4228, 0x730A, 0x1128,
  0x00C8, 0x0027, 0x4A69, 0x7329, 0x5A89, 0x31C9, 0x4229, 0x3A09, 0x1128, 0x6B0A, 0x4228, 0x0000,
  0x0000, 0x39E7, 0x526A, 0x0067, 0x08C8, 0x8369, 0x9BCC, 0x93CD, 0xB46A, 0xDD0B, 0x6AC9, 0x1928,
  0x0067, 0x526A, 0x39E7, 0x0000, 0x0000, 0x2145, 0x6B0B, 0x0087, 0x5248, 0x93A9, 0x836B, 0xB46C,
  0x8369, 0xBC8A, 0xA40A, 0x6AE9, 0x1107, 0x62EB, 0x2945, 0x0000, 0x0000, 0x0861, 0x6B2B, 0x2189,
  0x7C33, 0xB5F9, 0x4AAB, 0xCCCA, 0xCCEB, 0xCCCA, 0xB44A, 0xBC8A, 0xB44A, 0x6B0B, 0x0861, 0x0000,
  0x0000, 0x0000, 0x528A, 0x4208, 0x5B71, 0xADB8, 0x31CA, 0x7B09, 0xBC8A, 0xE54B, 0x6AE9, 0x6AE9,
  0xD50B, 0x424A, 0x0000, 0x0000, 0x0000, 0x0000, 0x18E4, 0x732B, 0x2169, 0x29EC, 0x00A7, 0x198B,
  0x08E7, 0x31C8, 0x00A8, 0x8B69, 0x93EC, 0x10C4, 0x0000, 0x0000, 0x0000, 0x0000, 0x0000, 0x4A49,
  0x62CA, 0x0046, 0x0067, 0x42AE, 0x9D16, 0x2A0D, 0x08C7, 0xA42B, 0x4209, 0x0000, 0x0000, 0x0000,
  0x0000, 0x0000, 0x0000, 0x0020, 0x62EB, 0x62CA, 0x0087, 0x00C7, 0xEF5D, 0xF79E, 0x732A, 0x5AEB,
  0x0020, 0x0000, 0x0000, 0x0000, 0x0000, 0x0000, 0x0000, 0x0000, 0x0861, 0x5ACB, 0x6B0A, 0xAC09,
  0xEEF8, 0xC5B4, 0x5AAB, 0x0861, 0x0000, 0x0000, 0x0000, 0x0000, 0x0000, 0x0000, 0x0000, 0x0000,
  0x0000, 0x0000, 0x4208, 0x8BCC, 0x8BCD, 0x31A7, 0x0000, 0x0000, 0x0000, 0x0000, 0x0000, 0x0000,
  0x0000, 0x0000, 0x0000, 0x0000, 0x0000, 0x0000, 0x0000, 0x10C4, 0x10C4, 0x0000, 0x0000, 0x0000,
  0x0000, 0x0000, 0x0000, 0x0000,
};

static const uint16_t L_NHL_LA[256] PROGMEM = {
  0x0000, 0x0000, 0x0000, 0x0000, 0x0000, 0x0000, 0x0000, 0x0000, 0x0000, 0x0000, 0x0000, 0x0000,
  0x0000, 0x0000, 0x0000, 0x0000, 0x0000, 0x0000, 0x0000, 0x0000, 0x0000, 0x0000, 0x0000, 0x0000,
  0x0000, 0x0000, 0x0000, 0x0000, 0x0000, 0x0000, 0x0000, 0x0000, 0x0000, 0x0000, 0x0000, 0x0000,
  0x0000, 0x0000, 0x0000, 0x0000, 0x0000, 0x0000, 0x0000, 0x0000, 0x0000, 0x0000, 0x0000, 0x0000,
  0x0000, 0x0000, 0x0000, 0x0000, 0x0020, 0x632C, 0x632D, 0x632C, 0x634D, 0x632D, 0x632C, 0x0020,
  0x0000, 0x0000, 0x0000, 0x0000, 0x0000, 0x0000, 0x1082, 0x2965, 0x4249, 0xADB7, 0x8CB3, 0x94D3,
  0x8451, 0x8451, 0xADB6, 0x4A49, 0x2945, 0x3186, 0x2124, 0x0000, 0x0000, 0x0000, 0x7BEF, 0x94B3,
  0x8431, 0x73AF, 0x6B8E, 0x6B6E, 0x6BAE, 0x73CF, 0x73AE, 0x7C10, 0x8C92, 0x7C10, 0x94B2, 0x0000,
  0x0000, 0x0861, 0xA535, 0x39E7, 0x5B0C, 0x634D, 0x5AEB, 0x4228, 0x5AEB, 0x4A49, 0x6B6D, 0x6B6E,
  0x39E7, 0x94D3, 0x528A, 0x0000, 0x0000, 0x39E7, 0x9CF3, 0x18E3, 0x6B6D, 0x6B6D, 0x73AE, 0x528A,
  0x4249, 0x52AA, 0x5AEB, 0x73CF, 0x4A49, 0x8430, 0x2945, 0x0000, 0x0000, 0x8451, 0x7C10, 0x634D,
  0x6B6D, 0x52CB, 0x6B8E, 0x5B0C, 0x632C, 0x632C, 0x4A8A, 0x632D, 0x73AF, 0x73AE, 0x0020, 0x0000,
  0x0000, 0x634D, 0x6B8E, 0x6B8E, 0x7BEF, 0xA555, 0x9CF4, 0x94D3, 0x94F4, 0x9D14, 0xA555, 0x73CF,
  0x6B8E, 0x4228, 0x0000, 0x0000, 0x0000, 0x0000, 0x0000, 0x0000, 0x1061, 0xB5D7, 0xA555, 0x4A8A,
  0x4A8A, 0xA555, 0xB5D7, 0x1082, 0x0000, 0x0000, 0x0000, 0x0000, 0x0000, 0x0000, 0x0000, 0x0000,
  0x0020, 0x3186, 0x8451, 0x94F3, 0x94F3, 0x8451, 0x3186, 0x0020, 0x0000, 0x0000, 0x0000, 0x0000,
  0x0000, 0x0000, 0x0000, 0x0000, 0x0000, 0x0000, 0x0000, 0x39C7, 0x39C7, 0x0000, 0x0000, 0x0000,
  0x0000, 0x0000, 0x0000, 0x0000, 0x0000, 0x0000, 0x0000, 0x0000, 0x0000, 0x0000, 0x0000, 0x0000,
  0x0000, 0x0000, 0x0000, 0x0000, 0x0000, 0x0000, 0x0000, 0x0000, 0x0000, 0x0000, 0x0000, 0x0000,
  0x0000, 0x0000, 0x0000, 0x0000, 0x0000, 0x0000, 0x0000, 0x0000, 0x0000, 0x0000, 0x0000, 0x0000,
  0x0000, 0x0000, 0x0000, 0x0000, 0x0000, 0x0000, 0x0000, 0x0000, 0x0000, 0x0000, 0x0000, 0x0000,
  0x0000, 0x0000, 0x0000, 0x0000,
};

static const uint16_t L_NHL_MIN[256] PROGMEM = {
  0x0000, 0x0000, 0x0000, 0x0000, 0x0000, 0x0000, 0x0000, 0x0000, 0x0000, 0x0000, 0x0000, 0x0000,
  0x0000, 0x0000, 0x0000, 0x0000, 0x0000, 0x0000, 0x0000, 0x0000, 0x0000, 0x0000, 0x0000, 0x0000,
  0x0000, 0x0000, 0x0000, 0x0000, 0x0000, 0x0000, 0x0000, 0x0000, 0x0000, 0x0000, 0x0000, 0x0000,
  0x0000, 0x0000, 0x0000, 0x0000, 0x0000, 0x0000, 0x0000, 0x0000, 0x0000, 0x0000, 0x0000, 0x0000,
  0x0000, 0x0000, 0x0000, 0x0000, 0x0000, 0x0000, 0x0020, 0x3A27, 0x52E8, 0x4AA8, 0x0020, 0x0000,
  0x0000, 0x0000, 0x0000, 0x0000, 0x0000, 0x0000, 0x0000, 0x0000, 0x0000, 0x2123, 0x3A67, 0xAC63,
  0xCCE0, 0x6B86, 0x5AE9, 0x42A8, 0x3AC8, 0x5B09, 0x39A5, 0x0000, 0x0000, 0x0000, 0x0020, 0x31C5,
  0x4A67, 0x5248, 0x4A47, 0x73A3, 0x63C3, 0x6AC3, 0x7905, 0x9925, 0x8925, 0x52A8, 0x9CEF, 0x18C2,
  0x0000, 0x0000, 0x5288, 0x22E8, 0x1AC9, 0x430A, 0x69C7, 0x81A6, 0xB303, 0x9984, 0xB885, 0xA8C5,
  0x80C4, 0x6AC9, 0x4226, 0x0000, 0x1081, 0x3A47, 0x1A87, 0x19C5, 0x6986, 0x98E5, 0xB084, 0xA0E5,
  0xA0C5, 0x5945, 0x8905, 0x4144, 0x12E8, 0x5288, 0x0000, 0x0000, 0x2924, 0x1B08, 0x2944, 0xB885,
  0x80C4, 0x4924, 0x41A5, 0x41A5, 0x4985, 0x31C5, 0x3965, 0x3247, 0x73AB, 0x0000, 0x0000, 0x0000,
  0x0000, 0x31E5, 0x3AA8, 0x2A26, 0x43AA, 0x640C, 0x0205, 0x0205, 0x0A05, 0x0A05, 0x01C4, 0x3B49,
  0x4A27, 0x0000, 0x0000, 0x0000, 0x0000, 0x0000, 0x10A2, 0x39E5, 0x94CF, 0x63EC, 0x0205, 0x0205,
  0x0205, 0x01C4, 0x2AE8, 0x41E6, 0x0000, 0x0000, 0x0000, 0x0000, 0x0000, 0x0000, 0x0000, 0x0000,
  0x29E5, 0x2246, 0x3267, 0x3287, 0x1A87, 0x22C8, 0x39C5, 0x0000, 0x0000, 0x0000, 0x0000, 0x0000,
  0x0000, 0x0000, 0x0000, 0x0000, 0x0000, 0x0000, 0x0000, 0x0000, 0x3184, 0x31A5, 0x0000, 0x0000,
  0x0000, 0x0000, 0x0000, 0x0000, 0x0000, 0x0000, 0x0000, 0x0000, 0x0000, 0x0000, 0x0000, 0x0000,
  0x0000, 0x0000, 0x0000, 0x0000, 0x0000, 0x0000, 0x0000, 0x0000, 0x0000, 0x0000, 0x0000, 0x0000,
  0x0000, 0x0000, 0x0000, 0x0000, 0x0000, 0x0000, 0x0000, 0x0000, 0x0000, 0x0000, 0x0000, 0x0000,
  0x0000, 0x0000, 0x0000, 0x0000, 0x0000, 0x0000, 0x0000, 0x0000, 0x0000, 0x0000, 0x0000, 0x0000,
  0x0000, 0x0000, 0x0000, 0x0000,
};

static const uint16_t L_NHL_MTL[256] PROGMEM = {
  0x0000, 0x0000, 0x0000, 0x0000, 0x0000, 0x0000, 0x0000, 0x0000, 0x0000, 0x0000, 0x0000, 0x0000,
  0x0000, 0x0000, 0x0000, 0x0000, 0x0000, 0x0000, 0x0000, 0x0000, 0x0000, 0x0000, 0x0000, 0x0000,
  0x0000, 0x0000, 0x0000, 0x0000, 0x0000, 0x0000, 0x0000, 0x0000, 0x0000, 0x0000, 0x0000, 0x0000,
  0x0000, 0x0000, 0x0861, 0x10A2, 0x1082, 0x0000, 0x0000, 0x0000, 0x0000, 0x0000, 0x0000, 0x0000,
  0x0000, 0x0000, 0x0000, 0x18E3, 0x428C, 0x6392, 0x73F3, 0x7BF4, 0x73F4, 0x6BB3, 0x5330, 0x4AAE,
  0x3A2B, 0x2125, 0x0000, 0x0000, 0x0000, 0x0000, 0x3A2A, 0x7415, 0xABD3, 0xC24C, 0xC169, 0xC928,
  0xC949, 0xC1CB, 0xBB10, 0xAB92, 0xA3B3, 0x7C15, 0x2986, 0x0000, 0x0000, 0x3A2A, 0x8C36, 0xCA2B,
  0xD003, 0xD0A5, 0xC948, 0xC989, 0xC948, 0xC8A6, 0xD044, 0xC824, 0xD044, 0xB392, 0x3A6C, 0x0000,
  0x18C3, 0x6BF4, 0xCA0B, 0xC823, 0xBACE, 0x7332, 0xD69B, 0x7C55, 0xA558, 0xB558, 0x82AF, 0xBA2C,
  0xD8A5, 0xB372, 0x5330, 0x0000, 0x29C8, 0x93F4, 0xD044, 0xBA2C, 0x8D38, 0xA558, 0xB5DA, 0xAD99,
  0xC65B, 0x94F7, 0xB61B, 0x8CD7, 0x8B92, 0x6BB3, 0x2945, 0x0000, 0x29C8, 0x93F4, 0xD064, 0xBA0C,
  0x8D38, 0x9D58, 0xB5DA, 0xAD99, 0xC63B, 0x8CD7, 0xBE3B, 0x8CF7, 0x7373, 0x6BD4, 0x18C3, 0x0000,
  0x18C3, 0x6BF4, 0xCA0B, 0xC803, 0xBACE, 0x7311, 0xD67B, 0x7C55, 0xA558, 0xB578, 0x7AD0, 0xBA4C,
  0xD8A5, 0xC350, 0x5371, 0x0861, 0x0000, 0x424B, 0x8C36, 0xC9CA, 0xC803, 0xD0A5, 0xC948, 0xC989,
  0xC948, 0xC8E6, 0xD064, 0xD064, 0xC1EB, 0xA3F4, 0x6392, 0x2124, 0x0000, 0x0000, 0x4AAC, 0x7C35,
  0xB392, 0xC22C, 0xC949, 0xC928, 0xC969, 0xC1EB, 0xBB10, 0x9C14, 0x6C14, 0x426C, 0x0861, 0x0000,
  0x0000, 0x0000, 0x0000, 0x2945, 0x4AEE, 0x6BD2, 0x73F4, 0x7C14, 0x73F4, 0x6BB3, 0x532F, 0x3209,
  0x1082, 0x0000, 0x0000, 0x0000, 0x0000, 0x0000, 0x0000, 0x0000, 0x0000, 0x0000, 0x0861, 0x10A2,
  0x1082, 0x0000, 0x0000, 0x0000, 0x0000, 0x0000, 0x0000, 0x0000, 0x0000, 0x0000, 0x0000, 0x0000,
  0x0000, 0x0000, 0x0000, 0x0000, 0x0000, 0x0000, 0x0000, 0x0000, 0x0000, 0x0000, 0x0000, 0x0000,
  0x0000, 0x0000, 0x0000, 0x0000, 0x0000, 0x0000, 0x0000, 0x0000, 0x0000, 0x0000, 0x0000, 0x0000,
  0x0000, 0x0000, 0x0000, 0x0000,
};

static const uint16_t L_NHL_NSH[256] PROGMEM = {
  0x0000, 0x0000, 0x0000, 0x0000, 0x0000, 0x0000, 0x0000, 0x0000, 0x0000, 0x0000, 0x0000, 0x0000,
  0x0000, 0x0000, 0x0000, 0x0000, 0x0000, 0x0000, 0x0000, 0x0000, 0x0000, 0x0000, 0x0000, 0x0000,
  0x0000, 0x0000, 0x0000, 0x0000, 0x0000, 0x0000, 0x0000, 0x0000, 0x0000, 0x0000, 0x0000, 0x0000,
  0x0000, 0x0000, 0x0000, 0x0000, 0x0000, 0x0000, 0x0000, 0x0000, 0x0000, 0x0000, 0x0000, 0x0000,
  0x0000, 0x0000, 0x0000, 0x0000, 0x0000, 0x0000, 0x0000, 0x0000, 0x0000, 0x18C1, 0x1060, 0x0000,
  0x0000, 0x0000, 0x0000, 0x0000, 0x0000, 0x0000, 0x0000, 0x0020, 0x18A0, 0x41A4, 0x738B, 0x6B4B,
  0x6B8E, 0x5350, 0x9D14, 0x7B8C, 0x20E1, 0x0000, 0x0000, 0x0000, 0x1060, 0x31C5, 0x5AEB, 0x634E,
  0x5330, 0x3270, 0xA5BB, 0xB63B, 0x63B3, 0x6C34, 0xFFFF, 0xDF1D, 0x8CB2, 0x3143, 0x0000, 0x0000,
  0x20C1, 0x4A47, 0x7C32, 0x84D6, 0x6BD0, 0x6309, 0xE5A9, 0x93E9, 0x52C9, 0x2A2C, 0xFE4A, 0xC591,
  0x8CD4, 0x842F, 0x20E2, 0x0000, 0x0000, 0x0000, 0x0820, 0x3A06, 0x83A8, 0xFE8C, 0xB4ED, 0x326D,
  0x84F8, 0xADB9, 0xE6D7, 0xA513, 0xBDD4, 0xE6D6, 0x9CAE, 0x1881, 0x0000, 0x0000, 0x0000, 0x0820,
  0x638D, 0xDF1C, 0x9559, 0xADD8, 0xA512, 0x62E9, 0x3A06, 0x4311, 0xC67C, 0xD6FD, 0xCDB1, 0x1880,
  0x0000, 0x0000, 0x0000, 0x1081, 0x7C94, 0xF7BF, 0xFFDF, 0x844F, 0x20A0, 0x0000, 0x322A, 0xEFDF,
  0xD657, 0x3184, 0x18C1, 0x0000, 0x0000, 0x0000, 0x0000, 0x2902, 0x4207, 0x8430, 0xBE39, 0x634D,
  0x3162, 0x52EC, 0xD6FD, 0xB573, 0x1880, 0x0000, 0x0000, 0x0000, 0x0000, 0x0000, 0x0000, 0x0000,
  0x0000, 0x0000, 0x18A1, 0x6242, 0x632B, 0x8C91, 0x5A87, 0x0000, 0x0000, 0x0000, 0x0000, 0x0000,
  0x0000, 0x0000, 0x0000, 0x0000, 0x0000, 0x0000, 0x0000, 0x2901, 0x18A1, 0x0000, 0x0000, 0x0000,
  0x0000, 0x0000, 0x0000, 0x0000, 0x0000, 0x0000, 0x0000, 0x0000, 0x0000, 0x0000, 0x0000, 0x0000,
  0x0000, 0x0000, 0x0000, 0x0000, 0x0000, 0x0000, 0x0000, 0x0000, 0x0000, 0x0000, 0x0000, 0x0000,
  0x0000, 0x0000, 0x0000, 0x0000, 0x0000, 0x0000, 0x0000, 0x0000, 0x0000, 0x0000, 0x0000, 0x0000,
  0x0000, 0x0000, 0x0000, 0x0000, 0x0000, 0x0000, 0x0000, 0x0000, 0x0000, 0x0000, 0x0000, 0x0000,
  0x0000, 0x0000, 0x0000, 0x0000,
};

static const uint16_t L_NHL_NJ[256] PROGMEM = {
  0x0000, 0x0000, 0x0000, 0x0000, 0x0000, 0x0000, 0x0000, 0x0000, 0x0000, 0x10C3, 0x4208, 0x0020,
  0x3986, 0x31E7, 0x0000, 0x0000, 0x0000, 0x0000, 0x0000, 0x0000, 0x0000, 0x2124, 0x3186, 0x39C7,
  0x4A49, 0x91A6, 0x83CF, 0x21A6, 0x4B0C, 0xA1A6, 0x7A49, 0x0841, 0x0000, 0x0000, 0x0000, 0x0000,
  0x39E7, 0x528A, 0x9C92, 0xB5D7, 0x9924, 0xF800, 0xB882, 0xB924, 0xB0E3, 0xE800, 0xC8E3, 0x21C7,
  0x0000, 0x0000, 0x0000, 0x4208, 0x73AE, 0xE79E, 0xF7DF, 0xFFDF, 0xB228, 0xE000, 0xF000, 0xF000,
  0xF800, 0xE800, 0x9A08, 0x10E3, 0x0000, 0x0000, 0x31A6, 0x6B4D, 0xFFDF, 0xB3AE, 0xA8E3, 0xBD14,
  0xEF9E, 0x9B0C, 0xD800, 0xF820, 0xA800, 0x5A49, 0x2986, 0x0000, 0x0000, 0x0020, 0x4208, 0xDF1C,
  0xD69A, 0xC000, 0xF800, 0xB800, 0xC69A, 0xBB4D, 0xE800, 0xE800, 0xA28A, 0x534D, 0x18A2, 0x0000,
  0x0000, 0x18E3, 0x630C, 0xFFFF, 0xB32C, 0xE800, 0xE841, 0xF800, 0xA082, 0xB841, 0xF800, 0xC800,
  0xDE9A, 0x9CD3, 0x2945, 0x0000, 0x0000, 0x2104, 0x83EF, 0xEFBE, 0xB0A2, 0xF000, 0xE800, 0xE800,
  0xF000, 0xE800, 0xF000, 0xB104, 0xFFDF, 0xAD34, 0x2965, 0x0000, 0x0000, 0x18C3, 0x7C10, 0xCD75,
  0xD800, 0xF800, 0xA861, 0xB082, 0xF800, 0xE820, 0xE000, 0xB3EF, 0xFFDF, 0x94B2, 0x2965, 0x0000,
  0x0000, 0x18C3, 0x5B2C, 0x89A6, 0xC8A2, 0xC082, 0xB451, 0xA3EF, 0xE000, 0xF820, 0xC020, 0xD6DB,
  0xFFFF, 0x6B6D, 0x2124, 0x0000, 0x0000, 0x5A8A, 0x6B2C, 0x5104, 0xA249, 0x8A08, 0x9B0C, 0xC8E3,
  0xF020, 0xF000, 0xA208, 0xFFFF, 0xC618, 0x4228, 0x0020, 0x0000, 0x0882, 0x99A6, 0xD020, 0xD800,
  0xB000, 0xD000, 0xE800, 0xF000, 0xE000, 0xB104, 0xE73C, 0xDEBA, 0x528A, 0x3186, 0x0000, 0x0000,
  0x2186, 0xB924, 0xF800, 0xC820, 0x3A49, 0x5ACB, 0x930C, 0xAAEB, 0xB430, 0xC659, 0xA514, 0x4A69,
  0x39C7, 0x0000, 0x0000, 0x0000, 0x2186, 0xB8E3, 0xD8A2, 0x89E7, 0x7B8E, 0x5B0C, 0x4AAA, 0x5B6D,
  0x636D, 0x52AA, 0x39C7, 0x2945, 0x0000, 0x0000, 0x0000, 0x0000, 0x0861, 0x82EB, 0x4208, 0x0861,
  0x0000, 0x0000, 0x0000, 0x10A2, 0x10A2, 0x0841, 0x0000, 0x0000, 0x0000, 0x0000, 0x0000, 0x0000,
  0x0000, 0x18C3, 0x0000, 0x0000, 0x0000, 0x0000, 0x0000, 0x0000, 0x0000, 0x0000, 0x0000, 0x0000,
  0x0000, 0x0000, 0x0000, 0x0000,
};

static const uint16_t L_NHL_NYI[256] PROGMEM = {
  0x0000, 0x0000, 0x0000, 0x0000, 0x0000, 0x0000, 0x0841, 0x18E3, 0x18E3, 0x0841, 0x0000, 0x0000,
  0x0000, 0x0000, 0x0000, 0x0000, 0x0000, 0x0000, 0x0000, 0x0000, 0x39E7, 0xA44E, 0xCCD0, 0xBC90,
  0xBC90, 0xCCD0, 0xA4AF, 0x39E7, 0x0000, 0x0000, 0x0000, 0x0000, 0x0000, 0x0000, 0x0000, 0x9470,
  0xFE74, 0xD574, 0x5372, 0xBDFA, 0xB5F9, 0x5372, 0x62CE, 0xDD31, 0x94B0, 0x0000, 0x0000, 0x0000,
  0x0000, 0x0000, 0xA4B1, 0xCCD0, 0xF75C, 0xEFDF, 0x95BA, 0xFFFF, 0xFFFF, 0xB67C, 0x0150, 0x6C35,
  0xC4D0, 0xA4B0, 0x0000, 0x0000, 0x0000, 0x630C, 0xCC90, 0x1251, 0xF7FF, 0xFFFF, 0xFFDF, 0xE77E,
  0xB61B, 0xFFFF, 0x6C77, 0x74F9, 0x014F, 0xD4D0, 0x630C, 0x0000, 0x0020, 0xD551, 0x2A0D, 0x12F4,
  0xFFFF, 0xDF1D, 0xFFFF, 0xFFFF, 0x4395, 0xF7BF, 0xF7BF, 0x1AB3, 0x09F1, 0x324E, 0xDD51, 0x0020,
  0x39C7, 0xC4B0, 0x0190, 0x12D4, 0xD75F, 0x5458, 0x9DFB, 0xD75F, 0x0253, 0x959A, 0xC639, 0x21ED,
  0x0A51, 0x01B0, 0xC4B0, 0x39C7, 0x5AEB, 0xAC2F, 0x7249, 0xAAE7, 0xA309, 0x8AC9, 0xBAE6, 0x9B0A,
  0x7A69, 0xB576, 0xA3EE, 0x8288, 0x82CA, 0x2A0D, 0xBC4E, 0x5AEB, 0x5AEB, 0xE46C, 0xF2E1, 0xFB61,
  0xFB60, 0xFB81, 0xFB81, 0xFB40, 0xFBE4, 0xD594, 0x4A0A, 0x92E8, 0x528D, 0x11CF, 0xA430, 0x5AEB,
  0x39C7, 0xE4CE, 0x8A67, 0xAB07, 0x628B, 0x420C, 0x320C, 0x3A0C, 0x93F0, 0xB4D3, 0x94D5, 0x0213,
  0x426E, 0x29ED, 0xBCB1, 0x39C7, 0x0020, 0xC532, 0x8289, 0xB2E6, 0x3A8E, 0x64B9, 0x8DBC, 0xB6BE,
  0x9DFC, 0x5AAE, 0x9B8C, 0x72AA, 0xAAE7, 0x626B, 0xCD32, 0x0020, 0x0000, 0x630C, 0xD4D0, 0x8A25,
  0xB369, 0xEDF5, 0xFDB1, 0xC554, 0x630F, 0x6A4A, 0x7A89, 0xC326, 0x6208, 0xD4D0, 0x630C, 0x0000,
  0x0000, 0x0000, 0xA4D1, 0xC44E, 0x5A09, 0x8A88, 0xB285, 0xBAA4, 0xB2C6, 0x92E9, 0xA2C7, 0x49EA,
  0xB42F, 0xACD1, 0x0000, 0x0000, 0x0000, 0x0000, 0x0000, 0x9491, 0xD531, 0x832C, 0x728A, 0x624B,
  0x7A69, 0x728A, 0x832C, 0xCD31, 0x9490, 0x0020, 0x0000, 0x0000, 0x0000, 0x0000, 0x0000, 0x0000,
  0x4208, 0xA490, 0xC4F1, 0xC4D1, 0xC4D1, 0xC4F1, 0xA490, 0x4208, 0x0000, 0x0000, 0x0000, 0x0000,
  0x0000, 0x0000, 0x0000, 0x0000, 0x0000, 0x0000, 0x0841, 0x2104, 0x2104, 0x0841, 0x0000, 0x0000,
  0x0000, 0x0000, 0x0000, 0x0000,
};

static const uint16_t L_NHL_NYR[256] PROGMEM = {
  0x0041, 0x18E4, 0x2104, 0x2104, 0x0841, 0x1082, 0x2104, 0x2104, 0x2104, 0x2104, 0x1082, 0x0841,
  0x2104, 0x2104, 0x18E4, 0x0041, 0x10A3, 0x9D78, 0x5416, 0x53D5, 0x7475, 0x6C76, 0x53D6, 0x5416,
  0x5416, 0x4BD5, 0x6C55, 0x7475, 0x53D5, 0x5436, 0x9578, 0x10A3, 0x0000, 0x4ACC, 0x3BD7, 0x0A52,
  0x3B96, 0x2335, 0x12B4, 0x0273, 0x12D4, 0x2314, 0x3375, 0x3BB6, 0x1273, 0x2B76, 0x52ED, 0x0000,
  0x0000, 0x2166, 0xA5FB, 0xA5FB, 0x6C98, 0x8539, 0xCEDD, 0x12B3, 0x8518, 0x7CF8, 0xA5DA, 0x8D59,
  0x8D59, 0x5C58, 0x31A7, 0x0000, 0x0000, 0x31A7, 0x7D1A, 0x7CD8, 0x6CB8, 0x5C57, 0x8D79, 0x12F4,
  0x3C17, 0x64D9, 0x6D19, 0x5478, 0x4C58, 0x6CD9, 0x31A7, 0x0000, 0x0000, 0x31C7, 0x5C58, 0x2AD4,
  0x3375, 0x5416, 0x43D6, 0x6AF2, 0x82AF, 0x72F1, 0x72D0, 0x7AF1, 0x7A6F, 0x7C36, 0x31C7, 0x0000,
  0x0000, 0x39C7, 0x5438, 0x01B1, 0x5417, 0x8D59, 0x3375, 0x5333, 0xB108, 0xF043, 0xE884, 0xE0A5,
  0xE802, 0xAB31, 0x29E8, 0x0000, 0x0000, 0x29A7, 0x853A, 0x43B5, 0x5437, 0x6C98, 0x8539, 0x4C37,
  0x43F7, 0x7A0D, 0xE0A5, 0xE8E6, 0xE084, 0xAB72, 0x29E8, 0x0000, 0x0000, 0x2166, 0xBE7D, 0xCEDD,
  0x5416, 0x43D6, 0x74D8, 0xAE1B, 0x6477, 0x4C78, 0x5AD2, 0xC107, 0xF023, 0xAB72, 0x29E8, 0x0000,
  0x0000, 0x2166, 0xB65C, 0xFFFF, 0xEF9F, 0x7D19, 0x3B95, 0x6477, 0x8D59, 0x74B8, 0x5478, 0x4395,
  0xA129, 0xAB31, 0x29E8, 0x0000, 0x0000, 0x2166, 0xB65C, 0xFFFF, 0xFFFF, 0xFFFF, 0xAE3B, 0x43D6,
  0x5C57, 0x74D8, 0x6457, 0x8559, 0x3B96, 0x7477, 0x31C7, 0x0000, 0x0000, 0x2166, 0xB65C, 0xFFFF,
  0xFFFF, 0xFFFF, 0xFFFF, 0xDF1D, 0x6477, 0x3B75, 0x6C98, 0x7D18, 0x6C98, 0x5458, 0x31C7, 0x0000,
  0x0000, 0x2966, 0xB67D, 0xFFFF, 0xFFFF, 0xFFFF, 0xFFFF, 0xFFFF, 0xFFFF, 0x957A, 0x3375, 0x5C57,
  0x2B14, 0x43F7, 0x39E7, 0x0000, 0x0000, 0x0861, 0x84B5, 0xA5FB, 0xA5FB, 0xA5FB, 0xA5FB, 0xCEDE,
  0xCEFE, 0xAE1B, 0x7CF9, 0x6CB8, 0x5417, 0x7475, 0x1082, 0x0000, 0x0000, 0x0000, 0x0020, 0x18E4,
  0x18E4, 0x1904, 0x1905, 0x5B4F, 0x5B4F, 0x1905, 0x2125, 0x2125, 0x2945, 0x0020, 0x0000, 0x0000,
  0x0000, 0x0000, 0x0000, 0x0000, 0x0000, 0x0000, 0x0000, 0x0000, 0x0000, 0x0000, 0x0000, 0x0000,
  0x0000, 0x0000, 0x0000, 0x0000,
};

static const uint16_t L_NHL_OTT[256] PROGMEM = {
  0x0000, 0x0000, 0x0000, 0x0000, 0x0000, 0x0000, 0x0000, 0x0000, 0x0000, 0x0000, 0x0000, 0x0000,
  0x0000, 0x0000, 0x0000, 0x0000, 0x0000, 0x0000, 0x0000, 0x0000, 0x0000, 0x0000, 0x0000, 0x0000,
  0x0000, 0x0000, 0x0000, 0x0000, 0x0000, 0x0000, 0x0000, 0x0000, 0x0000, 0x0000, 0x0000, 0x0000,
  0x0000, 0x0000, 0x0000, 0x10E3, 0x4A07, 0x81E7, 0x8289, 0x0882, 0x0000, 0x0000, 0x0000, 0x0000,
  0x0000, 0x0000, 0x0000, 0x0000, 0x0000, 0x0000, 0x31A6, 0xAA08, 0xE0A6, 0xF004, 0x9228, 0x18E3,
  0x0000, 0x0000, 0x0000, 0x0000, 0x0000, 0x0000, 0x0000, 0x0000, 0x0000, 0x1944, 0xB9E8, 0xF004,
  0xF025, 0xE825, 0x8287, 0x7B68, 0x6AC8, 0x2924, 0x0000, 0x0000, 0x18E3, 0x39C6, 0x0861, 0x0000,
  0x0000, 0x7228, 0xE825, 0xE845, 0xD024, 0x4001, 0x3122, 0x3122, 0x6AA5, 0x8369, 0x2945, 0x0000,
  0x0020, 0x62C9, 0x41C5, 0x41E6, 0x4267, 0xA166, 0xF005, 0xE845, 0x2800, 0x62C5, 0xD4EB, 0xAC29,
  0xA3C7, 0x49C3, 0x7309, 0x0841, 0x0000, 0x18E3, 0x41E5, 0x0000, 0x0000, 0x9884, 0xF826, 0xA803,
  0x2102, 0xD50B, 0xB428, 0xBC6A, 0xA46D, 0x0000, 0x8327, 0x3165, 0x0000, 0x0000, 0x39E7, 0x7B4B,
  0x39E5, 0xA145, 0xF825, 0xB804, 0x20E2, 0xCCEA, 0xB4AD, 0xAC6B, 0xE73C, 0x2965, 0x7AE6, 0x4A27,
  0x0000, 0x0000, 0x0000, 0x5A88, 0x31A4, 0x48C2, 0xE825, 0xF045, 0x5001, 0x5A64, 0xDE12, 0xC592,
  0xF73A, 0x5ACB, 0x6A85, 0x39A6, 0x0000, 0x0000, 0x0000, 0x0841, 0x4A28, 0x4205, 0xB105, 0xF805,
  0xE845, 0x3021, 0x5203, 0x732A, 0x9CB1, 0x5226, 0x72E8, 0x0861, 0x0000, 0x0000, 0x0000, 0x0000,
  0x0841, 0x734A, 0x3983, 0xB8A4, 0xE845, 0x4943, 0x18A1, 0x1880, 0x49C3, 0x7B28, 0x39A6, 0x0000,
  0x0000, 0x0000, 0x0000, 0x0000, 0x0000, 0x10A2, 0x39E6, 0x5267, 0xA9A6, 0x93A9, 0x8328, 0x7B07,
  0x7B29, 0x31A6, 0x0000, 0x0000, 0x0000, 0x0000, 0x0000, 0x0000, 0x0000, 0x0000, 0x0000, 0x2965,
  0x5AE9, 0x18E3, 0x2944, 0x2124, 0x0000, 0x0000, 0x0000, 0x0000, 0x0000, 0x0000, 0x0000, 0x0000,
  0x0000, 0x0000, 0x0000, 0x0000, 0x0000, 0x0000, 0x0000, 0x0000, 0x0000, 0x0000, 0x0000, 0x0000,
  0x0000, 0x0000, 0x0000, 0x0000, 0x0000, 0x0000, 0x0000, 0x0000, 0x0000, 0x0000, 0x0000, 0x0000,
  0x0000, 0x0000, 0x0000, 0x0000,
};

static const uint16_t L_NHL_PHI[256] PROGMEM = {
  0x0000, 0x0000, 0x0000, 0x0000, 0x0000, 0x0000, 0x0000, 0x0000, 0x0000, 0x0000, 0x0000, 0x0000,
  0x0000, 0x0000, 0x0000, 0x0000, 0x0000, 0x0000, 0x0000, 0x0000, 0x0000, 0x0000, 0x0000, 0x0000,
  0x0000, 0x0000, 0x0000, 0x0000, 0x0000, 0x0000, 0x0000, 0x0000, 0x10A2, 0x3186, 0x3186, 0x3186,
  0x3186, 0x3186, 0x3186, 0x3186, 0x3186, 0x3186, 0x3186, 0x2124, 0x0000, 0x0000, 0x0000, 0x0000,
  0x5AEB, 0x52AA, 0x2965, 0x3186, 0x3186, 0x3186, 0x3186, 0x3186, 0x3186, 0x3186, 0x31A6, 0x4208,
  0x5ACB, 0x4208, 0x0000, 0x0000, 0x1082, 0x630C, 0x0000, 0x0000, 0x0000, 0x0000, 0x0000, 0x0000,
  0x0000, 0x0000, 0x0000, 0x0000, 0x0000, 0x4228, 0x4208, 0x0000, 0x4208, 0x8C51, 0x5AEB, 0x39C7,
  0x39C7, 0x39C7, 0x2965, 0x0020, 0x0000, 0x3A08, 0x9D55, 0x7C10, 0x0841, 0x0000, 0x528A, 0x0841,
  0x39E7, 0x39C7, 0x0000, 0x0000, 0x0000, 0x0000, 0x0000, 0x0000, 0x2986, 0xFF5C, 0xFC4D, 0xFE76,
  0x94D3, 0x0000, 0x2945, 0x4208, 0x10A2, 0x94B2, 0x4228, 0x2104, 0x2104, 0x0861, 0x0000, 0x0000,
  0xADF8, 0xFD92, 0xE020, 0xF262, 0xDEDB, 0x0000, 0x18C3, 0x4A69, 0x5AEB, 0x4A69, 0x2945, 0x2104,
  0x2104, 0x1082, 0x0000, 0x39E7, 0x5AEB, 0xF71B, 0xFC2C, 0xFE55, 0x9CF4, 0x0000, 0x2945, 0x4208,
  0x0861, 0x632C, 0x0020, 0x0000, 0x0000, 0x0000, 0x18C3, 0x52AA, 0x0000, 0x4249, 0xA576, 0x8451,
  0x0841, 0x0000, 0x528A, 0x0861, 0x4208, 0x8430, 0x5AEB, 0x3186, 0x0841, 0x0000, 0x5ACB, 0x6B4D,
  0x1082, 0x0000, 0x0000, 0x0000, 0x0000, 0x4208, 0x4208, 0x0000, 0x39E7, 0x4228, 0x0000, 0x0000,
  0x0000, 0x2945, 0x4208, 0x0020, 0x5AEB, 0x4A49, 0x31A6, 0x39E7, 0x5ACB, 0x4228, 0x0000, 0x0000,
  0x0000, 0x632C, 0x4A69, 0x3186, 0x3186, 0x630C, 0x0000, 0x0000, 0x0000, 0x10A2, 0x31A6, 0x2945,
  0x0000, 0x0000, 0x0000, 0x0000, 0x0000, 0x0000, 0x2104, 0x3186, 0x3186, 0x0861, 0x0000, 0x0000,
  0x0000, 0x0000, 0x0000, 0x0000, 0x0000, 0x0000, 0x0000, 0x0000, 0x0000, 0x0000, 0x0000, 0x0000,
  0x0000, 0x0000, 0x0000, 0x0000, 0x0000, 0x0000, 0x0000, 0x0000, 0x0000, 0x0000, 0x0000, 0x0000,
  0x0000, 0x0000, 0x0000, 0x0000, 0x0000, 0x0000, 0x0000, 0x0000, 0x0000, 0x0000, 0x0000, 0x0000,
  0x0000, 0x0000, 0x0000, 0x0000,
};

static const uint16_t L_NHL_PIT[256] PROGMEM = {
  0x0000, 0x0000, 0x0000, 0x0000, 0x0000, 0x18C3, 0x0000, 0x0000, 0x0000, 0x0000, 0x0000, 0x0000,
  0x0000, 0x0000, 0x0000, 0x0000, 0x0000, 0x0000, 0x0000, 0x0841, 0x52AA, 0x4A49, 0x528A, 0x2124,
  0x4A69, 0x528A, 0x31A6, 0x0841, 0x0000, 0x0000, 0x0000, 0x0000, 0x0841, 0x1082, 0x0861, 0x5ACA,
  0x4208, 0x0000, 0x1082, 0x2945, 0x0861, 0x0000, 0x4A6A, 0x840F, 0x52CB, 0x2125, 0x0841, 0x0000,
  0x2104, 0x9C6D, 0xAC8A, 0x9D36, 0x2103, 0x0000, 0x39C7, 0x4228, 0x0000, 0x20C0, 0x6B08, 0x7C11,
  0x8BEB, 0x9C8D, 0x18E3, 0x0000, 0x0000, 0x62E8, 0xBCA4, 0xB4C7, 0xB420, 0x4228, 0xFFFF, 0xFFFF,
  0xC639, 0x3163, 0xA3C1, 0x738E, 0x93E6, 0x5A87, 0x0000, 0x0000, 0x0000, 0x0861, 0xA449, 0xFE40,
  0xABA0, 0x52AB, 0xFFFF, 0xF7BE, 0xFFFF, 0xC639, 0x5AA8, 0xDD22, 0xAC8A, 0x2965, 0x0000, 0x0000,
  0x0000, 0x0000, 0x4229, 0xED84, 0xE540, 0x0861, 0xC638, 0xFFFF, 0xF79E, 0xD69A, 0x73AD, 0xAC03,
  0x9471, 0x6B4D, 0x9492, 0x2965, 0x0000, 0x0000, 0x0000, 0x8BEA, 0xFE20, 0x7AC0, 0x2987, 0xC638,
  0xC659, 0xF7BE, 0xE71C, 0x4A69, 0x52AA, 0x41E7, 0x7BCF, 0x10A2, 0x0000, 0x0000, 0x0000, 0x2967,
  0xDD45, 0xFDA1, 0x6B4C, 0x5AEC, 0x83AA, 0xA4F3, 0xA514, 0x3186, 0x52AA, 0x2104, 0x0000, 0x0000,
  0x0000, 0x0000, 0x0000, 0x0000, 0x7BAB, 0xF540, 0x9C8E, 0x7BEF, 0xE500, 0x3100, 0x4228, 0x2965,
  0x0000, 0x0000, 0x0000, 0x0000, 0x0000, 0x3186, 0x7BCF, 0x4207, 0x52AB, 0xB54F, 0xC509, 0xDD42,
  0xAC02, 0x2102, 0x5ACB, 0x0000, 0x0000, 0x0000, 0x0000, 0x0000, 0x0000, 0x8430, 0x7BEF, 0x39E7,
  0x528A, 0xA514, 0xED60, 0xFDE0, 0x8BC7, 0x7BCF, 0x8C51, 0x0000, 0x0000, 0x0000, 0x0000, 0x0000,
  0x0000, 0x0841, 0x0000, 0x0020, 0x0020, 0x10A2, 0xAC89, 0xFDC0, 0xB4A8, 0x10A2, 0x0000, 0x0000,
  0x0000, 0x0000, 0x0000, 0x0000, 0x0000, 0x0000, 0x0000, 0x0000, 0x0000, 0x0000, 0x4A48, 0xCD27,
  0x4A48, 0x0000, 0x0000, 0x0000, 0x0000, 0x0000, 0x0000, 0x0000, 0x0000, 0x0000, 0x0000, 0x0000,
  0x0000, 0x0000, 0x0020, 0x6B8E, 0x0020, 0x0000, 0x0000, 0x0000, 0x0000, 0x0000, 0x0000, 0x0000,
  0x0000, 0x0000, 0x0000, 0x0000, 0x0000, 0x0000, 0x0000, 0x0000, 0x0000, 0x0000, 0x0000, 0x0000,
  0x0000, 0x0000, 0x0000, 0x0000,
};

static const uint16_t L_NHL_SJ[256] PROGMEM = {
  0x0000, 0x0000, 0x0000, 0x0000, 0x0000, 0x0000, 0x0000, 0x0000, 0x0000, 0x0000, 0x0000, 0x0000,
  0x0000, 0x0000, 0x0000, 0x0000, 0x0000, 0x0000, 0x0000, 0x0000, 0x0000, 0x0861, 0x0000, 0x0000,
  0x0000, 0x0000, 0x0000, 0x0000, 0x0000, 0x0000, 0x0000, 0x0000, 0x0000, 0x0000, 0x0000, 0x0000,
  0x0000, 0x31A6, 0x2965, 0x0000, 0x0000, 0x0000, 0x0000, 0x0000, 0x0000, 0x0000, 0x0000, 0x0000,
  0x0000, 0x0000, 0x0000, 0x0000, 0x0000, 0x0841, 0x2124, 0x2104, 0x0000, 0x0000, 0x0000, 0x0000,
  0x0000, 0x0000, 0x0000, 0x0000, 0x0000, 0x0020, 0x18C3, 0x0841, 0x0000, 0x0000, 0x20E3, 0x0841,
  0x2124, 0x0000, 0x0000, 0x0000, 0x1081, 0x10A2, 0x0000, 0x0000, 0x0000, 0x0000, 0x31A6, 0x18E3,
  0x2104, 0x2124, 0x29C7, 0x0020, 0x0861, 0x4A69, 0x52EA, 0x740F, 0x5B4B, 0x18E3, 0x0000, 0x0000,
  0x0000, 0x0000, 0x0861, 0x18C3, 0x0000, 0x0020, 0x0041, 0x0020, 0x0000, 0x4228, 0xFFFF, 0xE79D,
  0x4A89, 0x2945, 0x2923, 0x18E3, 0x0000, 0x0000, 0x0000, 0x2104, 0x0861, 0x0041, 0x0000, 0x0104,
  0x02AC, 0x0105, 0x4C32, 0x4248, 0x0020, 0x2945, 0x7B08, 0x2103, 0x1082, 0x3186, 0x2104, 0x2104,
  0x1904, 0x0000, 0x0020, 0x0020, 0x02ED, 0x0454, 0x0391, 0x0209, 0x1082, 0x6287, 0x4A05, 0x0000,
  0x0020, 0x2104, 0x2965, 0x2104, 0x0861, 0x0020, 0x0000, 0x0000, 0x0082, 0x0209, 0x03F1, 0x0412,
  0x2B6E, 0x7B4A, 0x0020, 0x0000, 0x0000, 0x0000, 0x0000, 0x0861, 0x2104, 0x2104, 0x3A08, 0x528A,
  0x10A2, 0x1840, 0x09A6, 0x0390, 0x0C33, 0x3A49, 0x0000, 0x0000, 0x0000, 0x0000, 0x0000, 0x0000,
  0x0000, 0x39E7, 0xB4EF, 0xCD70, 0x8349, 0x7B49, 0x8C0F, 0x2A6A, 0x034F, 0x228B, 0x0000, 0x0000,
  0x0000, 0x0000, 0x0000, 0x0000, 0x39C7, 0xCE7A, 0x630C, 0x6C2F, 0x52EB, 0x20E3, 0x4A49, 0x39A6,
  0x2103, 0x2145, 0x0000, 0x0000, 0x0000, 0x0000, 0x0000, 0x10A2, 0xB4AE, 0x83AC, 0x0000, 0x31C6,
  0x18C3, 0x0000, 0x0000, 0x0000, 0x0000, 0x0000, 0x0000, 0x0000, 0x0000, 0x0000, 0x0000, 0x0841,
  0x18A1, 0x0000, 0x0000, 0x0000, 0x0000, 0x0000, 0x0000, 0x0000, 0x0000, 0x0000, 0x0000, 0x0000,
  0x0000, 0x0000, 0x0000, 0x0000, 0x0000, 0x0000, 0x0000, 0x0000, 0x0000, 0x0000, 0x0000, 0x0000,
  0x0000, 0x0000, 0x0000, 0x0000,
};

static const uint16_t L_NHL_SEA[256] PROGMEM = {
  0x0000, 0x0000, 0x0000, 0x0000, 0x0000, 0x0000, 0x0000, 0x0000, 0x0000, 0x0000, 0x0000, 0x0000,
  0x0000, 0x0000, 0x0000, 0x0000, 0x0000, 0x0000, 0x0000, 0x0000, 0x0000, 0x0000, 0x00A5, 0x1AAD,
  0x0947, 0x0000, 0x0000, 0x0000, 0x0000, 0x0000, 0x0000, 0x0000, 0x0000, 0x0000, 0x0000, 0x0000,
  0x0022, 0x230E, 0x2C74, 0x3D77, 0x6659, 0x19A8, 0x0000, 0x0000, 0x0000, 0x0000, 0x0000, 0x0000,
  0x0000, 0x0000, 0x0000, 0x0022, 0x2B6F, 0x3D16, 0x44D4, 0x08A4, 0x3D57, 0x6F1C, 0x4C93, 0x2A8B,
  0x0906, 0x0021, 0x0000, 0x0000, 0x0000, 0x0000, 0x0000, 0x1A6C, 0x3C11, 0x3412, 0x4535, 0x6001,
  0x3907, 0x2474, 0x4E1A, 0x4577, 0x11A9, 0x0000, 0x0000, 0x0000, 0x0000, 0x0000, 0x0000, 0x2BB1,
  0x4431, 0x122B, 0x5EDC, 0x52CC, 0x4002, 0x0002, 0x00C5, 0x0022, 0x0000, 0x0000, 0x0000, 0x0000,
  0x0000, 0x0000, 0x0000, 0x122B, 0x5E7A, 0x19E9, 0x12AD, 0x567A, 0x4D56, 0x21E9, 0x0000, 0x0000,
  0x0000, 0x0000, 0x0000, 0x0000, 0x0000, 0x0000, 0x0000, 0x0043, 0x2C13, 0x669B, 0x330D, 0x0948,
  0x2BF2, 0x5E7B, 0x4CD4, 0x08A4, 0x0000, 0x0000, 0x0000, 0x0000, 0x0000, 0x0000, 0x0000, 0x0000,
  0x0043, 0x1B0F, 0x565A, 0x5DD7, 0x2AAB, 0x0948, 0x3CF5, 0x5DF8, 0x08C5, 0x0000, 0x0000, 0x0000,
  0x0000, 0x0000, 0x0000, 0x0000, 0x0000, 0x0000, 0x00A5, 0x23B1, 0x567B, 0x5535, 0x00A5, 0x3473,
  0x3C32, 0x0000, 0x0000, 0x0000, 0x0000, 0x0000, 0x0000, 0x0000, 0x0042, 0x1146, 0x08A4, 0x0001,
  0x0147, 0x4DF9, 0x4CF4, 0x00E6, 0x3C93, 0x0001, 0x0000, 0x0000, 0x0000, 0x0000, 0x0000, 0x1147,
  0x4D56, 0x5E9B, 0x669A, 0x4411, 0x0001, 0x1AEE, 0x5E39, 0x1167, 0x22AC, 0x0000, 0x0000, 0x0000,
  0x0000, 0x0000, 0x0021, 0x00C5, 0x11C9, 0x1AEF, 0x3516, 0x66FC, 0x336F, 0x34B5, 0x5535, 0x0064,
  0x0084, 0x0000, 0x0000, 0x0000, 0x0000, 0x0000, 0x0000, 0x0000, 0x0000, 0x0000, 0x00C5, 0x2413,
  0x5EBC, 0x5DF8, 0x1167, 0x0002, 0x0000, 0x0000, 0x0000, 0x0000, 0x0000, 0x0000, 0x0000, 0x0000,
  0x0000, 0x0000, 0x0000, 0x00A5, 0x2B0E, 0x08C5, 0x0000, 0x0000, 0x0000, 0x0000, 0x0000, 0x0000,
  0x0000, 0x0000, 0x0000, 0x0000, 0x0000, 0x0000, 0x0000, 0x0000, 0x0000, 0x0000, 0x0000, 0x0000,
  0x0000, 0x0000, 0x0000, 0x0000,
};

static const uint16_t L_NHL_STL[256] PROGMEM = {
  0x0000, 0x0000, 0x0000, 0x0000, 0x0000, 0x0000, 0x0000, 0x0000, 0x0000, 0x0000, 0x0000, 0x0000,
  0x0000, 0x0000, 0x0000, 0x0000, 0x0000, 0x0000, 0x0000, 0x0000, 0x0000, 0x0000, 0x0000, 0x0000,
  0x0000, 0x0000, 0x0000, 0x0000, 0x0000, 0x0000, 0x0000, 0x0000, 0x0063, 0x53AD, 0x3268, 0x00E5,
  0x53AD, 0x3B4E, 0x3B4E, 0x3B4E, 0x3B4E, 0x3B4E, 0x3B4E, 0x3B4E, 0x332E, 0x53AC, 0x4B4C, 0x0063,
  0x0000, 0x3289, 0x6CD1, 0x4288, 0x4C51, 0x3414, 0x3433, 0x3433, 0x3433, 0x3433, 0x3434, 0x3C33,
  0x74D0, 0x5C70, 0x1924, 0x0000, 0x0000, 0x0000, 0x53CE, 0x4453, 0x0B76, 0x1BB4, 0x3C12, 0x3BF2,
  0x3C12, 0x3BF2, 0x4411, 0x5C50, 0x7C6C, 0x1987, 0x0000, 0x0000, 0x0000, 0x0000, 0x1944, 0x3C33,
  0x0358, 0x0396, 0x33F3, 0x3C12, 0x3C12, 0x3BF2, 0x644F, 0x84AD, 0x0108, 0x0000, 0x0000, 0x0000,
  0x0000, 0x0000, 0x0000, 0x42EA, 0x2416, 0x0358, 0x0B96, 0x2BF3, 0x4412, 0x84EE, 0x53EE, 0x00A4,
  0x0000, 0x0000, 0x0000, 0x0000, 0x0000, 0x0000, 0x0000, 0x0862, 0x4C10, 0x23D5, 0x3413, 0x5471,
  0x748E, 0x222A, 0x0062, 0x0000, 0x0000, 0x0000, 0x0000, 0x0000, 0x0000, 0x0000, 0x0000, 0x0000,
  0x21C7, 0x74F0, 0x6C2B, 0x3ACA, 0x00A4, 0x0000, 0x0000, 0x0000, 0x0000, 0x0000, 0x0000, 0x0000,
  0x0000, 0x0000, 0x0000, 0x0000, 0x0000, 0x436C, 0x540F, 0x0022, 0x0000, 0x0000, 0x0000, 0x0000,
  0x0000, 0x0000, 0x0000, 0x0000, 0x0000, 0x0000, 0x0000, 0x29A6, 0x432C, 0x53CE, 0x6CD1, 0x32CA,
  0x0000, 0x0000, 0x0000, 0x0000, 0x0000, 0x0000, 0x0000, 0x0000, 0x0000, 0x0000, 0x2A28, 0x3C74,
  0x0BB7, 0x0397, 0x0358, 0x4C31, 0x0841, 0x0000, 0x0000, 0x0000, 0x0000, 0x0000, 0x0000, 0x0000,
  0x0000, 0x0000, 0x432B, 0x2457, 0x0397, 0x0BD7, 0x3455, 0x3AEB, 0x0000, 0x0000, 0x0000, 0x0000,
  0x0000, 0x0000, 0x0000, 0x0000, 0x0000, 0x0000, 0x0862, 0x3ACA, 0x436D, 0x432C, 0x2A07, 0x0000,
  0x0000, 0x0000, 0x0000, 0x0000, 0x0000, 0x0000, 0x0000, 0x0000, 0x0000, 0x0000, 0x0000, 0x0000,
  0x0000, 0x0000, 0x0000, 0x0000, 0x0000, 0x0000, 0x0000, 0x0000, 0x0000, 0x0000, 0x0000, 0x0000,
  0x0000, 0x0000, 0x0000, 0x0000, 0x0000, 0x0000, 0x0000, 0x0000, 0x0000, 0x0000, 0x0000, 0x0000,
  0x0000, 0x0000, 0x0000, 0x0000,
};

static const uint16_t L_NHL_TB[256] PROGMEM = {
  0x0000, 0x0000, 0x0000, 0x0000, 0x0000, 0x0000, 0x0000, 0x0000, 0x0000, 0x0000, 0x0000, 0x0000,
  0x0000, 0x0000, 0x0000, 0x0000, 0x0000, 0x0000, 0x0000, 0x0000, 0x0000, 0x0000, 0x0000, 0x0000,
  0x0000, 0x0000, 0x0000, 0x0000, 0x0043, 0x0065, 0x0021, 0x0000, 0x0000, 0x0000, 0x0000, 0x0000,
  0x0000, 0x0000, 0x0022, 0x0043, 0x0043, 0x0065, 0x0088, 0x00CB, 0x00A9, 0x0022, 0x0000, 0x0000,
  0x0000, 0x0000, 0x0000, 0x0000, 0x0043, 0x0044, 0x0044, 0x0022, 0x00A9, 0x00EC, 0x00EC, 0x0087,
  0x0043, 0x0001, 0x0000, 0x0000, 0x0000, 0x0000, 0x0021, 0x0044, 0x0022, 0x0000, 0x0000, 0x0066,
  0x00CC, 0x00CB, 0x0088, 0x0023, 0x0044, 0x00CA, 0x0022, 0x0000, 0x0000, 0x0001, 0x0044, 0x0000,
  0x0000, 0x0000, 0x0066, 0x00EC, 0x00CB, 0x00CB, 0x00CA, 0x0044, 0x0000, 0x0065, 0x00AA, 0x0000,
  0x0000, 0x0065, 0x0000, 0x0000, 0x0000, 0x0044, 0x00A9, 0x00CB, 0x00EC, 0x00AA, 0x0022, 0x0000,
  0x0000, 0x0001, 0x00CB, 0x0023, 0x0022, 0x0044, 0x0000, 0x0000, 0x0000, 0x0000, 0x0087, 0x00CB,
  0x0087, 0x0000, 0x0000, 0x0000, 0x0000, 0x0001, 0x00CB, 0x0044, 0x0044, 0x0043, 0x0000, 0x0000,
  0x0000, 0x0087, 0x00EC, 0x00A9, 0x0044, 0x0000, 0x0000, 0x0000, 0x0000, 0x0044, 0x00EC, 0x0022,
  0x0044, 0x0066, 0x0000, 0x0001, 0x0088, 0x00EC, 0x00CC, 0x00A9, 0x0023, 0x0000, 0x0000, 0x0000,
  0x0001, 0x00CB, 0x0088, 0x0000, 0x0001, 0x00AA, 0x0022, 0x0022, 0x00A9, 0x00EC, 0x0087, 0x0000,
  0x0000, 0x0000, 0x0000, 0x0022, 0x00CB, 0x00CB, 0x0001, 0x0000, 0x0000, 0x0044, 0x00CA, 0x0086,
  0x00A9, 0x0043, 0x0000, 0x0000, 0x0000, 0x0022, 0x0087, 0x00EC, 0x00A9, 0x0021, 0x0000, 0x0000,
  0x0000, 0x0000, 0x0066, 0x00AA, 0x0044, 0x0088, 0x00A9, 0x00A9, 0x00CB, 0x00EC, 0x00AA, 0x0065,
  0x0000, 0x0000, 0x0000, 0x0000, 0x0000, 0x0022, 0x0065, 0x0000, 0x0022, 0x0066, 0x0086, 0x0066,
  0x0065, 0x0022, 0x0000, 0x0000, 0x0000, 0x0000, 0x0000, 0x0000, 0x0000, 0x0021, 0x0000, 0x0000,
  0x0000, 0x0000, 0x0000, 0x0000, 0x0000, 0x0000, 0x0000, 0x0000, 0x0000, 0x0000, 0x0000, 0x0000,
  0x0000, 0x0000, 0x0000, 0x0000, 0x0000, 0x0000, 0x0000, 0x0000, 0x0000, 0x0000, 0x0000, 0x0000,
  0x0000, 0x0000, 0x0000, 0x0000,
};

static const uint16_t L_NHL_TOR[256] PROGMEM = {
  0x0000, 0x0000, 0x0000, 0x0000, 0x0000, 0x0000, 0x0000, 0x0000, 0x0000, 0x0000, 0x0000, 0x0000,
  0x0000, 0x0000, 0x0000, 0x0000, 0x0000, 0x0000, 0x0000, 0x0000, 0x0000, 0x0000, 0x0000, 0x0066,
  0x0066, 0x0000, 0x0000, 0x0000, 0x0000, 0x0000, 0x0000, 0x0000, 0x0000, 0x0000, 0x0000, 0x0000,
  0x0000, 0x0000, 0x0044, 0x090C, 0x010C, 0x0044, 0x0000, 0x0000, 0x0000, 0x0000, 0x0000, 0x0000,
  0x0000, 0x0000, 0x0000, 0x0000, 0x0000, 0x0021, 0x00AA, 0x114C, 0x114C, 0x00AA, 0x0021, 0x0000,
  0x0000, 0x0000, 0x0000, 0x0000, 0x0000, 0x0000, 0x0000, 0x0000, 0x0000, 0x0066, 0x00CB, 0x196C,
  0x196C, 0x00AB, 0x0066, 0x0000, 0x0000, 0x0000, 0x0000, 0x0000, 0x0000, 0x0021, 0x0088, 0x0088,
  0x0043, 0x0023, 0x00EC, 0x21CE, 0x198D, 0x00EC, 0x0023, 0x0043, 0x0088, 0x0088, 0x0021, 0x0000,
  0x0000, 0x0023, 0x090C, 0x196D, 0x00CC, 0x0046, 0x0069, 0x198D, 0x198D, 0x0049, 0x0046, 0x00CC,
  0x196D, 0x010C, 0x0023, 0x0000, 0x0000, 0x0000, 0x00AA, 0x21AD, 0x114C, 0x194D, 0x3A4F, 0x42B0,
  0x42B0, 0x322F, 0x198D, 0x090C, 0x198D, 0x00AA, 0x0000, 0x0000, 0x0000, 0x0000, 0x0043, 0x00CB,
  0x4B11, 0x6BB3, 0x7414, 0x6393, 0x6BB3, 0x73F4, 0x5311, 0x6392, 0x00EC, 0x0023, 0x0000, 0x0000,
  0x0000, 0x0000, 0x0000, 0x0088, 0x198E, 0x5B52, 0x4290, 0x322F, 0x4290, 0x218D, 0x5311, 0x4AF1,
  0x0088, 0x0000, 0x0000, 0x0000, 0x0000, 0x0000, 0x0000, 0x0022, 0x0069, 0x4AF1, 0x6BD3, 0x6372,
  0x4AF1, 0x5B32, 0x3A90, 0x0049, 0x0022, 0x0000, 0x0000, 0x0000, 0x0000, 0x0000, 0x0000, 0x0043,
  0x00CA, 0x2A0F, 0x4AF1, 0x4AF1, 0x5B52, 0x5332, 0x5311, 0x008A, 0x0044, 0x0000, 0x0000, 0x0000,
  0x0000, 0x0000, 0x0000, 0x0043, 0x00CB, 0x29EE, 0x3A70, 0x3A90, 0x4290, 0x198D, 0x2A0E, 0x00AB,
  0x0043, 0x0000, 0x0000, 0x0000, 0x0000, 0x0000, 0x0000, 0x0065, 0x00A9, 0x00EB, 0x114D, 0x112C,
  0x112C, 0x198E, 0x00CB, 0x00A9, 0x0065, 0x0000, 0x0000, 0x0000, 0x0000, 0x0000, 0x0000, 0x0000,
  0x0000, 0x0044, 0x0023, 0x0044, 0x0045, 0x0023, 0x0064, 0x0000, 0x0000, 0x0000, 0x0000, 0x0000,
  0x0000, 0x0000, 0x0000, 0x0000, 0x0000, 0x0000, 0x0000, 0x0000, 0x0021, 0x0000, 0x0000, 0x0000,
  0x0000, 0x0000, 0x0000, 0x0000,
};

static const uint16_t L_NHL_VAN[256] PROGMEM = {
  0x0000, 0x0000, 0x0000, 0x0000, 0x0000, 0x0000, 0x0000, 0x0861, 0x18C3, 0x0000, 0x0000, 0x0000,
  0x0000, 0x0000, 0x0000, 0x0000, 0x0000, 0x0000, 0x0000, 0x0000, 0x0000, 0x0000, 0x0000, 0x31EA,
  0x21AA, 0x2967, 0x0000, 0x0000, 0x0000, 0x0000, 0x0000, 0x0000, 0x0000, 0x0000, 0x0000, 0x0000,
  0x0000, 0x0000, 0x0020, 0x21A9, 0x0064, 0x29CA, 0x0000, 0x0000, 0x0000, 0x0000, 0x0000, 0x0000,
  0x0000, 0x0000, 0x0000, 0x0861, 0x10C3, 0x0000, 0x18C3, 0x21AA, 0x3A4A, 0x1989, 0x2966, 0x0000,
  0x0000, 0x0000, 0x0000, 0x0000, 0x0000, 0x0000, 0x0000, 0x0000, 0x29CB, 0x2989, 0x31EA, 0x08E6,
  0x21A8, 0x00C5, 0x1969, 0x2988, 0x1905, 0x0000, 0x0000, 0x0000, 0x0000, 0x0000, 0x0020, 0x3A09,
  0x428E, 0x322C, 0x1968, 0x0043, 0x0043, 0x00C5, 0x0043, 0x426C, 0x530F, 0x29C9, 0x1082, 0x0000,
  0x0000, 0x0000, 0x426B, 0x324F, 0x29EB, 0x29A8, 0x1127, 0x21A8, 0x21A8, 0x00A4, 0x0063, 0x1967,
  0x530C, 0x21C9, 0x320A, 0x0861, 0x0000, 0x39C8, 0x324F, 0x110A, 0x29CA, 0x1147, 0x73D0, 0x8CB4,
  0x1946, 0x0064, 0x1107, 0x6370, 0xA538, 0x94D5, 0x5310, 0x2125, 0x10A2, 0x428E, 0x198C, 0x21A9,
  0x29EB, 0x428D, 0x2A0C, 0x0023, 0x08E7, 0x29CA, 0x2987, 0x2125, 0x4A8B, 0x8475, 0x52AD, 0x0020,
  0x2965, 0x322E, 0x218C, 0x29CD, 0x116D, 0x426D, 0x1927, 0x29C9, 0x2987, 0x1081, 0x0000, 0x0000,
  0x0000, 0x10A3, 0x0861, 0x0000, 0x0861, 0x4AAE, 0x00CB, 0x29ED, 0x196C, 0x426E, 0x39E7, 0x0000,
  0x0000, 0x0000, 0x0000, 0x0000, 0x18E3, 0x18E4, 0x0000, 0x0000, 0x0000, 0x39C8, 0x322F, 0x008A,
  0x320D, 0x116C, 0x322E, 0x426C, 0x3A0A, 0x3A09, 0x422A, 0x4A8C, 0x428F, 0x52CE, 0x0841, 0x0000,
  0x0000, 0x0020, 0x4A8C, 0x29EE, 0x00CB, 0x29CD, 0x112C, 0x196D, 0x21CD, 0x21CE, 0x198D, 0x092C,
  0x006A, 0x322F, 0x31C8, 0x0000, 0x0000, 0x0000, 0x0841, 0x424A, 0x428F, 0x21AD, 0x198D, 0x114C,
  0x092C, 0x090B, 0x090C, 0x196D, 0x322E, 0x4AAE, 0x2966, 0x0000, 0x0000, 0x0000, 0x0000, 0x0000,
  0x2124, 0x422A, 0x426C, 0x426D, 0x426D, 0x426E, 0x428D, 0x424B, 0x31A7, 0x0861, 0x0000, 0x0000,
  0x0000, 0x0000, 0x0000, 0x0000, 0x0000, 0x0000, 0x0020, 0x1082, 0x10A2, 0x10A2, 0x0841, 0x0000,
  0x0000, 0x0000, 0x0000, 0x0000,
};

static const uint16_t L_NHL_VGK[256] PROGMEM = {
  0x0000, 0x0000, 0x0000, 0x0000, 0x0000, 0x0000, 0x0000, 0x10A2, 0x10A2, 0x0000, 0x0000, 0x0000,
  0x0000, 0x0000, 0x0000, 0x0000, 0x0000, 0x0000, 0x39A5, 0x7309, 0x6AC9, 0x62A8, 0x7B6B, 0xA46D,
  0x632B, 0x7B29, 0x62A8, 0x6AC8, 0x7309, 0x39A5, 0x0000, 0x0000, 0x0000, 0x0000, 0x6B09, 0x49E5,
  0x18A1, 0x62C9, 0xE5AF, 0xC4AA, 0x3208, 0x736A, 0x5A45, 0x18A1, 0x49E4, 0x6AE9, 0x0000, 0x0000,
  0x0000, 0x0000, 0x62C8, 0x18C1, 0x10A3, 0xCD0D, 0xC4A9, 0xB46A, 0x3208, 0x1188, 0x5AE9, 0x1060,
  0x18C2, 0x62C8, 0x0000, 0x0000, 0x0000, 0x0000, 0x6AC9, 0x20C2, 0x7309, 0xD52B, 0xC4AA, 0xAC4A,
  0x3229, 0x19A8, 0x2A09, 0x49E5, 0x20E2, 0x62C9, 0x0000, 0x0000, 0x0000, 0x0000, 0x62C8, 0x2103,
  0x8BAA, 0xD50B, 0xBCAB, 0x9BEA, 0x3209, 0x4269, 0x940B, 0x7B07, 0x20E2, 0x62C9, 0x0000, 0x0000,
  0x0000, 0x0000, 0x62C8, 0x2903, 0x8BAA, 0x6265, 0x8B47, 0xA40A, 0x734A, 0x8B67, 0x7308, 0x8B89,
  0x20E2, 0x62C9, 0x0000, 0x0000, 0x0000, 0x0000, 0x62C8, 0x2103, 0x8BCB, 0x5A24, 0x0000, 0xB48C,
  0xA409, 0x0000, 0x62C9, 0x7B48, 0x20E2, 0x62C8, 0x0000, 0x0000, 0x0000, 0x0000, 0x62C8, 0x2903,
  0x83AB, 0xA3E9, 0x0000, 0x9C0C, 0x8B47, 0x0000, 0x9C2D, 0x5246, 0x2902, 0x62C8, 0x0000, 0x0000,
  0x0000, 0x0000, 0x62C8, 0x2903, 0x8BAA, 0xBCAB, 0x1881, 0x4A27, 0x41A4, 0x2924, 0x8C0C, 0x39C5,
  0x3142, 0x62A8, 0x0000, 0x0000, 0x0000, 0x0000, 0x6AE9, 0x18C2, 0x8BAA, 0xDD4C, 0x5A45, 0x0000,
  0x0000, 0x7309, 0x5B0B, 0x4A26, 0x20E1, 0x6AC9, 0x0000, 0x0000, 0x0000, 0x0000, 0x5268, 0x5A66,
  0x1060, 0xB46A, 0xBC6A, 0x0000, 0x0841, 0x9C4D, 0x62C8, 0x1060, 0x5A46, 0x5268, 0x0000, 0x0000,
  0x0000, 0x0000, 0x0000, 0x730A, 0x5A66, 0x0820, 0x8327, 0x28E2, 0x3185, 0x7B28, 0x0820, 0x5A66,
  0x730A, 0x0000, 0x0000, 0x0000, 0x0000, 0x0000, 0x0000, 0x0000, 0x5AA8, 0x7B49, 0x18C1, 0x0000,
  0x0000, 0x20C1, 0x7B49, 0x5AA8, 0x0000, 0x0000, 0x0000, 0x0000, 0x0000, 0x0000, 0x0000, 0x0000,
  0x0000, 0x18E3, 0x7B6A, 0x6287, 0x6287, 0x7B6A, 0x18E3, 0x0000, 0x0000, 0x0000, 0x0000, 0x0000,
  0x0000, 0x0000, 0x0000, 0x0000, 0x0000, 0x0000, 0x0000, 0x3185, 0x3186, 0x0000, 0x0000, 0x0000,
  0x0000, 0x0000, 0x0000, 0x0000,
};

static const uint16_t L_NHL_WSH[256] PROGMEM = {
  0x0000, 0x0000, 0x0000, 0x0000, 0x0000, 0x0000, 0x0000, 0x0000, 0x0000, 0x0000, 0x0000, 0x0000,
  0x0000, 0x0000, 0x0000, 0x0000, 0x0000, 0x0000, 0x0000, 0x0000, 0x0000, 0x0000, 0x0000, 0x0000,
  0x0000, 0x0000, 0x0000, 0x0000, 0x0000, 0x0000, 0x0000, 0x0000, 0x0000, 0x0000, 0x0000, 0x0000,
  0x0000, 0x0000, 0x0000, 0x0000, 0x0000, 0x0000, 0x0000, 0x0000, 0x0000, 0x0000, 0x0000, 0x0000,
  0x0000, 0x0000, 0x0000, 0x0000, 0x0000, 0x0000, 0x0000, 0x0000, 0x0000, 0x0000, 0x0000, 0x0042,
  0x0000, 0x0000, 0x0000, 0x0000, 0x0000, 0x0000, 0x0000, 0x0000, 0x0000, 0x0000, 0x0000, 0x0000,
  0x0000, 0x0000, 0x0021, 0x0043, 0x0000, 0x0000, 0x0000, 0x0000, 0x0000, 0x0000, 0x0000, 0x0000,
  0x2001, 0x0000, 0x1000, 0x0800, 0x0800, 0x1800, 0x0063, 0x0000, 0x0000, 0x0000, 0x0000, 0x0000,
  0x0000, 0x0000, 0x0000, 0x1000, 0x3801, 0x1800, 0x2801, 0x2000, 0x2000, 0x2021, 0x0043, 0x0000,
  0x0021, 0x0043, 0x0000, 0x0000, 0x0000, 0x0000, 0x0021, 0x1821, 0x1821, 0x1800, 0x1821, 0x1822,
  0x1821, 0x0063, 0x0042, 0x0000, 0x0042, 0x0042, 0x0021, 0x0000, 0x0021, 0x0064, 0x0042, 0x0085,
  0x00A6, 0x0063, 0x0063, 0x0085, 0x0063, 0x0084, 0x00A5, 0x00A6, 0x0084, 0x0085, 0x00A5, 0x0000,
  0x0021, 0x0043, 0x0021, 0x0042, 0x0064, 0x0084, 0x0042, 0x0042, 0x0042, 0x0042, 0x0042, 0x0043,
  0x0042, 0x0043, 0x0042, 0x0000, 0x0000, 0x0000, 0x0000, 0x0000, 0x0000, 0x0000, 0x0000, 0x0000,
  0x0063, 0x0000, 0x0000, 0x0800, 0x0000, 0x0000, 0x0000, 0x0000, 0x0000, 0x0000, 0x0000, 0x0000,
  0x0000, 0x0000, 0x0000, 0x0000, 0x0022, 0x00A6, 0x2021, 0x4822, 0x0000, 0x0000, 0x0000, 0x0000,
  0x0000, 0x0000, 0x0000, 0x0000, 0x0000, 0x0000, 0x0000, 0x0000, 0x0000, 0x0042, 0x0000, 0x0000,
  0x0000, 0x0000, 0x0000, 0x0000, 0x0000, 0x0000, 0x0000, 0x0000, 0x0000, 0x0000, 0x0000, 0x0000,
  0x0000, 0x0000, 0x0000, 0x0000, 0x0000, 0x0000, 0x0000, 0x0000, 0x0000, 0x0000, 0x0000, 0x0000,
  0x0000, 0x0000, 0x0000, 0x0000, 0x0000, 0x0000, 0x0000, 0x0000, 0x0000, 0x0000, 0x0000, 0x0000,
  0x0000, 0x0000, 0x0000, 0x0000, 0x0000, 0x0000, 0x0000, 0x0000, 0x0000, 0x0000, 0x0000, 0x0000,
  0x0000, 0x0000, 0x0000, 0x0000,
};

static const uint16_t L_NHL_WPG[256] PROGMEM = {
  0x0000, 0x0000, 0x0000, 0x0000, 0x0000, 0x0841, 0x3186, 0x39E8, 0x39E8, 0x3186, 0x0841, 0x0000,
  0x0000, 0x0000, 0x0000, 0x0000, 0x0000, 0x0000, 0x0000, 0x0020, 0x4A6A, 0x530E, 0x3A0C, 0x428D,
  0x428D, 0x3A0C, 0x530E, 0x4A6A, 0x0020, 0x0000, 0x0000, 0x0000, 0x0000, 0x0000, 0x10A2, 0x5B4E,
  0x29EC, 0x0026, 0x0005, 0x94D5, 0x8CB5, 0x0004, 0x0026, 0x29EC, 0x5B4E, 0x10A2, 0x0000, 0x0000,
  0x0000, 0x0020, 0x5B2E, 0x1129, 0x0026, 0x6391, 0xD6BB, 0xEF5D, 0xE75D, 0xCEBB, 0x6371, 0x0026,
  0x1129, 0x5B4E, 0x0020, 0x0000, 0x0000, 0x4269, 0x21EC, 0x0026, 0xA557, 0xFFFF, 0xFFBE, 0xC618,
  0xBDF7, 0xFFBE, 0xFFFF, 0x9D16, 0x0026, 0x21EC, 0x4269, 0x0000, 0x0841, 0x530E, 0x0006, 0x6BB1,
  0xFFFF, 0xFFFF, 0xE556, 0x930D, 0x726B, 0xDD36, 0xFFFF, 0xFFFF, 0x6370, 0x0006, 0x52EE, 0x0841,
  0x3186, 0x324C, 0x0046, 0xDF3D, 0xE5F8, 0xDBF1, 0xCACD, 0x834E, 0x626B, 0xB2AD, 0xCBF1, 0xE5F8,
  0xD6FC, 0x0026, 0x324C, 0x3186, 0x4228, 0x19AB, 0x1129, 0xFFFF, 0xCD15, 0x8823, 0xA24B, 0x8CB3,
  0x5AEC, 0x7127, 0x8003, 0xC4F4, 0xFFFF, 0x0908, 0x21AB, 0x4228, 0x4228, 0x19AB, 0x1149, 0xFFFF,
  0xE67A, 0x8492, 0x9DD7, 0x9D55, 0x52EC, 0x4ACB, 0x4A6A, 0xD659, 0xFFDF, 0x0909, 0x21AB, 0x4228,
  0x3186, 0x324C, 0x0067, 0xDEFC, 0xFFFF, 0xDEFB, 0xB26B, 0x9472, 0x5AAB, 0x81A9, 0xD67A, 0xFFFF,
  0xD6BB, 0x0046, 0x324C, 0x3186, 0x0841, 0x52EE, 0x0006, 0x6BD2, 0xFFFF, 0xFFFF, 0xBD35, 0x8C92,
  0x4A8A, 0x93F0, 0xFFFF, 0xFFFF, 0x6391, 0x0006, 0x52EE, 0x0841, 0x0000, 0x4269, 0x21EC, 0x0026,
  0xA577, 0xFFFF, 0xDF5D, 0xCD76, 0xC555, 0xD6DB, 0xFFFF, 0xA557, 0x0026, 0x21EC, 0x4269, 0x0000,
  0x0000, 0x0020, 0x5B4E, 0x1129, 0x0026, 0x6BB1, 0xDEDC, 0xEF1C, 0xEF1C, 0xDEFC, 0x6BB1, 0x0026,
  0x1129, 0x5B4E, 0x0020, 0x0000, 0x0000, 0x0000, 0x10A2, 0x5B4E, 0x29CB, 0x0006, 0x0046, 0x1149,
  0x1149, 0x0046, 0x0006, 0x29CB, 0x5B4E, 0x10A2, 0x0000, 0x0000, 0x0000, 0x0000, 0x0000, 0x0020,
  0x4A6A, 0x52EE, 0x3A4C, 0x21AB, 0x21AB, 0x3A4C, 0x52EE, 0x4A6A, 0x0020, 0x0000, 0x0000, 0x0000,
  0x0000, 0x0000, 0x0000, 0x0000, 0x0000, 0x0841, 0x3186, 0x3A08, 0x3A08, 0x3186, 0x0841, 0x0000,
  0x0000, 0x0000, 0x0000, 0x0000,
};

static const uint16_t A_AAL[256] PROGMEM = {
  0x232F, 0x3517, 0x2C54, 0x11A7, 0x0000, 0x0000, 0x0000, 0x0000, 0x0000, 0x0000, 0x0000, 0x0000,
  0x0000, 0x0000, 0x0000, 0x0000, 0x0946, 0x261D, 0x267F, 0x261D, 0x01C9, 0x0000, 0x0000, 0x0000,
  0x0000, 0x0000, 0x0000, 0x0000, 0x0000, 0x0000, 0x0000, 0x0000, 0x0000, 0x028D, 0x0DBC, 0x0D7B,
  0x0D5A, 0x00E4, 0x0000, 0x0000, 0x0000, 0x0000, 0x0000, 0x0000, 0x0000, 0x0000, 0x0000, 0x0000,
  0x0000, 0x0020, 0x1415, 0x1CB8, 0x1CD9, 0x1415, 0x0041, 0x0000, 0x0000, 0x0000, 0x0000, 0x0000,
  0x0000, 0x0000, 0x0000, 0x0000, 0x0000, 0x0000, 0x0126, 0x1437, 0x13D5, 0x1437, 0x0ACF, 0x0000,
  0x0000, 0x0000, 0x0000, 0x0000, 0x0000, 0x0000, 0x0000, 0x0000, 0x0000, 0x0000, 0x0000, 0x0A0C,
  0x1395, 0x1374, 0x1396, 0x01AA, 0x0000, 0x0000, 0x0000, 0x0000, 0x0000, 0x0000, 0x0000, 0x0000,
  0x0000, 0x0000, 0x0000, 0x0000, 0x0127, 0x0128, 0x19EB, 0x2AAE, 0x29A7, 0x2125, 0x0882, 0x0000,
  0x0000, 0x0000, 0x0000, 0x0000, 0x0000, 0x0000, 0x0000, 0x0000, 0x0000, 0x6B6D, 0xDEFB, 0xDEDB,
  0xD71D, 0xBE9B, 0xA5B7, 0x4AAB, 0x0000, 0x0000, 0x0000, 0x0000, 0x0000, 0x0000, 0x0000, 0x0000,
  0x0000, 0xBE19, 0xFFFF, 0xDF3D, 0xC4D3, 0xBAAB, 0x3145, 0x1904, 0x0000, 0x0000, 0x0000, 0x0000,
  0x0000, 0x0000, 0x0000, 0x0000, 0x0000, 0x4228, 0xF7DF, 0xC3CF, 0xB8A2, 0xD904, 0x88A2, 0x0000,
  0x0000, 0x0000, 0x0000, 0x0000, 0x0000, 0x0000, 0x0000, 0x0000, 0x0000, 0x0000, 0x9472, 0xD1A6,
  0xD944, 0xD165, 0xD965, 0x70A2, 0x0000, 0x0000, 0x0000, 0x0000, 0x0000, 0x0000, 0x0000, 0x0000,
  0x0000, 0x0000, 0x1861, 0xE164, 0xE164, 0xD144, 0xC924, 0xD145, 0x4861, 0x0000, 0x0000, 0x0000,
  0x0000, 0x0000, 0x0000, 0x0000, 0x0000, 0x0000, 0x0000, 0x70A2, 0xF165, 0xD144, 0xC944, 0xC124,
  0xC124, 0x2841, 0x0000, 0x0000, 0x0000, 0x0000, 0x0000, 0x0000, 0x0000, 0x0000, 0x0000, 0x0800,
  0xC124, 0xE165, 0xC924, 0xC124, 0xB924, 0xA904, 0x1020, 0x0000, 0x0000, 0x0000, 0x0000, 0x0000,
  0x0000, 0x0000, 0x0000, 0x0000, 0x3861, 0xD944, 0xD945, 0xC945, 0xC124, 0xC145, 0x90E3, 0x1000,
  0x0000, 0x0000, 0x0000, 0x0000, 0x0000, 0x0000, 0x0000, 0x0000, 0x0000, 0x3041, 0x90E3, 0xA104,
  0x98E3, 0x88E3, 0x90E3, 0x5082,
};

static const uint16_t A_DAL[256] PROGMEM = {
  0x0000, 0x0000, 0x0000, 0x0000, 0x0000, 0x0000, 0x0000, 0x0000, 0x0000, 0x0000, 0x0000, 0x0000,
  0x0000, 0x0000, 0x0000, 0x0000, 0x0000, 0x0000, 0x0000, 0x0000, 0x0000, 0x0000, 0x0000, 0x2821,
  0x2021, 0x0000, 0x0000, 0x0000, 0x0000, 0x0000, 0x0000, 0x0000, 0x0000, 0x0000, 0x0000, 0x0000,
  0x0000, 0x0000, 0x0000, 0xB0A5, 0x80A5, 0x0000, 0x0000, 0x0000, 0x0000, 0x0000, 0x0000, 0x0000,
  0x0000, 0x0000, 0x0000, 0x0000, 0x0000, 0x0000, 0x6063, 0xE8E7, 0xA0C6, 0x4042, 0x0000, 0x0000,
  0x0000, 0x0000, 0x0000, 0x0000, 0x0000, 0x0000, 0x0000, 0x0000, 0x0000, 0x1820, 0xE0C6, 0xE0E7,
  0x98C6, 0x90C6, 0x1020, 0x0000, 0x0000, 0x0000, 0x0000, 0x0000, 0x0000, 0x0000, 0x0000, 0x0000,
  0x0000, 0xA084, 0xF0E7, 0xD8C6, 0x98C6, 0xA0E6, 0x6884, 0x0000, 0x0000, 0x0000, 0x0000, 0x0000,
  0x0000, 0x0000, 0x0000, 0x0000, 0x5042, 0xF0E7, 0xE0E6, 0xE0E7, 0x98C6, 0x90C6, 0xA0E6, 0x3842,
  0x0000, 0x0000, 0x0000, 0x0000, 0x0000, 0x0000, 0x0000, 0x1000, 0xD0C6, 0xE8E7, 0xE0E6, 0xD8E7,
  0x98C6, 0x90C6, 0x98C6, 0x88C5, 0x0800, 0x0000, 0x0000, 0x0000, 0x0000, 0x0000, 0x0000, 0x9084,
  0xF0E7, 0xD8C6, 0xF0E7, 0xE8E7, 0xA0C6, 0x98C6, 0x90C6, 0xA0E6, 0x6084, 0x0000, 0x0000, 0x0000,
  0x0000, 0x0000, 0x4042, 0xE8E7, 0xE8E7, 0xF0E7, 0xB0A5, 0x3021, 0x2021, 0x70A4, 0xA0E6, 0x98C6,
  0x98C6, 0x2841, 0x0000, 0x0000, 0x0000, 0x0800, 0xD8C6, 0xF8E7, 0xB0A5, 0x3821, 0x0000, 0x3841,
  0x2821, 0x0000, 0x2821, 0x70A4, 0xA0E6, 0x88C5, 0x0000, 0x0000, 0x0000, 0x9084, 0xC0C6, 0x3821,
  0x0800, 0x4842, 0xB8A5, 0xE8E7, 0xA0E6, 0x78A5, 0x3042, 0x0000, 0x2021, 0x80A5, 0x6084, 0x0000,
  0x1000, 0x4042, 0x1000, 0x6063, 0xC8C6, 0xF8E7, 0xF0E7, 0xD8E7, 0x98C6, 0x98C6, 0xA0E6, 0x80A5,
  0x4042, 0x0800, 0x2841, 0x0800, 0x2821, 0x7863, 0xD8C6, 0xF8E7, 0xE8E7, 0xE0C7, 0xE0C7, 0xD8E6,
  0x98C6, 0x90C6, 0x90C6, 0x98C6, 0xA0E6, 0x88C5, 0x5063, 0x1821, 0x3021, 0x4042, 0x3021, 0x2821,
  0x2821, 0x2021, 0x2021, 0x2021, 0x1821, 0x1821, 0x1821, 0x1821, 0x1821, 0x2021, 0x2841, 0x2021,
  0x0000, 0x0000, 0x0000, 0x0000, 0x0000, 0x0000, 0x0000, 0x0000, 0x0000, 0x0000, 0x0000, 0x0000,
  0x0000, 0x0000, 0x0000, 0x0000,
};

static const uint16_t A_UAL[256] PROGMEM = {
  0x2A32, 0x3273, 0x3AB3, 0x42D3, 0x2A32, 0x19D1, 0x1991, 0x21F1, 0x2A12, 0x21F2, 0x21F2, 0x21F2,
  0x21F2, 0x21F2, 0x21F2, 0x2A12, 0x9518, 0xADBA, 0x8CB8, 0x6BF6, 0xA57A, 0x84B8, 0x63D6, 0x2A32,
  0x1191, 0x21F1, 0x21F1, 0x21F1, 0x21F1, 0x21F1, 0x21F1, 0x21F2, 0x7C57, 0x7437, 0xAD9A, 0x7437,
  0x6BF6, 0xA59A, 0xB5DA, 0xC67C, 0x6BF6, 0x19B1, 0x21F1, 0x21F2, 0x21F1, 0x21F1, 0x21F1, 0x21F2,
  0x9D39, 0x6C16, 0x9519, 0xA559, 0x5334, 0xA579, 0x4B14, 0x8477, 0xA579, 0x9519, 0x19D1, 0x21F1,
  0x21F1, 0x21F1, 0x21F1, 0x21F2, 0x8CB8, 0x7416, 0x8498, 0x9D39, 0x7416, 0xA59A, 0xCE7C, 0x8CD8,
  0x6BF6, 0xA57A, 0xA59A, 0x1191, 0x21F2, 0x21F1, 0x21F1, 0x21F2, 0xA559, 0x7416, 0xA59A, 0x9D59,
  0x42B3, 0x8CD8, 0x3A73, 0x6BD6, 0xE75E, 0x8497, 0xADBA, 0x7437, 0x1191, 0x2212, 0x21F1, 0x21F2,
  0x5B55, 0x5B75, 0x9D59, 0xB5FB, 0x8CD8, 0xF79F, 0x94F8, 0x6BD6, 0x5B55, 0x6BF6, 0xB5FB, 0xBE3B,
  0x3A93, 0x19D1, 0x21F1, 0x21F2, 0x7416, 0xC67C, 0x8498, 0x010F, 0x7C57, 0xADDA, 0xD6DD, 0xAD9A,
  0x9D39, 0x63B6, 0x6BF6, 0x9519, 0x7C77, 0x1991, 0x21F2, 0x21F2, 0x94F8, 0x9D59, 0xF79F, 0x7437,
  0x8498, 0x0930, 0x2A32, 0xDEFD, 0xE75E, 0x94F8, 0x5B55, 0x8CB8, 0xA579, 0x2A32, 0x21D1, 0x21F2,
  0x5B75, 0x0930, 0x3AB3, 0xCE9C, 0xEF7E, 0x42D4, 0x63B6, 0x7C77, 0x5334, 0xE73E, 0xA59A, 0x5355,
  0xBE1B, 0x4B14, 0x19B1, 0x2A12, 0xD6BC, 0x3A93, 0x8CD8, 0x6BF6, 0xDEFD, 0x94F8, 0x9519, 0x1150,
  0x6395, 0xE73E, 0x9D19, 0x8CD8, 0xBE1B, 0x5B95, 0x1991, 0x2A12, 0x63B6, 0xCEBC, 0x7C37, 0x010F,
  0x3232, 0xCE9C, 0xF79F, 0x42B3, 0xA559, 0x2A32, 0xD6BD, 0xAD9A, 0xA57A, 0x63B6, 0x1991, 0x2A12,
  0x84B7, 0xD6BD, 0xC67C, 0x2A12, 0x9519, 0xADBA, 0xA59A, 0x9D59, 0x4AF4, 0x4AF4, 0xD6DD, 0x8498,
  0xA57A, 0x5B75, 0x1991, 0x2A12, 0x0950, 0x3272, 0x8CF8, 0xADBA, 0x4B14, 0x0930, 0x9519, 0xFFFF,
  0x5334, 0xA559, 0x3252, 0xADDA, 0xA57A, 0x4B14, 0x19B1, 0x2A12, 0x4AF4, 0x7C37, 0xC67C, 0xEF7E,
  0x19B1, 0x8CB8, 0xC65C, 0xA57A, 0x9D39, 0x42D4, 0x5B75, 0xC65C, 0x9519, 0x3252, 0x21D1, 0x21F2,
  0x9D59, 0x5355, 0x5355, 0x9518, 0x9D39, 0x7C57, 0x1191, 0x8CD8, 0xCE9C, 0x3A73, 0x9D59, 0x5B75,
  0x8CD8, 0x19B1, 0x2A12, 0x2A12,
};

static const uint16_t A_SWA[256] PROGMEM = {
  0x0000, 0x0000, 0x528A, 0x9B2C, 0xAB0C, 0xA30C, 0x6AAA, 0x10E3, 0x18E3, 0x6B09, 0xA48B, 0xB4EB,
  0x9C4C, 0x4A69, 0x0000, 0x0000, 0x0020, 0x8B2D, 0xF249, 0xE905, 0xE8C4, 0xE8E4, 0xF1A7, 0xCACC,
  0xCD50, 0xFE86, 0xFDC1, 0xFDC2, 0xFDC3, 0xFDE9, 0x83ED, 0x0020, 0x628A, 0xF208, 0xE062, 0xE0E4,
  0xE0E4, 0xE0C4, 0xE0A3, 0xE083, 0xE146, 0xD42D, 0xEE0A, 0xFD82, 0xFD22, 0xFD01, 0xFDE9, 0x5ACB,
  0xBC10, 0xE8E4, 0xE0A3, 0xE0E4, 0xE0E4, 0xE0E4, 0xE0E4, 0xD8E4, 0xD8A3, 0xD063, 0xCAAC, 0xDDD0,
  0xF5A6, 0xFCE1, 0xFD23, 0xBCEE, 0x8CF9, 0xBC53, 0xE986, 0xE063, 0xE0E4, 0xE0E4, 0xE0C4, 0xD8C4,
  0xD8C4, 0xD0E4, 0xD062, 0xC967, 0xCD13, 0xEE0D, 0xFCC1, 0xDD6D, 0x63D8, 0x3B1A, 0xAD37, 0xEACA,
  0xE062, 0xE0C4, 0xD8E4, 0xD8C4, 0xD0C4, 0xD0C3, 0xC8C4, 0xC882, 0xC083, 0xC411, 0xDE32, 0xDDD0,
  0x6BF6, 0x2A78, 0x3298, 0x8D19, 0xE450, 0xD8C4, 0xD883, 0xD0E4, 0xD0C3, 0xC8C3, 0xC8A3, 0xC0C3,
  0xC0A3, 0xC021, 0xCB0D, 0xB576, 0x5B0E, 0x433A, 0x2A57, 0x2A36, 0x7479, 0xD575, 0xD9A7, 0xD042,
  0xD0C4, 0xC8C3, 0xC8A3, 0xC0A3, 0xC0C3, 0xC083, 0xC925, 0x730C, 0x2103, 0x63D7, 0x2A58, 0x3297,
  0x21F5, 0x5396, 0xC5F8, 0xDAEB, 0xC842, 0xC8A3, 0xC0C3, 0xC0A3, 0xC0C3, 0xC042, 0xC34D, 0x1924,
  0x0000, 0x528B, 0x537A, 0x2A36, 0x3296, 0x21F4, 0x3A93, 0xADF9, 0xD451, 0xC083, 0xC062, 0xC0E4,
  0xB841, 0xD209, 0x62EB, 0x0000, 0x0000, 0x0000, 0x6B91, 0x3AF9, 0x2A35, 0x3274, 0x21F2, 0x29D0,
  0x9557, 0xD595, 0xC146, 0xB800, 0xD146, 0x93CF, 0x0000, 0x0000, 0x0000, 0x0000, 0x0861, 0x73D3,
  0x3AB8, 0x2214, 0x2A32, 0x21D0, 0x198F, 0x7C76, 0xCE17, 0xD2CB, 0xA3AE, 0x0882, 0x0000, 0x0000,
  0x0000, 0x0000, 0x0000, 0x1081, 0x73D2, 0x3AD6, 0x21D2, 0x2A10, 0x29F0, 0x090D, 0x7C56, 0xAD96,
  0x10A2, 0x0000, 0x0000, 0x0000, 0x0000, 0x0000, 0x0000, 0x0000, 0x0841, 0x634F, 0x4B15, 0x1990,
  0x198F, 0x5B53, 0x738F, 0x0841, 0x0000, 0x0000, 0x0000, 0x0000, 0x0000, 0x0000, 0x0000, 0x0000,
  0x0000, 0x0000, 0x52AB, 0x5B53, 0x6393, 0x630C, 0x0000, 0x0000, 0x0000, 0x0000, 0x0000, 0x0000,
  0x0000, 0x0000, 0x0000, 0x0000, 0x0000, 0x0000, 0x0000, 0x39C6, 0x39E7, 0x0000, 0x0000, 0x0000,
  0x0000, 0x0000, 0x0000, 0x0000,
};

static const uint16_t A_JBU[256] PROGMEM = {
  0x000C, 0x000C, 0x000C, 0x000C, 0x000C, 0x000C, 0x000C, 0x000C, 0x000C, 0x000C, 0x000C, 0x000C,
  0x000C, 0x000C, 0x000C, 0x000C, 0x000C, 0x000C, 0x000C, 0x000C, 0x000C, 0x000C, 0x000C, 0x000C,
  0x000C, 0x000C, 0x000C, 0x000C, 0x000C, 0x000C, 0x000C, 0x000C, 0x000C, 0x000C, 0x000C, 0x000C,
  0x000C, 0x000C, 0x000C, 0x000C, 0x000C, 0x000C, 0x000C, 0x000C, 0x000C, 0x000C, 0x000C, 0x000C,
  0x000C, 0x000C, 0x000C, 0x000C, 0x000C, 0x000C, 0x000C, 0x000C, 0x000C, 0x000C, 0x000C, 0x000C,
  0x000C, 0x000C, 0x000C, 0x000C, 0x000C, 0x000C, 0x000C, 0x000C, 0x000C, 0x000C, 0x000B, 0x000B,
  0x000B, 0x000B, 0x000C, 0x000C, 0x000C, 0x000C, 0x000C, 0x000C, 0x086D, 0x39D0, 0x000B, 0x000B,
  0x10AE, 0x210F, 0x73B5, 0x7BF5, 0x4A72, 0x4A52, 0x000B, 0x000C, 0x000B, 0x000B, 0x000B, 0x000C,
  0x10AE, 0x4211, 0x4211, 0x52B2, 0x7394, 0x9CF8, 0x8C77, 0x4A52, 0xAD59, 0x8436, 0x39D0, 0x18EE,
  0x31B0, 0x4231, 0x5AF3, 0x18CE, 0x18EE, 0x9CF8, 0xA518, 0x9CD8, 0x9CF8, 0x6313, 0x94B7, 0x73B5,
  0x8C77, 0x7395, 0x8416, 0x212F, 0xA539, 0xA518, 0xAD59, 0x4231, 0x10AE, 0x8C77, 0xA518, 0x73B4,
  0x6B54, 0x8436, 0x94B7, 0x4A52, 0xAD59, 0x8C77, 0x8C77, 0x7BD5, 0xAD59, 0xA518, 0x7BD5, 0x10AE,
  0x4211, 0x8416, 0x296F, 0x52B2, 0x10AE, 0x39F1, 0x5292, 0x6B54, 0x18EE, 0x3190, 0x31B0, 0x6313,
  0x294F, 0x31B0, 0x5292, 0x002C, 0x3190, 0x294F, 0x000B, 0x000B, 0x000C, 0x000B, 0x000B, 0x000B,
  0x000C, 0x000B, 0x000B, 0x000B, 0x000B, 0x000B, 0x000B, 0x000C, 0x000B, 0x000B, 0x000C, 0x000C,
  0x000C, 0x000C, 0x000C, 0x000C, 0x000C, 0x000C, 0x000C, 0x000C, 0x000C, 0x000C, 0x000C, 0x000C,
  0x000C, 0x000C, 0x000C, 0x000C, 0x000C, 0x000C, 0x000C, 0x000C, 0x000C, 0x000C, 0x000C, 0x000C,
  0x000C, 0x000C, 0x000C, 0x000C, 0x000C, 0x000C, 0x000C, 0x000C, 0x000C, 0x000C, 0x000C, 0x000C,
  0x000C, 0x000C, 0x000C, 0x000C, 0x000C, 0x000C, 0x000C, 0x000C, 0x000C, 0x000C, 0x000C, 0x000C,
  0x000C, 0x000C, 0x000C, 0x000C, 0x000C, 0x000C, 0x000C, 0x000C, 0x000C, 0x000C, 0x000C, 0x000C,
  0x000C, 0x000C, 0x000C, 0x000C, 0x000C, 0x000C, 0x000C, 0x000C, 0x000C, 0x000C, 0x000C, 0x000C,
  0x000C, 0x000C, 0x000C, 0x000C,
};

static const uint16_t A_NKS[256] PROGMEM = {
  0xFF44, 0xFF44, 0xFF44, 0xFF44, 0xFF44, 0xFF44, 0xFF44, 0xFF44, 0xFF44, 0xFF44, 0xFF44, 0xFF44,
  0xFF44, 0xFF44, 0xFF44, 0xFF44, 0xFF44, 0xFF44, 0xFF44, 0xFF44, 0xFF44, 0xFF44, 0xFF44, 0xFF44,
  0xFF44, 0xFF44, 0xFF44, 0xFF44, 0xFF44, 0xFF44, 0xFF44, 0xFF44, 0xFF44, 0xFF44, 0xFF44, 0xFF44,
  0xFF44, 0xFF44, 0xFF44, 0xFF44, 0xFF44, 0xFF44, 0xFF44, 0xFF44, 0xFF44, 0xFF44, 0xFF44, 0xFF44,
  0xFF44, 0xFF44, 0xFF44, 0xFF44, 0xFF44, 0xFF44, 0xFF44, 0xFF44, 0xFF44, 0xFF44, 0xFF44, 0xFF44,
  0xFF44, 0xFF44, 0xFF44, 0xFF44, 0xFF44, 0xFF44, 0xFF44, 0xFF44, 0xFF44, 0xFF44, 0xFF44, 0xFF44,
  0xFF44, 0xFF44, 0xFF44, 0xFF44, 0xFF44, 0xFF44, 0xFF44, 0xFF44, 0xFF44, 0xFF44, 0xFF64, 0xFF84,
  0xFF64, 0xFF84, 0xFF84, 0xFF44, 0xFF44, 0xFF64, 0xFF84, 0xFF44, 0xFF84, 0xFFA4, 0xFF44, 0xFF44,
  0xFF44, 0xFF64, 0xEEC4, 0xD643, 0xF704, 0xDE63, 0xDE83, 0xEEC4, 0x9C83, 0xEEE4, 0xDE83, 0xA4C3,
  0xA4A3, 0x9422, 0xFF64, 0xFF44, 0xFF64, 0xE6C4, 0x41E1, 0x5262, 0x7362, 0x6302, 0x62E2, 0x5AC2,
  0x5282, 0x5AA2, 0x83E2, 0x62E2, 0x4A42, 0x6302, 0xF764, 0xFF44, 0xFF84, 0xCE03, 0x4A22, 0x4A42,
  0x39C1, 0x5282, 0x7362, 0x62C2, 0x4A22, 0xA4C3, 0xCE03, 0x7BA2, 0x7342, 0x9CA3, 0xFFC4, 0xFF24,
  0xFF44, 0xFF24, 0xDE43, 0xEEE4, 0x8C02, 0xB543, 0xEEE4, 0xFF44, 0xEEC4, 0xFF44, 0xF704, 0xF724,
  0xEEC4, 0xE6A3, 0xFF64, 0xFF44, 0xFF44, 0xFF44, 0xFF84, 0xFF64, 0xFF64, 0xFF84, 0xFF64, 0xFF44,
  0xFF64, 0xFF44, 0xFF64, 0xFF64, 0xFF64, 0xFF64, 0xFF44, 0xFF44, 0xFF44, 0xFF44, 0xFF44, 0xFF44,
  0xFF44, 0xFF44, 0xFF44, 0xFF44, 0xFF44, 0xFF44, 0xFF44, 0xFF44, 0xFF44, 0xFF44, 0xFF44, 0xFF44,
  0xFF44, 0xFF44, 0xFF44, 0xFF44, 0xFF44, 0xFF44, 0xFF44, 0xFF44, 0xFF44, 0xFF44, 0xFF44, 0xFF44,
  0xFF44, 0xFF44, 0xFF44, 0xFF44, 0xFF44, 0xFF44, 0xFF44, 0xFF44, 0xFF44, 0xFF44, 0xFF44, 0xFF44,
  0xFF44, 0xFF44, 0xFF44, 0xFF44, 0xFF44, 0xFF44, 0xFF44, 0xFF44, 0xFF44, 0xFF44, 0xFF44, 0xFF44,
  0xFF44, 0xFF44, 0xFF44, 0xFF44, 0xFF44, 0xFF44, 0xFF44, 0xFF44, 0xFF44, 0xFF44, 0xFF44, 0xFF44,
  0xFF44, 0xFF44, 0xFF44, 0xFF44, 0xFF44, 0xFF44, 0xFF44, 0xFF44, 0xFF44, 0xFF44, 0xFF44, 0xFF44,
  0xFF44, 0xFF44, 0xFF44, 0xFF44,
};

static const uint16_t A_FFT[256] PROGMEM = {
  0x0000, 0x0000, 0x0000, 0x0000, 0x0000, 0x0000, 0x0000, 0x0000, 0x0000, 0x0000, 0x0000, 0x0000,
  0x0000, 0x0000, 0x0000, 0x0000, 0x0000, 0x0000, 0x0000, 0x0020, 0x01C4, 0x0225, 0x0225, 0x0225,
  0x0225, 0x0225, 0x0225, 0x0225, 0x0225, 0x0225, 0x0225, 0x01E4, 0x0000, 0x0000, 0x0000, 0x01E4,
  0x03A9, 0x0368, 0x0368, 0x0368, 0x0368, 0x0368, 0x0368, 0x0368, 0x0368, 0x0368, 0x0389, 0x0266,
  0x0000, 0x0000, 0x0020, 0x02E7, 0x0348, 0x0328, 0x0327, 0x0327, 0x0327, 0x0327, 0x0327, 0x0327,
  0x0327, 0x0327, 0x0368, 0x0122, 0x0000, 0x0000, 0x00E2, 0x0368, 0x0327, 0x0327, 0x0327, 0x0327,
  0x0327, 0x0327, 0x0327, 0x0327, 0x0328, 0x0348, 0x01E4, 0x0000, 0x0000, 0x0000, 0x0081, 0x00E2,
  0x00A1, 0x00A1, 0x00A1, 0x00A1, 0x00A1, 0x00A1, 0x00A1, 0x00A1, 0x00A1, 0x00A1, 0x0000, 0x0000,
  0x0000, 0x0000, 0x0102, 0x02A6, 0x02C6, 0x02C6, 0x02C6, 0x02C6, 0x02C6, 0x02C6, 0x02C6, 0x02C6,
  0x02C6, 0x02A6, 0x0040, 0x0000, 0x0000, 0x0020, 0x0307, 0x0368, 0x0348, 0x0348, 0x0348, 0x0348,
  0x0348, 0x0348, 0x0348, 0x0348, 0x0368, 0x02C6, 0x0000, 0x0000, 0x0000, 0x00E2, 0x0388, 0x0348,
  0x0348, 0x0348, 0x0348, 0x0348, 0x0348, 0x0348, 0x0348, 0x0348, 0x0388, 0x0143, 0x0000, 0x0000,
  0x0000, 0x01E4, 0x0307, 0x02A6, 0x02C6, 0x02C6, 0x02C6, 0x02C7, 0x02E7, 0x02C7, 0x02C7, 0x02E7,
  0x01A4, 0x0000, 0x0000, 0x0000, 0x0000, 0x0081, 0x00C2, 0x00A1, 0x00A1, 0x00A1, 0x00C1, 0x0061,
  0x0020, 0x0020, 0x0020, 0x0000, 0x0000, 0x0000, 0x0000, 0x0000, 0x0000, 0x0225, 0x0348, 0x0328,
  0x0327, 0x0327, 0x0348, 0x00E2, 0x0000, 0x0000, 0x0000, 0x0000, 0x0000, 0x0000, 0x0000, 0x0000,
  0x0122, 0x0368, 0x0327, 0x0327, 0x0327, 0x0348, 0x0327, 0x0040, 0x0000, 0x0000, 0x0000, 0x0000,
  0x0000, 0x0000, 0x0000, 0x0000, 0x0266, 0x0389, 0x0368, 0x0368, 0x0368, 0x03A9, 0x01C4, 0x0000,
  0x0000, 0x0000, 0x0000, 0x0000, 0x0000, 0x0000, 0x0000, 0x0000, 0x01E4, 0x0225, 0x0225, 0x0225,
  0x0225, 0x0183, 0x0000, 0x0000, 0x0000, 0x0000, 0x0000, 0x0000, 0x0000, 0x0000, 0x0000, 0x0000,
  0x0000, 0x0000, 0x0000, 0x0000, 0x0000, 0x0000, 0x0000, 0x0000, 0x0000, 0x0000, 0x0000, 0x0000,
  0x0000, 0x0000, 0x0000, 0x0000,
};

static const uint16_t A_SKW[256] PROGMEM = {
  0x0000, 0x0000, 0x0000, 0x0000, 0x0000, 0x0000, 0x0000, 0x0000, 0x0000, 0x0000, 0x0000, 0x0000,
  0x0000, 0x0000, 0x0000, 0x0000, 0x0000, 0x0000, 0x0000, 0x0000, 0x0000, 0x0000, 0x0000, 0x0000,
  0x0000, 0x0000, 0x0000, 0x0000, 0x0000, 0x0000, 0x0000, 0x0000, 0x0000, 0x0000, 0x0000, 0x0000,
  0x0000, 0x0000, 0x0000, 0x0000, 0x0000, 0x0000, 0x0000, 0x0000, 0x0000, 0x0000, 0x0000, 0x0000,
  0x0000, 0x0000, 0x0000, 0x0000, 0x0000, 0x0000, 0x0000, 0x0000, 0x0000, 0x0000, 0x0000, 0x39E7,
  0x52AA, 0x31A6, 0x0000, 0x0000, 0x0000, 0x0000, 0x0000, 0x0000, 0x0000, 0x0000, 0x0000, 0x0000,
  0x0000, 0x0000, 0x632C, 0xAD55, 0xB5B6, 0x528A, 0x0000, 0x0000, 0x0000, 0x0000, 0x0000, 0x0000,
  0x0000, 0x0000, 0x0000, 0x0000, 0x0000, 0x4A69, 0xAD75, 0x9CF3, 0xA514, 0x2945, 0x0000, 0x0000,
  0x0000, 0x0000, 0x0000, 0x0000, 0x0000, 0x0000, 0x0000, 0x0000, 0x2965, 0xA514, 0xA514, 0xA514,
  0x94B2, 0x0861, 0x0000, 0x0000, 0x0000, 0x0000, 0x0000, 0x0000, 0x0000, 0x0000, 0x0000, 0x10A2,
  0x9492, 0xA534, 0x9CF3, 0xAD55, 0x7BEF, 0x0000, 0x0000, 0x0000, 0x0000, 0x0000, 0x0000, 0x0000,
  0x0000, 0x0000, 0x0841, 0x8410, 0xAD55, 0x9CF3, 0x9CF3, 0xAD55, 0x5AEB, 0x0000, 0x0000, 0x0000,
  0x0000, 0x0000, 0x0000, 0x0000, 0x0000, 0x0000, 0x6B6D, 0xAD55, 0x9CF3, 0xA514, 0x9CF3, 0xAD55,
  0x39E7, 0x0000, 0x0000, 0x0000, 0x0000, 0x0000, 0x0000, 0x0000, 0x0000, 0x5AEB, 0xAD55, 0x9CF3,
  0x9CF3, 0x9CF3, 0x9CF3, 0x9CF3, 0x2104, 0x0000, 0x0000, 0x0000, 0x0000, 0x0000, 0x0000, 0x18C3,
  0x738E, 0xB596, 0xAD55, 0xAD55, 0xAD55, 0xAD55, 0xAD75, 0x94B2, 0x0841, 0x0000, 0x0000, 0x0000,
  0x0000, 0x0000, 0x0841, 0x39E7, 0x528A, 0x4A49, 0x4A49, 0x4A49, 0x4A49, 0x4A49, 0x4A69, 0x39E7,
  0x0000, 0x0000, 0x0000, 0x0000, 0x0000, 0x0000, 0x0000, 0x0000, 0x0000, 0x0000, 0x0000, 0x0000,
  0x0000, 0x0000, 0x0000, 0x0000, 0x0000, 0x0000, 0x0000, 0x0000, 0x0000, 0x0000, 0x0000, 0x0000,
  0x0000, 0x0000, 0x0000, 0x0000, 0x0000, 0x0000, 0x0000, 0x0000, 0x0000, 0x0000, 0x0000, 0x0000,
  0x0000, 0x0000, 0x0000, 0x0000, 0x0000, 0x0000, 0x0000, 0x0000, 0x0000, 0x0000, 0x0000, 0x0000,
  0x0000, 0x0000, 0x0000, 0x0000,
};

static const uint16_t A_ASA[256] PROGMEM = {
  0x0000, 0x0020, 0x3AAD, 0x6476, 0x6CD8, 0x6476, 0x42EE, 0x0841, 0x0000, 0x0000, 0x0000, 0x0000,
  0x0000, 0x0000, 0x0000, 0x0000, 0x0021, 0x5BB2, 0x859B, 0x7D39, 0x7D39, 0x7D19, 0x753A, 0x53D2,
  0x0841, 0x0000, 0x0000, 0x0000, 0x0000, 0x0000, 0x0000, 0x0000, 0x42EE, 0x8DDC, 0x8559, 0x8559,
  0x8DBB, 0x6CF6, 0x09EC, 0x3353, 0x4B0E, 0x0000, 0x0000, 0x0000, 0x0000, 0x0000, 0x0000, 0x0000,
  0x8538, 0x95BA, 0x8D9A, 0x95DB, 0x5C76, 0x12EF, 0x3410, 0x5C94, 0x7CD7, 0x0021, 0x0000, 0x0000,
  0x0000, 0x0000, 0x0000, 0x0000, 0x9DDB, 0x9DDB, 0x9DFB, 0x95BA, 0x5C54, 0x22AF, 0x1AF0, 0x8578,
  0x9599, 0x10A3, 0x0000, 0x0000, 0x0000, 0x0000, 0x0000, 0x0000, 0x9DB9, 0xAE3C, 0x9DFB, 0x43B2,
  0x8D37, 0x74D6, 0x22CF, 0x9579, 0x9D99, 0x0841, 0x0000, 0x0000, 0x0000, 0x0000, 0x0000, 0x0000,
  0x63B0, 0xC6FF, 0x4BD3, 0x6C74, 0x9D98, 0x8D37, 0x4BD2, 0xBEBD, 0x638F, 0x0000, 0x2105, 0x2946,
  0x1082, 0x0000, 0x0000, 0x0000, 0x1082, 0x53F2, 0x026F, 0x5C34, 0x7CF6, 0xD71D, 0x8D99, 0x9536,
  0x39C8, 0xA497, 0xD5BD, 0xD5DE, 0xCD9C, 0x8413, 0x0882, 0x0000, 0x0000, 0x0020, 0x0148, 0x330F,
  0x4391, 0x3B30, 0x42CC, 0x41E9, 0xD59C, 0xE63F, 0xD5BD, 0xD5DD, 0xD59D, 0xECBC, 0xA394, 0x0861,
  0x0000, 0x0000, 0x0000, 0x0021, 0x0041, 0x0000, 0x0000, 0xAC97, 0xEE3F, 0xD5BC, 0xDDDD, 0xDDFD,
  0xD1B4, 0xC80E, 0xDB58, 0x630E, 0x0000, 0x0000, 0x0000, 0x0000, 0x0000, 0x0000, 0x2105, 0xDDDD,
  0xDDDD, 0xDDDC, 0xE63E, 0xC2D6, 0xB810, 0xD050, 0xD459, 0xB4F7, 0x0000, 0x0000, 0x0000, 0x0000,
  0x0000, 0x0000, 0x3146, 0xEE1D, 0xE5DC, 0xEE3D, 0xC459, 0x8931, 0xA8EF, 0xB950, 0xD55A, 0xCD59,
  0x0000, 0x0000, 0x0000, 0x0000, 0x0000, 0x0000, 0x1082, 0xDDBB, 0xF63D, 0xC4FA, 0x7213, 0x92F5,
  0x9150, 0xA232, 0xEE1D, 0xAC55, 0x0000, 0x0000, 0x0000, 0x0000, 0x0000, 0x0000, 0x0000, 0x9BD2,
  0xF63E, 0x49F2, 0x5A93, 0x8375, 0x5171, 0x9B76, 0xFE5E, 0x49C8, 0x0000, 0x0000, 0x0000, 0x0000,
  0x0000, 0x0000, 0x0000, 0x1082, 0x5A50, 0x3992, 0x4A33, 0x62F4, 0x5253, 0xC4D9, 0x7B0E, 0x0000,
  0x0000, 0x0000, 0x0000, 0x0000, 0x0000, 0x0000, 0x0000, 0x0000, 0x0000, 0x2909, 0x314E, 0x41F1,
  0x4A0F, 0x4187, 0x0000, 0x0000,
};

static const uint16_t A_HAL[256] PROGMEM = {
  0x0000, 0x0000, 0x0000, 0x0000, 0x0000, 0x0000, 0x0000, 0x0000, 0x0000, 0x0000, 0x0000, 0x0000,
  0x0000, 0x0000, 0x0000, 0x0000, 0x0000, 0x0000, 0x0000, 0x0000, 0x0000, 0x3064, 0x810A, 0x914D,
  0x696D, 0x390A, 0x5905, 0xA1A6, 0x40A2, 0x0000, 0x0000, 0x0000, 0x0000, 0x0000, 0x0000, 0x0000,
  0x70EA, 0xD992, 0xA971, 0x59F2, 0x5A32, 0x924F, 0xF28A, 0xFA89, 0xE248, 0x9986, 0x1841, 0x0000,
  0x0000, 0x0000, 0x0000, 0x60E9, 0xC9D3, 0xB9B1, 0xAC77, 0x5AF3, 0xA1CB, 0xFA67, 0xCA2B, 0x8A0E,
  0xC24B, 0xFAA9, 0x6924, 0x0000, 0x0000, 0x0000, 0x2063, 0xA1F2, 0x9990, 0xBBB5, 0xF7BF, 0xF7BF,
  0xECF4, 0xF248, 0xC24B, 0xA22D, 0xEA49, 0xD228, 0x2061, 0x0000, 0x0000, 0x0000, 0x4909, 0x99F2,
  0x89B1, 0xAC57, 0xBDBA, 0xFFFF, 0xFFFF, 0xFB8D, 0xFA48, 0xF268, 0xFA68, 0xDA07, 0x0000, 0x0000,
  0x0000, 0x0000, 0x594C, 0x81F2, 0x8A32, 0xE6BC, 0xFFBF, 0xFFDF, 0xFFFF, 0xD432, 0xDA08, 0x9A2D,
  0x8230, 0x69AB, 0x0000, 0x0000, 0x0000, 0x0000, 0x496C, 0x71D1, 0xAC77, 0xFFFF, 0xFFFF, 0xFFFF,
  0xFFFF, 0x83D6, 0x51B0, 0x5211, 0x5212, 0x398E, 0x0000, 0x0000, 0x0000, 0x0000, 0x3109, 0x69F2,
  0x7AB3, 0xCE1B, 0xFFDF, 0xFFFF, 0xFFFF, 0x83B5, 0x49B0, 0x5A11, 0x5A12, 0x416C, 0x0000, 0x0000,
  0x0000, 0x0000, 0x1063, 0x5190, 0x8BD6, 0xFFFF, 0xFFFF, 0xFFFF, 0xFFFF, 0x9C97, 0x4990, 0x5211,
  0x5A32, 0x2909, 0x0000, 0x0000, 0x0000, 0x0000, 0x0000, 0x28C8, 0x72F5, 0xAD18, 0xA4D8, 0xBDBA,
  0xFFFF, 0xC5DA, 0x49B0, 0x51F1, 0x51F0, 0x0842, 0x0000, 0x0000, 0x0000, 0x0000, 0x0000, 0x0000,
  0x28E8, 0x49B1, 0x4951, 0x8395, 0xFFFF, 0xCE5B, 0x51D1, 0x41AE, 0x20C6, 0x0000, 0x0000, 0x0000,
  0x0000, 0x0000, 0x0000, 0x0000, 0x0000, 0x1084, 0x312A, 0x5A31, 0xFFDF, 0xB539, 0x4990, 0x1084,
  0x0000, 0x0000, 0x0000, 0x0000, 0x0000, 0x0000, 0x0000, 0x0000, 0x0000, 0x0000, 0x0001, 0x6273,
  0xCE1C, 0x6272, 0x18A6, 0x0000, 0x0000, 0x0000, 0x0000, 0x0000, 0x0000, 0x0000, 0x0000, 0x0000,
  0x0000, 0x0000, 0x3109, 0x418D, 0x20C6, 0x0822, 0x0000, 0x0000, 0x0000, 0x0000, 0x0000, 0x0000,
  0x0000, 0x0000, 0x0000, 0x0000, 0x0000, 0x0000, 0x0842, 0x0000, 0x0000, 0x0000, 0x0000, 0x0000,
  0x0000, 0x0000, 0x0000, 0x0000,
};

static const uint16_t A_AAY[256] PROGMEM = {
  0x0000, 0x0000, 0x0000, 0x0000, 0x0000, 0x0000, 0x0000, 0x0000, 0x0000, 0x0000, 0x0000, 0x0000,
  0x0000, 0x0000, 0x0000, 0x0000, 0x0000, 0x0000, 0x0000, 0x0000, 0x0000, 0x0000, 0x0000, 0x0000,
  0x0000, 0x0000, 0x0000, 0x0000, 0x0000, 0x0000, 0x0000, 0x0000, 0x0000, 0x0000, 0x0000, 0x0000,
  0x0000, 0x0000, 0x0000, 0x0000, 0x0000, 0x0000, 0x0000, 0x0000, 0x0000, 0x0000, 0x0000, 0x0000,
  0x0000, 0x0000, 0x0000, 0x0000, 0x0000, 0x0000, 0x0000, 0x0820, 0x0820, 0x0000, 0x0000, 0x0000,
  0x0000, 0x0000, 0x0000, 0x0000, 0x0000, 0x0000, 0x0000, 0x0000, 0x0000, 0x4981, 0x0840, 0x3101,
  0x4141, 0x0000, 0x51A1, 0x0000, 0x0000, 0x0000, 0x0000, 0x0000, 0x0000, 0x0000, 0x0000, 0x59A1,
  0x0840, 0x51A1, 0x61E2, 0x5181, 0x61E2, 0x5181, 0x6A02, 0x0000, 0x59A1, 0x0000, 0x0000, 0x0000,
  0x0000, 0x1060, 0x0000, 0x20A0, 0xAB43, 0x3901, 0xBB83, 0x9AE3, 0x9B03, 0xBB83, 0x4141, 0xA303,
  0x3901, 0x0000, 0x1060, 0x0000, 0x0000, 0x20A0, 0x92E3, 0x3921, 0x8A82, 0xCBE4, 0xDC24, 0xF484,
  0xF484, 0xE464, 0xCBE4, 0x9B03, 0x30E1, 0x9AE3, 0x28C0, 0x0000, 0x1040, 0x0000, 0x1880, 0xC3A3,
  0xBB83, 0xFCC5, 0xFCE4, 0xFD04, 0xFD04, 0xFCC4, 0xFCC5, 0xC3A3, 0xCBE4, 0x28C0, 0x0000, 0x1040,
  0x28E0, 0x8AA2, 0x92E3, 0x8AC2, 0xFCC5, 0xF4C4, 0xF562, 0xFDE1, 0xFDE1, 0xF562, 0xF4C4, 0xFCC5,
  0x9AE3, 0x92C2, 0x8AA2, 0x3101, 0x0000, 0x0820, 0x7222, 0xEC84, 0xFD05, 0xFDA3, 0xFEA0, 0xFF00,
  0xFEE0, 0xFEC0, 0xFDC2, 0xFD05, 0xF4A4, 0x7A62, 0x1040, 0x0000, 0x4141, 0x61E2, 0x7A42, 0x9AE3,
  0xB383, 0xB421, 0xBCC0, 0xBCA0, 0xBCA0, 0xBCC0, 0xB421, 0xB383, 0x9B03, 0x7A42, 0x61E2, 0x4161,
  0x0020, 0x0000, 0x0000, 0x0000, 0x0000, 0x0000, 0x0000, 0x0000, 0x0000, 0x0000, 0x0000, 0x0000,
  0x0000, 0x0000, 0x0000, 0x0020, 0x0000, 0x0000, 0x0000, 0x0000, 0x0000, 0x0000, 0x0000, 0x0000,
  0x0000, 0x0000, 0x0000, 0x0000, 0x0000, 0x0000, 0x0000, 0x0000, 0x0000, 0x0000, 0x0000, 0x0000,
  0x0000, 0x0000, 0x0000, 0x0000, 0x0000, 0x0000, 0x0000, 0x0000, 0x0000, 0x0000, 0x0000, 0x0000,
  0x0000, 0x0000, 0x0000, 0x0000, 0x0000, 0x0000, 0x0000, 0x0000, 0x0000, 0x0000, 0x0000, 0x0000,
  0x0000, 0x0000, 0x0000, 0x0000,
};

static const uint16_t A_SCX[256] PROGMEM = {
  0x0000, 0x0000, 0x0000, 0x0000, 0x0000, 0x0000, 0x0000, 0x5982, 0x0000, 0x0000, 0x0000, 0x0000,
  0x0000, 0x0000, 0x0000, 0x0000, 0x0000, 0x0000, 0x0000, 0x0000, 0x0000, 0x3901, 0xAAE4, 0xAAC4,
  0x8A43, 0x8A63, 0x3901, 0x0000, 0x0840, 0x0000, 0x0000, 0x0000, 0x0000, 0x0000, 0x0840, 0x1860,
  0xAAE4, 0xF406, 0xFCA7, 0x9263, 0xC325, 0xFCA7, 0xF406, 0xDB85, 0x8223, 0x0000, 0x0000, 0x0000,
  0x0000, 0x0000, 0x8A43, 0x71E3, 0xEBE6, 0xEBE6, 0xB2E4, 0x9263, 0x9A83, 0xBB24, 0xE3C6, 0xC345,
  0x69C2, 0x1060, 0x0000, 0x0000, 0x0000, 0x0000, 0xAAC4, 0xE3E6, 0x4101, 0xC324, 0xAAE3, 0xA2E6,
  0xA2E6, 0xB304, 0xBB04, 0x5162, 0xFC87, 0x9263, 0x0000, 0x0000, 0x0000, 0x1860, 0xE3C6, 0xE3E6,
  0xBB24, 0x9AA4, 0x5AED, 0x730B, 0x832A, 0x328E, 0x9AE6, 0xD365, 0xDBC5, 0xEBE6, 0x1040, 0x0000,
  0x0000, 0x61A2, 0xFCA7, 0xCB45, 0xA2A3, 0x6B0C, 0x01F1, 0xB368, 0xFC64, 0x832A, 0x9308, 0x8A42,
  0xDBA5, 0xFC87, 0x9A84, 0x1040, 0x0000, 0x5982, 0xC365, 0xA2A4, 0x8242, 0x62AA, 0x0211, 0x0210,
  0x5AAB, 0xE3E7, 0x9A83, 0x61A2, 0x8223, 0x8223, 0x9263, 0x38E1, 0x3901, 0x9A84, 0x8A43, 0x8A43,
  0x7A03, 0xD364, 0x936A, 0x124F, 0x01F1, 0x124F, 0x8AC7, 0x9263, 0xAAE4, 0xD385, 0x61A2, 0x0000,
  0x0820, 0x9263, 0xFCA7, 0xD385, 0x8A63, 0x8309, 0xD3C6, 0xF425, 0x730B, 0x01F1, 0x52ED, 0x9AA3,
  0xCB45, 0xFCA7, 0x61A2, 0x0000, 0x0000, 0x1040, 0xEBE6, 0xCB65, 0xF405, 0x730B, 0x224E, 0xCBC6,
  0x9308, 0x1271, 0x7AC8, 0x9263, 0xE3E6, 0xE3C6, 0x1880, 0x0000, 0x0000, 0x0000, 0x9263, 0xFCA7,
  0x8223, 0xBB25, 0x8B09, 0x72EA, 0x72EA, 0x9B07, 0xE3C5, 0x4942, 0xBB04, 0xD365, 0x0000, 0x0000,
  0x0000, 0x0000, 0x1060, 0x7A03, 0x8A43, 0xE3A5, 0xBB04, 0xD364, 0x7A02, 0xB2E4, 0xDBA5, 0xFC67,
  0x61A2, 0x8243, 0x1040, 0x0000, 0x0000, 0x0000, 0x0000, 0x6182, 0xE3C6, 0xF426, 0xFC87, 0xDBA6,
  0x69C2, 0xFC67, 0xFC26, 0xAAE4, 0x1880, 0x0000, 0x0020, 0x0000, 0x0000, 0x0000, 0x0000, 0x1860,
  0x0000, 0x3901, 0x9263, 0xA2A4, 0x8223, 0xC345, 0x4121, 0x0000, 0x0000, 0x0000, 0x0000, 0x0000,
  0x0000, 0x0000, 0x0000, 0x0000, 0x0000, 0x0000, 0x0000, 0x0000, 0x4921, 0x2081, 0x0000, 0x0000,
  0x0000, 0x0000, 0x0000, 0x0000,
};

static const LogoAsset TEAM_LOGOS[] = {
  { "NFL:ARI", L_NFL_ARI, 16, 16 },
  { "NFL:ATL", L_NFL_ATL, 16, 16 },
  { "NFL:BAL", L_NFL_BAL, 16, 16 },
  { "NFL:BUF", L_NFL_BUF, 16, 16 },
  { "NFL:CAR", L_NFL_CAR, 16, 16 },
  { "NFL:CHI", L_NFL_CHI, 16, 16 },
  { "NFL:CIN", L_NFL_CIN, 16, 16 },
  { "NFL:CLE", L_NFL_CLE, 16, 16 },
  { "NFL:DAL", L_NFL_DAL, 16, 16 },
  { "NFL:DEN", L_NFL_DEN, 16, 16 },
  { "NFL:DET", L_NFL_DET, 16, 16 },
  { "NFL:GB", L_NFL_GB, 16, 16 },
  { "NFL:HOU", L_NFL_HOU, 16, 16 },
  { "NFL:IND", L_NFL_IND, 16, 16 },
  { "NFL:JAX", L_NFL_JAX, 16, 16 },
  { "NFL:KC", L_NFL_KC, 16, 16 },
  { "NFL:LV", L_NFL_LV, 16, 16 },
  { "NFL:LAC", L_NFL_LAC, 16, 16 },
  { "NFL:LAR", L_NFL_LAR, 16, 16 },
  { "NFL:MIA", L_NFL_MIA, 16, 16 },
  { "NFL:MIN", L_NFL_MIN, 16, 16 },
  { "NFL:NE", L_NFL_NE, 16, 16 },
  { "NFL:NO", L_NFL_NO, 16, 16 },
  { "NFL:NYG", L_NFL_NYG, 16, 16 },
  { "NFL:NYJ", L_NFL_NYJ, 16, 16 },
  { "NFL:PHI", L_NFL_PHI, 16, 16 },
  { "NFL:PIT", L_NFL_PIT, 16, 16 },
  { "NFL:SF", L_NFL_SF, 16, 16 },
  { "NFL:SEA", L_NFL_SEA, 16, 16 },
  { "NFL:TB", L_NFL_TB, 16, 16 },
  { "NFL:TEN", L_NFL_TEN, 16, 16 },
  { "NFL:WSH", L_NFL_WSH, 16, 16 },
  { "NBA:ATL", L_NBA_ATL, 16, 16 },
  { "NBA:BOS", L_NBA_BOS, 16, 16 },
  { "NBA:BKN", L_NBA_BKN, 16, 16 },
  { "NBA:CHA", L_NBA_CHA, 16, 16 },
  { "NBA:CHI", L_NBA_CHI, 16, 16 },
  { "NBA:CLE", L_NBA_CLE, 16, 16 },
  { "NBA:DAL", L_NBA_DAL, 16, 16 },
  { "NBA:DEN", L_NBA_DEN, 16, 16 },
  { "NBA:DET", L_NBA_DET, 16, 16 },
  { "NBA:GS", L_NBA_GS, 16, 16 },
  { "NBA:HOU", L_NBA_HOU, 16, 16 },
  { "NBA:IND", L_NBA_IND, 16, 16 },
  { "NBA:LAC", L_NBA_LAC, 16, 16 },
  { "NBA:LAL", L_NBA_LAL, 16, 16 },
  { "NBA:MEM", L_NBA_MEM, 16, 16 },
  { "NBA:MIA", L_NBA_MIA, 16, 16 },
  { "NBA:MIL", L_NBA_MIL, 16, 16 },
  { "NBA:MIN", L_NBA_MIN, 16, 16 },
  { "NBA:NO", L_NBA_NO, 16, 16 },
  { "NBA:NY", L_NBA_NY, 16, 16 },
  { "NBA:OKC", L_NBA_OKC, 16, 16 },
  { "NBA:ORL", L_NBA_ORL, 16, 16 },
  { "NBA:PHI", L_NBA_PHI, 16, 16 },
  { "NBA:PHX", L_NBA_PHX, 16, 16 },
  { "NBA:POR", L_NBA_POR, 16, 16 },
  { "NBA:SAC", L_NBA_SAC, 16, 16 },
  { "NBA:SA", L_NBA_SA, 16, 16 },
  { "NBA:TOR", L_NBA_TOR, 16, 16 },
  { "NBA:UTAH", L_NBA_UTAH, 16, 16 },
  { "NBA:WSH", L_NBA_WSH, 16, 16 },
  { "MLB:ARI", L_MLB_ARI, 16, 16 },
  { "MLB:ATL", L_MLB_ATL, 16, 16 },
  { "MLB:BAL", L_MLB_BAL, 16, 16 },
  { "MLB:BOS", L_MLB_BOS, 16, 16 },
  { "MLB:CHC", L_MLB_CHC, 16, 16 },
  { "MLB:CHW", L_MLB_CHW, 16, 16 },
  { "MLB:CIN", L_MLB_CIN, 16, 16 },
  { "MLB:CLE", L_MLB_CLE, 16, 16 },
  { "MLB:COL", L_MLB_COL, 16, 16 },
  { "MLB:DET", L_MLB_DET, 16, 16 },
  { "MLB:HOU", L_MLB_HOU, 16, 16 },
  { "MLB:KC", L_MLB_KC, 16, 16 },
  { "MLB:LAA", L_MLB_LAA, 16, 16 },
  { "MLB:LAD", L_MLB_LAD, 16, 16 },
  { "MLB:MIA", L_MLB_MIA, 16, 16 },
  { "MLB:MIL", L_MLB_MIL, 16, 16 },
  { "MLB:MIN", L_MLB_MIN, 16, 16 },
  { "MLB:NYM", L_MLB_NYM, 16, 16 },
  { "MLB:NYY", L_MLB_NYY, 16, 16 },
  { "MLB:OAK", L_MLB_OAK, 16, 16 },
  { "MLB:PHI", L_MLB_PHI, 16, 16 },
  { "MLB:PIT", L_MLB_PIT, 16, 16 },
  { "MLB:SD", L_MLB_SD, 16, 16 },
  { "MLB:SF", L_MLB_SF, 16, 16 },
  { "MLB:SEA", L_MLB_SEA, 16, 16 },
  { "MLB:STL", L_MLB_STL, 16, 16 },
  { "MLB:TB", L_MLB_TB, 16, 16 },
  { "MLB:TEX", L_MLB_TEX, 16, 16 },
  { "MLB:TOR", L_MLB_TOR, 16, 16 },
  { "MLB:WSH", L_MLB_WSH, 16, 16 },
  { "NHL:ANA", L_NHL_ANA, 16, 16 },
  { "NHL:BOS", L_NHL_BOS, 16, 16 },
  { "NHL:BUF", L_NHL_BUF, 16, 16 },
  { "NHL:CGY", L_NHL_CGY, 16, 16 },
  { "NHL:CAR", L_NHL_CAR, 16, 16 },
  { "NHL:CHI", L_NHL_CHI, 16, 16 },
  { "NHL:COL", L_NHL_COL, 16, 16 },
  { "NHL:CBJ", L_NHL_CBJ, 16, 16 },
  { "NHL:DAL", L_NHL_DAL, 16, 16 },
  { "NHL:DET", L_NHL_DET, 16, 16 },
  { "NHL:EDM", L_NHL_EDM, 16, 16 },
  { "NHL:FLA", L_NHL_FLA, 16, 16 },
  { "NHL:LA", L_NHL_LA, 16, 16 },
  { "NHL:MIN", L_NHL_MIN, 16, 16 },
  { "NHL:MTL", L_NHL_MTL, 16, 16 },
  { "NHL:NSH", L_NHL_NSH, 16, 16 },
  { "NHL:NJ", L_NHL_NJ, 16, 16 },
  { "NHL:NYI", L_NHL_NYI, 16, 16 },
  { "NHL:NYR", L_NHL_NYR, 16, 16 },
  { "NHL:OTT", L_NHL_OTT, 16, 16 },
  { "NHL:PHI", L_NHL_PHI, 16, 16 },
  { "NHL:PIT", L_NHL_PIT, 16, 16 },
  { "NHL:SJ", L_NHL_SJ, 16, 16 },
  { "NHL:SEA", L_NHL_SEA, 16, 16 },
  { "NHL:STL", L_NHL_STL, 16, 16 },
  { "NHL:TB", L_NHL_TB, 16, 16 },
  { "NHL:TOR", L_NHL_TOR, 16, 16 },
  { "NHL:VAN", L_NHL_VAN, 16, 16 },
  { "NHL:VGK", L_NHL_VGK, 16, 16 },
  { "NHL:WSH", L_NHL_WSH, 16, 16 },
  { "NHL:WPG", L_NHL_WPG, 16, 16 },
};

static const LogoAsset AIRLINE_LOGOS[] = {
  { "AAL", A_AAL, 16, 16 },
  { "DAL", A_DAL, 16, 16 },
  { "UAL", A_UAL, 16, 16 },
  { "SWA", A_SWA, 16, 16 },
  { "JBU", A_JBU, 16, 16 },
  { "NKS", A_NKS, 16, 16 },
  { "FFT", A_FFT, 16, 16 },
  { "SKW", A_SKW, 16, 16 },
  { "ASA", A_ASA, 16, 16 },
  { "HAL", A_HAL, 16, 16 },
  { "AAY", A_AAY, 16, 16 },
  { "SCX", A_SCX, 16, 16 },
};
